Locality,Location Name,Address Full,Address Line,Address City,Address State,Address Zip,Precincts (Or Locality-wide),Is Drop Off,Is Early Voting,Schedules,Google Address,City,County,State Long,State,Latitude,Longitude,NE Latitude,NE Longitude,SW Latitude,SW Longitude,Review Required,Problem,Duplicate
KENT,ALLEN FREAR ELEM SCHOOL,"238 SORGHUM MILL RD CAMDEN WYOMING, DE 19934",,,,,"32-10 - 7 (3210), 34-08 - 7 (3408)",false,False,,"238 Sorghum Mill Rd, Dover, DE 19901, USA",DOVER,KENT,DELAWARE,DE,39.10099200000001,-75.51124999999999,,,,,False,,False
KENT,BOOKER T WASHINGTON ELEM SCHOOL,"901 FOREST ST DOVER, DE 19904",,,,,31-05 - 8 (3105),false,False,,"901 Forest St, Dover, DE 19904, USA",DOVER,KENT,DELAWARE,DE,39.1598272,-75.5381328,39.1602076,-75.5378983,39.1593024,-75.5399659,False,,False
KENT,BPOE #1903 ELKS LODGE,"200 S SAULSBURY RD DOVER, DE 19904",,,,,"31-03 - 8 (3103), 31-04 - 8 (3104)",false,False,,"200 S Saulsbury Rd, Dover, DE 19904, USA",DOVER,KENT,DELAWARE,DE,39.1632899,-75.54495399999999,,,,,False,,False
KENT,CAESAR RODNEY HIGH SCHOOL,"239 OLD NORTH RD CAMDEN WYOMING, DE 19934",,,,,34-07 - 7 (3407),false,False,,"239 Old North Rd, Camden, DE 19934, USA",CAMDEN,KENT,DELAWARE,DE,39.118578,-75.541317,39.119327,-75.5398426,39.1176332,-75.54219429999999,False,,False
KENT,CENTRAL ELEM SCHOOL,"5424 KILLENS POND RD FELTON, DE 19943",,,,,"30-08 - 9 (3008), 30-09 - 9 (3009), 33-04 - 9 (3304), 33-04 - 7 (3304)",false,False,,"5424 Killens Pond Rd, Felton, DE 19943, USA",FELTON,KENT,DELAWARE,DE,38.9900828,-75.5525066,38.9905482,-75.55161439999999,38.9897295,-75.5534306,False,,False
KENT,CENTRAL MIDDLE SCHOOL,"211 DELAWARE AVE DOVER, DE 19901",,,,,31-08 - 8 (3108),false,False,,"211 Delaware Ave, Dover, DE 19901, USA",DOVER,KENT,DELAWARE,DE,39.1644302,-75.52309919999999,39.1647646,-75.5227202,39.1641821,-75.5235727,False,,False
KENT,CHESWOLD FIRE HALL,"371 MAIN ST CHESWOLD, DE 19936",,,,,"29-03 - 6 (2903), 29-06 - 8 (2906)",false,False,,"371 Main St, Cheswold, DE 19936, USA",CHESWOLD,KENT,DELAWARE,DE,39.2205731,-75.5843653,39.2208896,-75.58409329999999,39.2202644,-75.58472069999999,False,,False
KENT,CLAYTON FIRE HOUSE,"300 EAST ST CLAYTON, DE 19938",,,,,"11-14 - 06 (1114), 28-02 - 6 (2802)",false,False,,"300 East St, Clayton, DE 19938, USA",CLAYTON,KENT,DELAWARE,DE,39.2918565,-75.6344017,39.2920683,-75.6341259,39.2917164,-75.63471129999999,False,,False
KENT,CLAYTON INTERMEDIATE SCHOOL,"86 SORRENTO DR CLAYTON, DE 19938",,,,,"11-05 - 6 (1105), 29-01 - 6 (2901)",false,False,,"86 Sorrento Dr, Clayton, DE 19938, USA",CLAYTON,KENT,DELAWARE,DE,39.2713559,-75.6465762,,,,,False,,False
KENT,DEL TECH CORP TRAINING CENTER,"400 CAMPUS DR DOVER, DE 19904",,,,,"28-12 - 08 (2812), 28-11 - 8 (2811), 29-09 - 8 (2909), 29-07 - 8 (2907)",false,False,,"400 Campus Dr, Dover, DE 19901, USA",DOVER,KENT,DELAWARE,DE,39.19757999999999,-75.559784,39.1978878,-75.55918550000001,39.1974143,-75.56047699999999,False,,False
KENT,DOVER HIGH SCHOOL,"1 DOVER HIGH DR DOVER, DE 19904",,,,,"29-12 - 07 (2912), 29-11 - 07 (2911), 11-10 - 7 (1110), 11-10 - 8 (1110), 29-11 - 8 (2911), 31-06 - 8 (3106), 29-12 - 8 (2912)",false,False,,"1 Dover High Dr, Dover, DE 19904, USA",DOVER,KENT,DELAWARE,DE,39.1567034,-75.5733371,39.1570069,-75.57225369999999,39.1562351,-75.5746181,False,,False
KENT,EAST DOVER ELEM SCHOOL,"852 S LITTLE CREEK RD DOVER, DE 19901",,,,,"32-12 - 08 (3212), 32-07 - 8 (3207), 32-01 - 8 (3201)",false,False,,"852 S Little Creek Rd, Dover, DE 19901, USA",DOVER,KENT,DELAWARE,DE,39.1562766,-75.5050131,39.1566025,-75.5037607,39.1557879,-75.505642,False,,False
KENT,F NIEL POSTLETHWAIT SCHOOL,"2841 S STATE ST CAMDEN WYOMING, DE 19934",,,,,"32-11 - 7 (3211), 34-10 - 7 (3410)",false,False,,"2841 S State St, Camden Wyoming, DE 19934, USA",RISING SUN-LEBANON,KENT,DELAWARE,DE,39.099829,-75.51147379999999,39.100578,-75.5111156,39.099408,-75.5121836,False,,False
KENT,FAIRVIEW ELEM SCHOOL,"700 WALKER RD DOVER, DE 19904",,,,,31-01 - 8 (3101),false,False,,"700 Walker Rd, Dover, DE 19904, USA",DOVER,KENT,DELAWARE,DE,39.1699955,-75.5392245,39.1706408,-75.538989,39.16959019999999,-75.5398302,False,,False
KENT,FARMINGTON FIRE HALL,"20920 S DUPONT HWY FARMINGTON, DE 19950",,,,,"30-15 - 09 (3015), 30-15 - 16 (3015), 30-16 - 16 (3016), 30-16 - 10 (3016), 30-16 - 09 (3016)",false,False,,"20920 S Dupont Hwy, Greenwood, DE 19950, USA",GREENWOOD,KENT,DELAWARE,DE,38.87030379999999,-75.57597489999999,38.87051719999999,-75.575574,38.8701268,-75.5761435,False,,False
KENT,FEDERAL VOTING DISTRICT - KENT,"100 ENTERPRISE PL, STE 5 DOVER, DE 19904",,,,,31-16 - 8 (3116),false,False,,"100 Enterprise Pl STE 5, Dover, DE 19904, USA",DOVER,KENT,DELAWARE,DE,39.1530624,-75.5479333,,,,,False,,False
KENT,FELTON FIRE HALL,"9 E MAIN ST FELTON, DE 19943",,,,,"30-05 - 07 (3005), 30-07 - 9 (3007), 30-05 - 9 (3005)",false,False,,"9 E Main St, Felton, DE 19943, USA",FELTON,KENT,DELAWARE,DE,39.0086587,-75.57547459999999,39.0089047,-75.5752205,39.0084331,-75.57573579999999,False,,False
KENT,FRED FIFER MIDDLE SCHOOL,"109 E CAM-WYO AVE CAMDEN WYOMING, DE 19934",,,,,30-03 - 7 (3003),false,False,,"Camden Wyoming, Camden, DE 19934, USA",CAMDEN,KENT,DELAWARE,DE,39.1136442,-75.5505719,,,,,True,Unexpected address size change,False
KENT,FREDERICA FIRE HALL,"6 FRONT ST FREDERICA, DE 19946",,,,,"33-09 - 09 (3309), 33-09 - 10 (3309)",false,False,,"6 Front St, Frederica, DE 19946, USA",FREDERICA,KENT,DELAWARE,DE,39.008907,-75.46640200000002,39.00901169999999,-75.46635359999999,39.0088322,-75.4664748,False,,False
KENT,FREDERICA SENIOR CENTER,"216 MARKET ST FREDERICA, DE 19946",,,,,"33-05 - 07 (3305), 33-05 - 9 (3305), 33-05 - 10 (3305)",false,True,,"216 Market St, Frederica, DE 19946, USA",FREDERICA,KENT,DELAWARE,DE,39.006096,-75.46546909999999,39.0062399,-75.4652809,39.0060062,-75.4657218,False,,False
KENT,HARRINGTON FIRE HALL,"20 CLARK ST HARRINGTON, DE 19952",,,,,"30-13 - 09 (3013), 30-13 - 16 (3013), 30-11 - 16 (3011), 30-12 - 9 (3012), 30-12 - 10 (3012), 30-11 - 9 (3011)",false,False,,"20 Clark St, Harrington, DE 19952, USA",HARRINGTON,KENT,DELAWARE,DE,38.9246676,-75.57597489999999,38.9248684,-75.5756061,38.9241251,-75.576267,False,,False
KENT,HARTLY FIRE HALL,"2898 ARTHURSVILLE RD HARTLY, DE 19953",,,,,"11-08 - 6 (1108), 11-06 - 8 (1106), 11-06 - 6 (1106), 11-08 - 8 (1108)",false,False,,"2898 Arthursville Rd, Hartly, DE 19953, USA",HARTLY,KENT,DELAWARE,DE,39.1693132,-75.7127071,39.1694358,-75.7123086,39.1691175,-75.71303499999999,False,,False
KENT,HOUSTON FIRE HALL,"143 BROAD ST HOUSTON, DE 19954",,,,,"30-17 - 10 (3017), 33-12 - 10 (3312), 33-11 - 10 (3311), 30-14 - 09 (3014), 30-14 - 10 (3014)",false,True,,"143 Broad St, Houston, DE 19954, USA",HOUSTON,KENT,DELAWARE,DE,38.9177216,-75.50533159999999,38.9179191,-75.5051546,38.9176191,-75.5055752,False,,False
KENT,JOHN W.PITTS REC CENTER,"10 ELECTRIC AVE DOVER, DE 19904",,,,,"31-10 - 07 (3110), 31-10 - 8 (3110)",false,False,,"10 Electric Ave, Dover, DE 19904, USA",DOVER,KENT,DELAWARE,DE,39.149376,-75.556147,39.1495772,-75.55585090000001,39.1490747,-75.556507,False,,False
KENT,KENTON RURITAN CLUB,"249 S MAIN ST KENTON, DE 19955",,,,,"11-13 - 06 (1113), 11-12 - 06 (1112), 11-07 - 6 (1107), 11-07 - 8 (1107)",false,False,,"249 S, 249 Main St, Kenton, DE 19955, USA",KENTON,KENT,DELAWARE,DE,39.2251105,-75.6671288,39.2252484,-75.6669819,39.22496350000001,-75.6672791,False,,False
KENT,LAKE FOREST HIGH SCHOOL,"5407 KILLENS POND RD FELTON, DE 19943",,,,,"33-06 - 9 (3306), 30-10 - 9 (3010)",false,False,,"5407 Killens Pond Rd, Felton, DE 19943, USA",FELTON,KENT,DELAWARE,DE,38.9847907,-75.55168789999999,38.9893371,-75.54724929999999,38.981072,-75.5545708,False,,False
KENT,LEIPSIC FIRE HALL,"318 MAIN ST DOVER, DE 19901",,,,,"28-08 - 06 (2808), 28-08 - 8 (2808), 28-09 - 8 (2809), 28-10 - 8 (2810)",false,False,,"318 Main St, Dover, DE 19901, USA",DOVER,KENT,DELAWARE,DE,39.1652126,-75.4472801,,,,,False,,False
KENT,LITTLE CREEK FIRE HALL,"311 MAIN ST LITTLE CREEK, DE 19961",,,,,"28-14 - 8 (2814), 32-06 - 8 (3206), 32-09 - 8 (3209), 32-08 - 8 (3208), 32-06 - 7 (3206), 32-09 - 7 (3209), 32-08 - 7 (3208)",false,False,,"Little Creek, DE 19961, USA",LITTLE CREEK,KENT,DELAWARE,DE,39.166911,-75.44792199999999,,,,,True,Unexpected address size change,False
KENT,MAGNOLIA FIRE HALL,"2 N MAIN ST MAGNOLIA, DE 19962",,,,,"33-02 - 7 (3302), 33-03 - 9 (3303), 33-03 - 7 (3303)",false,False,,"2 North Main Street, Magnolia, DE 19962, USA",MAGNOLIA,KENT,DELAWARE,DE,39.0718591,-75.4759363,39.0720637,-75.4756553,39.0716906,-75.4761932,False,,False
KENT,MARYDEL FIRE HALL,"110 FIREHOUSE LN MARYDEL, DE 19964",,,,,"30-01 - 08 (3001), 11-09 - 8 (1109), 11-09 - 7 (1109), 30-01 - 7 (3001), 30-01 - 9 (3001)",false,False,,"110 Firehouse Ln, Marydel, DE 19964, USA",MARYDEL,KENT,DELAWARE,DE,39.114049,-75.74464429999999,39.1143073,-75.7444134,39.1138342,-75.7449372,False,,False
KENT,MILFORD HIGH SCHOOL,"1019 N WALNUT ST MILFORD, DE 19963",,,,,"33-10 - 10 (3310), 33-10 - 9 (3310), 33-08 - 10 (3308), 33-07 - 10 (3307), 33-07 - 9 (3307)",false,False,,"1019 N Walnut St, Milford, DE 19963, USA",MILFORD,KENT,DELAWARE,DE,38.9299782,-75.4277355,38.9303661,-75.42612129999999,38.9288043,-75.42822869999999,False,,False
KENT,NELLIE H STOKES ELEM SCHOOL,"3874 UPPER KING RD DOVER, DE 19904",,,,,"34-02 - 7 (3402), 34-03 - 7 (3403)",false,False,,"3874 Upper King Rd, Camden, DE 19934, USA",CAMDEN,KENT,DELAWARE,DE,39.1008104,-75.5526886,39.1014926,-75.55244309999999,39.1005185,-75.5534376,False,,False
KENT,NOBLES POND CLUBHOUSE,"13 NOBLES POND CROSSING DOVER, DE 19904",,,,,"29-05 - 06 (2905), 29-04 - 8 (2904), 29-04 - 6 (2904), 29-05 - 8 (2905)",false,False,,"13 Nobles Pond Crossing, Dover, DE 19904, USA",DOVER,KENT,DELAWARE,DE,39.2065336,-75.5777939,39.2067926,-75.5772922,39.2062226,-75.5781982,False,,False
KENT,NORTH DOVER ELEM SCHOOL,"855 COLLEGE RD DOVER, DE 19904",,,,,31-02 - 8 (3102),false,False,,"855 College Rd, Dover, DE 19904, USA",DOVER,KENT,DELAWARE,DE,39.1789806,-75.55377709999999,,,,,False,,False
KENT,POLYTECH HIGH SCHOOL,"823 WALNUT SHADE RD WOODSIDE, DE 19980",,,,,"34-11 - 7 (3411), 34-06 - 7 (3406), 34-05 - 7 (3405), 34-06 - 9 (3406)",false,False,,"823 Walnut Shade Rd, Woodside, DE 19980, USA",WOODSIDE,KENT,DELAWARE,DE,39.0728331,-75.5462135,,,,,False,,False
KENT,RURITAN CLUB VIOLA,"29 RURITAN LN VIOLA, DE 19979",,,,,"30-06 - 07 (3006), 30-04 - 07 (3004), 33-01 - 7 (3301), 30-04 - 9 (3004), 30-06 - 9 (3006), 33-01 - 9 (3301), 34-04 - 7 (3404), 34-04 - 9 (3404)",false,False,,"29 Ruritan Ln, Viola, DE 19979, USA",VIOLA,KENT,DELAWARE,DE,39.0435497,-75.5667539,39.0436811,-75.5666136,39.0434394,-75.5668209,False,,False
KENT,SMYRNA ELEMENTARY SCHOOL,"121 S SCHOOL LN SMYRNA, DE 19977",,,,,"28-05 - 6 (2805), 28-06 - 6 (2806)",false,False,,"121 S School Ln, Smyrna, DE 19977, USA",SMYRNA,KENT,DELAWARE,DE,39.295718,-75.6082148,,,,,False,,False
KENT,SMYRNA MIDDLE SCHOOL,"700  DUCK CREEK PKWY SMYRNA, DE 19977",,,,,"28-03 - 6 (2803), 28-04 - 6 (2804)",false,False,,"700 Duck Creek Pkwy, Smyrna, DE 19977, USA",SMYRNA,KENT,DELAWARE,DE,39.30278029999999,-75.6236275,39.3036189,-75.62248869999999,39.3019861,-75.6246178,False,,False
KENT,SOUTH DOVER ELEM SCHOOL,"955 S STATE ST DOVER, DE 19901",,,,,"31-09 - 8 (3109), 32-02 - 8 (3202)",false,False,,"955 S State St, Dover, DE 19901, USA",DOVER,KENT,DELAWARE,DE,39.1483897,-75.519404,39.1486594,-75.5187313,39.1481243,-75.5199806,False,,False
KENT,STARHILL ELEM SCHOOL,"594 VOSHELLS MILL STAR HILL RD DOVER, DE 19901",,,,,34-09 - 7 (3409),false,False,,"594 Voshells Mill Star Hill Rd, Dover, DE 19901, USA",DOVER,KENT,DELAWARE,DE,39.0995158,-75.5335818,39.0999469,-75.53264089999999,39.099101,-75.53424989999999,False,,False
KENT,STATE FIRE SCHOOL,"1461 CHESTNUT GROVE RD DOVER, DE 19904",,,,,"11-11 - 08 (1111), 29-10 - 08 (2910), 29-08 - 8 (2908)",false,False,,"1461 Chestnut Grove Rd, Dover, DE 19904, USA",DOVER,KENT,DELAWARE,DE,39.1689576,-75.5922549,39.1692693,-75.59172559999999,39.1684437,-75.5929568,False,,False
KENT,SUNNYSIDE ELEM SCHOOL,"123 RABBIT CHASE LN SMYRNA, DE 19977",,,,,"28-07 - 6 (2807), 29-02 - 6 (2902)",false,False,,"123 Rabbit Chase Ln, Smyrna, DE 19977, USA",SMYRNA,KENT,DELAWARE,DE,39.2739561,-75.6108519,39.2744647,-75.6102353,39.2733076,-75.61167569999999,False,,False
KENT,TOWNE POINT ELEM SCHOOL,"629 BUCKSON DR DOVER, DE 19901",,,,,28-13 - 8 (2813),false,False,,"629 Buckson Dr, Dover, DE 19901, USA",DOVER,KENT,DELAWARE,DE,39.1783394,-75.5214829,39.17962480000001,-75.519824,39.1767843,-75.522717,False,,False
KENT,W B SIMPSON ELEM SCHOOL,"5 OLD NORTH RD CAMDEN WYOMING, DE 19934",,,,,"34-01 - 7 (3401), 32-04 - 7 (3204)",false,False,,"5 Old North Rd, Wyoming, DE 19934, USA",WYOMING,KENT,DELAWARE,DE,39.11977110000001,-75.5501414,39.1202149,-75.5493205,39.1195122,-75.5511123,False,,False
KENT,W REILY BROWN ELEM SCHOOL,"360 WEBBS LN DOVER, DE 19901",,,,,"32-05 - 7 (3205), 32-03 - 8 (3203), 32-05 - 8 (3205), 32-03 - 7 (3203)",false,False,,"360 Webbs Ln, Dover, DE 19904, USA",DOVER,KENT,DELAWARE,DE,39.130704,-75.538659,,,,,False,,False
KENT,WILLIAM HENRY MIDDLE SCHOOL,"65 CARVER RD DOVER, DE 19904",,,,,31-07 - 8 (3107),false,False,,"65 Carver Rd, Dover, DE 19904, USA",DOVER,KENT,DELAWARE,DE,39.1600441,-75.5385093,,,,,False,,False
KENT,WILLOW GROVE CHURCH OF GOD,"90 HONEYSUCKLE RD CAMDEN WYOMING, DE 19934",,,,,"30-02 - 07 (3002), 30-02 - 9 (3002)",false,False,,,,,,,,,,,,,True,"Missing city from Google [{'address_components': [{'long_name': '90', 'short_name': '90', 'types': ['street_number']}, {'long_name': 'Road 228', 'short_name': 'Rd 228', 'types': ['route']}, {'long_name': 'Camden Wyoming', 'short_name': 'Camden Wyoming', 'types': ['neighborhood', 'political']}, {'long_name': 'Kent County', 'short_name': 'Kent County', 'types': ['administrative_area_level_2', 'political']}, {'long_name': 'Delaware', 'short_name': 'DE', 'types': ['administrative_area_level_1', 'political']}, {'long_name': 'United States', 'short_name': 'US', 'types': ['country', 'political']}, {'long_name': '19934', 'short_name': '19934', 'types': ['postal_code']}, {'long_name': '3432', 'short_name': '3432', 'types': ['postal_code_suffix']}], 'formatted_address': '90 Rd 228, Camden Wyoming, DE 19934, USA', 'geometry': {'bounds': {'northeast': {'lat': 39.0724993, 'lng': -75.6277983}, 'southwest': {'lat': 39.0721387, 'lng': -75.6280857}}, 'location': {'lat': 39.07228870000001, 'lng': -75.6279464}, 'location_type': 'ROOFTOP', 'viewport': {'northeast': {'lat': 39.0736537302915, 'lng': -75.6265930197085}, 'southwest': {'lat': 39.0709557697085, 'lng': -75.6292909802915}}}, 'place_id': 'ChIJZ5DQQvGBuIkRJLGpxwfoQNU', 'types': ['premise']}]",False
KENT,X - not provided,100 Enterprise Place Ste 5  Dover DE ,100 Enterprise Place Ste 5 ,Dover,DE,,Locality wide location,true,false,,"100 Enterprise Pl STE 5, Dover, DE 19904, USA",DOVER,KENT,DELAWARE,DE,39.1530624,-75.5479333,,,,,False,,False
KENT,X - not provided,905 S Governors Ave Ste 170  Dover DE ,905 S Governors Ave Ste 170 ,Dover,DE,,Locality wide location,true,false,,"905 S Governors Ave #170, Dover, DE 19904, USA",DOVER,KENT,DELAWARE,DE,39.1461196,-75.5248829,,,,,False,,False
NEW CASTLE,A I DUPONT HIGH SCHOOL,"50 HILLSIDE RD WILMINGTON, DE 19807",,,,,12-09 - 5 (1209),false,False,,"50 Hillside Rd, Wilmington, DE 19807, USA",WILMINGTON,NEW CASTLE,DELAWARE,DE,39.7776006,-75.60098529999999,39.7779423,-75.6005454,39.7769949,-75.60258139999999,False,,False
NEW CASTLE,ACTIVITY CENTER AT HOCKESSIN PAL,"7259 LANCASTER PIKE HOCKESSIN, DE 19707",,,,,"22-12 - 5 (2212), 22-07 - 5 (2207)",false,False,,"Hockessin II, 7259 Lancaster Pike, Hockessin, DE 19707, USA",HOCKESSIN,NEW CASTLE,DELAWARE,DE,39.7872928,-75.68852389999999,39.787728,-75.6879541,39.7869766,-75.6891301,False,,False
NEW CASTLE,ALAPOCAS RUN ST PARK - BLUE BALL BARN,"1914 WEST PARK DR WILMINGTON, DE 19803",,,,,"04-02 - 2 (0402), 04-02 - 5 (0402)",false,False,,"1914 W Park Dr, Wilmington, DE 19803, USA",WILMINGTON,NEW CASTLE,DELAWARE,DE,39.7764269,-75.5452744,39.7765484,-75.5451386,39.7762896,-75.5456665,False,,False
NEW CASTLE,ALDERSGATE METHODIST CHURCH,"2313 CONCORD PIKE WILMINGTON, DE 19803",,,,,12-02 - 2 (1202),false,False,,"2313 Concord Pike, Wilmington, DE 19803, USA",WILMINGTON,NEW CASTLE,DELAWARE,DE,39.7929713,-75.5461387,39.7932606,-75.54570269999999,39.7928021,-75.546543,False,,False
NEW CASTLE,APPOQUINIMINK HIGH SCHOOL,"1080 BUNKER HILL RD MIDDLETOWN, DE 19709",,,,,"08-02 - 1 (0802), 08-11 - 01 (0811)",false,False,,"1080 Bunker Hill Rd, Middletown, DE 19709, USA",MIDDLETOWN,NEW CASTLE,DELAWARE,DE,39.4537305,-75.7488085,,,,,False,,False
NEW CASTLE,APPOQUINIMINK LIBRARY,"204 E MAIN ST MIDDLETOWN, DE 19709",,,,,08-03 - 1 (0803),false,False,,"204 E Main St, Middletown, DE 19709, USA",MIDDLETOWN,NEW CASTLE,DELAWARE,DE,39.4499024,-75.7123889,,,,,False,,False
NEW CASTLE,B'NAI B'RITH HOUSE,"8000 SOCIETY DR CLAYMONT, DE 19703",,,,,07-12 - 02 (0712),false,False,,"8000 Society Dr, Claymont, DE 19703, USA",CLAYMONT,NEW CASTLE,DELAWARE,DE,39.8200359,-75.4578685,39.8205595,-75.4575031,39.8198993,-75.45831799999999,False,,False
NEW CASTLE,BALTZ ELEMENTARY SCHOOL,"1500 SPRUCE AVE WILMINGTON, DE 19805",,,,,"13-13 - 5 (1313), 13-01 - 5 (1301), 13-13 - 3 (1313)",false,False,,"1500 Spruce Ave, Wilmington, DE 19805, USA",WILMINGTON,NEW CASTLE,DELAWARE,DE,39.7434365,-75.5996212,39.7444715,-75.5988325,39.7432137,-75.6003771,False,,False
NEW CASTLE,BEAR LIBRARY,"101 GOVERNORS PL BEAR, DE 19701",,,,,"05-04 - 3 (0504), 05-05 - 3 (0505), 18-03 - 4 (1803), 18-03 - 3 (1803)",false,False,,"101 Governors Pl, Bear, DE 19701, USA",BEAR,NEW CASTLE,DELAWARE,DE,39.6354558,-75.6601749,39.6357449,-75.6597199,39.6351513,-75.6604527,False,,False
NEW CASTLE,BLACKBIRD COMMUNITY CENTER,"120 BLACKBIRD FOREST RD TOWNSEND, DE 19734",,,,,"09-09 - 6 (0909), 09-09 - 1 (0909), 11-04 - 1 (1104), 11-04 - 6 (1104), 28-01 - 06 (2801)",false,False,,"120 Blackbird Forest Rd, Townsend, DE 19734, USA",TOWNSEND,NEW CASTLE,DELAWARE,DE,39.3696859,-75.6611066,39.3698041,-75.6609416,39.369586,-75.66124239999999,False,,False
NEW CASTLE,BRADER ELEMENTARY SCHOOL,"350 FOUR SEASONS PKY NEWARK, DE 19702",,,,,"25-06 - 3 (2506), 25-10 - 03 (2510)",false,False,,"350 Four Seasons Pkwy, Newark, DE 19702, USA",NEWARK,NEW CASTLE,DELAWARE,DE,39.6254856,-75.7535927,39.6259039,-75.7528572,39.6249096,-75.7541858,False,,False
NEW CASTLE,BRANDYWINE HIGH SCHOOL,"1400 FOULK RD WILMINGTON, DE 19803",,,,,06-10 - 2 (0610),false,False,,"1400 Foulk Rd, Wilmington, DE 19803, USA",WILMINGTON,NEW CASTLE,DELAWARE,DE,39.7998495,-75.52084599999999,39.8008966,-75.5201647,39.7991935,-75.521711,False,,False
NEW CASTLE,BRANDYWINE HUNDRED FIRE CO #1,"1006 BRANDYWINE BLVD WILMINGTON, DE 19809",,,,,06-08 - 2 (0608),false,False,,"1006 Brandywine Blvd, Wilmington, DE 19809, USA",WILMINGTON,NEW CASTLE,DELAWARE,DE,39.7670054,-75.4989039,39.7672229,-75.49860579999999,39.7667714,-75.4991589,False,,False
NEW CASTLE,BRANDYWINE SPRINGS SCHOOL,"2916 DUNCAN RD WILMINGTON, DE 19808",,,,,19-03 - 5 (1903),false,False,,"2916 Duncan Rd, Wilmington, DE 19808, USA",WILMINGTON,NEW CASTLE,DELAWARE,DE,39.7463338,-75.6527639,,,,,False,,False
NEW CASTLE,BRANDYWINE TOWN CTR COMMUNITY CTR,"4050 BRANDYWINE PKWY WILMINGTON, DE 19803",,,,,10-08 - 2 (1008),false,False,,"4050 Brandywine Pkwy, Wilmington, DE 19803, USA",WILMINGTON,NEW CASTLE,DELAWARE,DE,39.8305574,-75.5365407,39.8307178,-75.5363122,39.830386,-75.536794,False,,False
NEW CASTLE,BRICK MILL ELEMENTARY SCHOOL,"378 BRICK MILL RD MIDDLETOWN, DE 19709",,,,,"08-10 - 1 (0810), 08-09 - 1 (0809)",false,False,,"378 Brick Mill Rd, Middletown, DE 19709, USA",MIDDLETOWN,NEW CASTLE,DELAWARE,DE,39.4589186,-75.68653429999999,39.4595072,-75.68596149999999,39.458463,-75.6873229,False,,False
NEW CASTLE,BROOKSIDE ELEMENTARY SCHOOL,"800 MARROWS RD NEWARK, DE 19713",,,,,"24-09 - 3 (2409), 24-10 - 3 (2410)",false,False,,"800 Marrows Rd, Newark, DE 19713, USA",NEWARK,NEW CASTLE,DELAWARE,DE,39.6678382,-75.7268821,39.6685162,-75.7255368,39.6672042,-75.7270873,False,,False
NEW CASTLE,BUENA VISTA CONFERENCE CENTER,"661 S DUPONT HWY NEW CASTLE, DE 19720",,,,,"05-01 - 4 (0501), 17-02 - 4 (1702)",false,False,,"661 S Dupont Hwy, New Castle, DE 19720, USA",NEW CASTLE,NEW CASTLE,DELAWARE,DE,39.6349053,-75.6373225,39.63493769999999,-75.6372695,39.6348686,-75.6373648,False,,False
NEW CASTLE,BUNKER HILL ELEMENTARY SCHOOL,"1070 BUNKER HILL RD MIDDLETOWN, DE 19709",,,,,08-08 - 1 (0808),false,False,,"1070 Bunker Hill Rd, Middletown, DE 19709, USA",MIDDLETOWN,NEW CASTLE,DELAWARE,DE,39.4550141,-75.74415379999999,,,,,False,,False
NEW CASTLE,CAB CALLOWAY SCHOOL OF ARTS,"100 N DUPONT RD WILMINGTON, DE 19807",,,,,"04-05 - 5 (0405), 04-11 - 5 (0411), 13-07 - 5 (1307), 03-03 - 5 (0303)",false,False,,"100 N Dupont Rd, Wilmington, DE 19807, USA",WILMINGTON,NEW CASTLE,DELAWARE,DE,39.7535725,-75.5874716,,,,,False,,False
NEW CASTLE,CARRCROFT ELEMENTARY SCHOOL,"503 CREST RD WILMINGTON, DE 19803",,,,,06-09 - 2 (0609),false,False,,"503 Crest Rd, Wilmington, DE 19803, USA",WILMINGTON,NEW CASTLE,DELAWARE,DE,39.78819860000001,-75.5022804,39.7891003,-75.50163359999999,39.7879459,-75.5027796,False,,False
NEW CASTLE,CARVEL STATE OFFICE BLDG (FED),"820 N FRENCH ST WILMINGTON, DE 19801",,,,,02-27 - 01 (0227),false,False,,"820 N French St, Wilmington, DE 19801, USA",WILMINGTON,NEW CASTLE,DELAWARE,DE,39.7434795,-75.5463206,39.7437953,-75.5458154,39.7432237,-75.54671479999999,False,,False
NEW CASTLE,CARVEL STATE OFFICE BUILDING,"820 N FRENCH ST WILMINGTON, DE 19801",,,,,"02-15 - 03 (0215), 02-16 - 03 (0216), 02-06 - 3 (0206), 02-06 - 5 (0206)",false,False,,"820 N French St, Wilmington, DE 19801, USA",WILMINGTON,NEW CASTLE,DELAWARE,DE,39.7434795,-75.5463206,39.7437953,-75.5458154,39.7432237,-75.54671479999999,False,,True
NEW CASTLE,CASTLE HILLS ELEMENTARY SCHOOL,"502 MOORES LN NEW CASTLE, DE 19720",,,,,"16-08 - 4 (1608), 16-07 - 4 (1607)",false,False,,"502 Moores Ln, New Castle, DE 19720, USA",NEW CASTLE,NEW CASTLE,DELAWARE,DE,39.6813026,-75.5676068,39.6817423,-75.5669202,39.6809314,-75.5688787,False,,False
NEW CASTLE,CEDAR LANE ELEMENTARY SCHOOL,"1259 CEDAR LANE RD MIDDLETOWN, DE 19709",,,,,08-01 - 1 (0801),false,False,,"1259 Cedar Lane Rd, Middletown, DE 19709, USA",MIDDLETOWN,NEW CASTLE,DELAWARE,DE,39.5010319,-75.6874431,39.5021986,-75.6867923,39.5007982,-75.6881415,False,,False
NEW CASTLE,CHRISTIANA HIGH SCHOOL,"190 SALEM CHURCH RD NEWARK, DE 19713",,,,,"24-03 - 3 (2403), 24-04 - 3 (2404), 26-04 - 3 (2604)",false,False,,"190 Salem Church Rd, Newark, DE 19713, USA",NEWARK,NEW CASTLE,DELAWARE,DE,39.66388070000001,-75.6952591,39.6644348,-75.6944224,39.6634486,-75.6959019,False,,False
NEW CASTLE,CLAYMONT BOYS & GIRLS CLUB,"500 DARLEY RD CLAYMONT, DE 19703",,,,,"07-07 - 2 (0707), 07-11 - 02 (0711)",false,False,,"500 Darley Rd, Claymont, DE 19703, USA",CLAYMONT,NEW CASTLE,DELAWARE,DE,39.8125311,-75.4607813,39.812979,-75.46055489999999,39.812167,-75.4618113,False,,False
NEW CASTLE,CLAYMONT ELEMENTARY SCHOOL,"3401 GREEN ST CLAYMONT, DE 19703",,,,,07-04 - 2 (0704),false,False,,"3401 Green St, Claymont, DE 19703, USA",CLAYMONT,NEW CASTLE,DELAWARE,DE,39.803231,-75.465378,39.8034198,-75.4650535,39.8029841,-75.46566349999999,False,,False
NEW CASTLE,CONCORD HIGH SCHOOL,"2501 EBRIGHT RD WILMINGTON, DE 19810",,,,,"10-01 - 2 (1001), 10-06 - 2 (1006)",false,False,,"Concord Stadium, 2501 Ebright Rd, Wilmington, DE 19810, USA",WILMINGTON,NEW CASTLE,DELAWARE,DE,39.8343141,-75.5258048,39.8343847,-75.5253018,39.8340839,-75.5259196,False,,False
NEW CASTLE,CONCORD PRESBYTERIAN CHURCH,"1800 FAIRFAX BLVD WILMINGTON, DE 19803",,,,,12-01 - 2 (1201),false,False,,"1800 Fairfax Blvd, Wilmington, DE 19803, USA",WILMINGTON,NEW CASTLE,DELAWARE,DE,39.7893867,-75.5337203,39.7896895,-75.5332251,39.7891647,-75.5340138,False,,False
NEW CASTLE,CONNER BUILDING,"187A OLD CHURCHMANS RD NEW CASTLE, DE 19720",,,,,17-11 - 4 (1711),false,False,,"187a Old Churchmans Rd, New Castle, DE 19720, USA",NEW CASTLE,NEW CASTLE,DELAWARE,DE,39.6745767,-75.6188681,,,,,False,,False
NEW CASTLE,CONRAD SCHOOLS OF SCIENCE,"201 JACKSON AVE WILMINGTON, DE 19804",,,,,13-04 - 5 (1304),false,False,,"201 Jackson Ave, Wilmington, DE 19804, USA",WILMINGTON,NEW CASTLE,DELAWARE,DE,39.7228129,-75.6012581,39.7236234,-75.6009344,39.7219734,-75.602368,False,,False
NEW CASTLE,COOKE ELEMENTARY SCHOOL,"2025 GRAVES RD HOCKESSIN, DE 19707",,,,,"22-08 - 3 (2208), 22-09 -  (2209), 22-09 - 3 (2209), 22-08 - 05 (2208), 22-09 - 05 (2209)",false,False,,"2025 Graves Rd, Hockessin, DE 19707, USA",HOCKESSIN,NEW CASTLE,DELAWARE,DE,39.7671935,-75.6692649,39.7677154,-75.6687725,39.766665,-75.6698656,False,,False
NEW CASTLE,CRESTVIEW APARTMENTS,"2700 N MARKET ST WILMINGTON, DE 19802",,,,,"01-06 - 02 (0106), 01-06 - 5 (0106), 01-07 - 2 (0107)",false,False,,"2700 N Market St, Wilmington, DE 19802, USA",WILMINGTON,NEW CASTLE,DELAWARE,DE,39.7548535,-75.5342391,39.75511729999999,-75.53397319999999,39.7545924,-75.5345868,False,,False
NEW CASTLE,CROSSROADS PRESBYTERIAN CHURCH,"627 VANCE NECK RD MIDDLETOWN, DE 19709",,,,,"09-05 - 1 (0905), 09-11 - 1 (0911)",false,False,,"627 Vance Neck Rd, Middletown, DE 19709, USA",MIDDLETOWN,NEW CASTLE,DELAWARE,DE,39.4836116,-75.6467661,39.4837528,-75.64655669999999,39.4835156,-75.6469465,False,,False
NEW CASTLE,Carvel State Office Bldg,820 N French St Ste 400  Wilmington DE ,820 N French St Ste 400 ,Wilmington,DE,,Locality wide location,true,false,,"820 N French St #400, Wilmington, DE 19801, USA",WILMINGTON,NEW CASTLE,DELAWARE,DE,39.74350949999999,-75.5462651,,,,,False,,False
NEW CASTLE,DE LA WARR COMMUNITY CENTER,"500 ROGERS RD NEW CASTLE, DE 19720",,,,,16-03 - 4 (1603),false,False,,"500 Rogers Rd, New Castle, DE 19720, USA",NEW CASTLE,NEW CASTLE,DELAWARE,DE,39.71251729999999,-75.5500959,39.71272949999999,-75.5498855,39.712277,-75.5503911,False,,False
NEW CASTLE,DEL TECH - STANTON,"400 STANTON CHRISTIANA RD NEWARK, DE 19713",,,,,"17-06 - 4 (1706), 18-02 - 4 (1802), 18-02 - 3 (1802)",false,False,,"400 Stanton Christiana Rd, Newark, DE 19713, USA",NEWARK,NEW CASTLE,DELAWARE,DE,39.689929,-75.64853889999999,39.69064059999999,-75.64699949999999,39.68913,-75.649669,False,,False
NEW CASTLE,DEL TECH - WILMINGTON,"300 N ORANGE ST WILMINGTON, DE 19801",,,,,02-08 - 3 (0208),false,False,,"300 N Orange St, Wilmington, DE 19801, USA",WILMINGTON,NEW CASTLE,DELAWARE,DE,39.739892,-75.5528705,39.74026190000001,-75.55247849999999,39.739519,-75.5532125,False,,False
NEW CASTLE,DELAWARE ART MUSEUM,"2301 KENTMERE PKWY WILMINGTON, DE 19806",,,,,"12-15 - 02 (1215), 12-15 - 05 (1215)",false,False,,"2301 Kentmere Pkwy, Wilmington, DE 19806, USA",WILMINGTON,NEW CASTLE,DELAWARE,DE,39.766198,-75.5644231,39.7671331,-75.5630442,39.7649231,-75.5658861,False,,False
NEW CASTLE,DELAWARE STATE UNIVERSITY - WILMINGTON,"3931 KIRKWOOD HWY WILMINGTON, DE 19808",,,,,19-04 - 5 (1904),false,False,,"3931 Kirkwood Hwy, Wilmington, DE 19808, USA",WILMINGTON,NEW CASTLE,DELAWARE,DE,39.7299406,-75.6478116,39.7302192,-75.6473096,39.7295019,-75.648324,False,,False
NEW CASTLE,DELCASTLE TECHNICAL HIGH SCHOOL,"1417 NEWPORT RD WILMINGTON, DE 19804",,,,,"19-01 - 5 (1901), 19-12 - 5 (1912)",false,False,,"1417 Newport Rd, Wilmington, DE 19804, USA",WILMINGTON,NEW CASTLE,DELAWARE,DE,39.7264073,-75.6272644,39.7274619,-75.6261102,39.7254817,-75.6280754,False,,False
NEW CASTLE,DELDOT CANAL DISTRICT,"250 BEAR CHRISTIANA RD BEAR, DE 19701",,,,,"18-10 - 3 (1810), 18-08 - 3 (1808), 18-10 - 4 (1810), 18-06 - 3 (1806)",false,False,,"250 Bear Christiana Rd, Bear, DE 19701, USA",BEAR,NEW CASTLE,DELAWARE,DE,39.6568379,-75.65868789999999,,,,,False,,False
NEW CASTLE,DEPARTMENT OF LABOR,"4425 N MARKET ST WILMINGTON, DE 19802",,,,,"06-14 - 02 (0614), 01-17 - 02 (0117), 01-13 - 2 (0113)",false,False,,"4425 N Market St, Wilmington, DE 19802, USA",WILMINGTON,NEW CASTLE,DELAWARE,DE,39.7623978,-75.5194588,,,,,False,,False
NEW CASTLE,DICKINSON HIGH SCHOOL,"1801 MILLTOWN RD WILMINGTON, DE 19808",,,,,"21-03 - 5 (2103), 21-09 - 5 (2109), 21-14 - 05 (2114)",false,False,,"1801 Milltown Rd, Wilmington, DE 19808, USA",WILMINGTON,NEW CASTLE,DELAWARE,DE,39.7269802,-75.6752071,39.7270427,-75.6751252,39.7269328,-75.6752946,False,,False
NEW CASTLE,DOUGLASS SCHOOL,"1800 PROSPECT RD WILMINGTON, DE 19805",,,,,"13-11 - 5 (1311), 13-03 - 3 (1303), 13-12 - 5 (1312), 13-15 - 03 (1315), 13-15 - 05 (1315)",false,False,,"1800 Prospect Rd, Wilmington, DE 19805, USA",WILMINGTON,NEW CASTLE,DELAWARE,DE,39.73818410000001,-75.5805225,39.7384909,-75.5799735,39.73779330000001,-75.58091399999999,False,,False
NEW CASTLE,DOWNES ELEMENTARY SCHOOL,"220 CASHO MILL RD NEWARK, DE 19711",,,,,"23-04 - 3 (2304), 23-03 - 3 (2303)",false,False,,"220 Casho Mill Rd, Newark, DE 19711, USA",NEWARK,NEW CASTLE,DELAWARE,DE,39.6835314,-75.7766652,39.683974,-75.77636319999999,39.6828276,-75.7768541,False,,False
NEW CASTLE,EAST SIDE CHARTER SCHOOL,"3000 N CLAYMONT ST WILMINGTON, DE 19802",,,,,"02-01 - 02 (0201), 06-16 - 02 (0616), 02-01 - 3 (0201)",false,False,,"3000 N Claymont St, Wilmington, DE 19802, USA",WILMINGTON,NEW CASTLE,DELAWARE,DE,39.7515212,-75.52266569999999,39.75213979999999,-75.5223539,39.75122959999999,-75.5234426,False,,False
NEW CASTLE,EBENEZER METHODIST CHURCH,"525 POLLY DRUMMOND HILL RD NEWARK, DE 19711",,,,,"23-12 - 03 (2312), 21-12 - 03 (2112)",false,False,,"525 Polly Drummond Hill Rd, Newark, DE 19711, USA",NEWARK,NEW CASTLE,DELAWARE,DE,39.7337073,-75.7176504,39.7339872,-75.7174678,39.7332985,-75.7180491,False,,False
NEW CASTLE,EDEN SUPPORT SERVICES,"925 BEAR CORBITT RD BEAR, DE 19701",,,,,"05-08 - 4 (0508), 05-08 - 3 (0508)",false,False,,"925 Bear Corbitt Rd, Bear, DE 19701, USA",BEAR,NEW CASTLE,DELAWARE,DE,39.6312542,-75.6594477,39.6315637,-75.6589048,39.63085359999999,-75.6596938,False,,False
NEW CASTLE,EISENBERG ELEMENTARY SCHOOL,"27 LANDERS LN NEW CASTLE, DE 19720",,,,,16-01 - 4 (1601),false,False,,"27 Landers Ln, New Castle, DE 19720, USA",NEW CASTLE,NEW CASTLE,DELAWARE,DE,39.6895853,-75.55945969999999,,,,,False,,False
NEW CASTLE,ELSMERE FIRE HALL,"1107 KIRKWOOD HWY WILMINGTON, DE 19805",,,,,13-08 - 5 (1308),false,False,,"1107 Kirkwood Hwy, Wilmington, DE 19805, USA",WILMINGTON,NEW CASTLE,DELAWARE,DE,39.7397394,-75.5993939,39.7399034,-75.5992325,39.7396134,-75.5995751,False,,False
NEW CASTLE,ELSMERE TOWN HALL,"11 POPLAR AVE WILMINGTON, DE 19805",,,,,"13-10 - 5 (1310), 13-09 - 3 (1309), 13-09 - 5 (1309)",false,False,,"11 Poplar Ave, Wilmington, DE 19805, USA",WILMINGTON,NEW CASTLE,DELAWARE,DE,39.74093939999999,-75.60242389999999,,,,,False,,False
NEW CASTLE,EMMANUEL PRESBYTERIAN CHURCH,"1006 WILSON RD WILMINGTON, DE 19803",,,,,06-12 - 2 (0612),false,False,,"1006 Wilson Rd, Wilmington, DE 19803, USA",WILMINGTON,NEW CASTLE,DELAWARE,DE,39.7952343,-75.5120713,39.795428,-75.5119232,39.7950039,-75.5123144,False,,False
NEW CASTLE,FIRST PRESBYTERIAN CHURCH,"292 W MAIN ST NEWARK, DE 19711",,,,,"23-02 - 1 (2302), 23-02 - 3 (2302)",false,False,,"292 W Main St, Newark, DE 19711, USA",NEWARK,NEW CASTLE,DELAWARE,DE,39.6864946,-75.76335809999999,39.6866839,-75.7631416,39.686237,-75.7636012,False,,False
NEW CASTLE,FIRST UNITARIAN CHURCH,"730 HALSTEAD RD WILMINGTON, DE 19803",,,,,12-05 - 2 (1205),false,False,,"730 Halstead Rd, Wilmington, DE 19803, USA",WILMINGTON,NEW CASTLE,DELAWARE,DE,39.8018756,-75.54955009999999,39.8023032,-75.54932509999999,39.8015631,-75.54991509999999,False,,False
NEW CASTLE,FOREST OAK ELEMENTARY SCHOOL,"55 S MEADOWOOD DR NEWARK, DE 19711",,,,,"18-05 - 4 (1805), 21-02 - 5 (2102), 18-05 - 03 (1805)",false,False,,"55 S Meadowood Dr, Newark, DE 19711, USA",NEWARK,NEW CASTLE,DELAWARE,DE,39.7041723,-75.6839894,39.7044601,-75.683545,39.7038392,-75.68435889999999,False,,False
NEW CASTLE,FORWOOD ELEMENTARY SCHOOL,"1900 WESTMINSTER DR WILMINGTON, DE 19810",,,,,"07-03 - 2 (0703), 10-10 - 2 (1010), 10-11 - 02 (1011)",false,False,,"1900 Westminster Dr, Wilmington, DE 19810, USA",WILMINGTON,NEW CASTLE,DELAWARE,DE,39.8062778,-75.5044671,39.8067447,-75.5038716,39.80589630000001,-75.5054443,False,,False
NEW CASTLE,GALLAHER ELEMENTARY SCHOOL,"800 N BROWNLEAF RD NEWARK, DE 19713",,,,,"18-07 - 3 (1807), 18-01 - 3 (1801)",false,False,,"800 N Brownleaf Rd, Newark, DE 19713, USA",NEWARK,NEW CASTLE,DELAWARE,DE,39.6814544,-75.6780589,39.6815284,-75.6779849,39.6813974,-75.678122,False,,False
NEW CASTLE,GAUGER-COBBS MIDDLE SCHOOL,"50 GENDER RD NEWARK, DE 19713",,,,,"24-02 - 5 (2402), 24-01 - 3 (2401), 24-02 - 3 (2402)",false,False,,"50 Gender Rd, Newark, DE 19713, USA",NEWARK,NEW CASTLE,DELAWARE,DE,39.6584391,-75.7180683,39.6590243,-75.7168623,39.65793439999999,-75.7187567,False,,False
NEW CASTLE,GEORGE WILSON COMMUNITY CENTER,"303 NEW LONDON RD NEWARK, DE 19711",,,,,23-08 - 3 (2308),false,False,,"303 New London Rd, Newark, DE 19711, USA",NEWARK,NEW CASTLE,DELAWARE,DE,39.6896083,-75.7610871,39.6897885,-75.7608901,39.6894609,-75.7612111,False,,False
NEW CASTLE,GILD HALL - ARDEN CLUB,"2126 THE HIGHWAY WILMINGTON, DE 19810",,,,,"07-05 - 2 (0705), 07-13 - 02 (0713)",false,False,,"The Gild Hall, 2126 The Hwy, Wilmington, DE 19810, USA",WILMINGTON,NEW CASTLE,DELAWARE,DE,39.809984,-75.4886595,39.8101663,-75.4885218,39.8098755,-75.4889532,False,,False
NEW CASTLE,GLASGOW HIGH SCHOOL,"1901 S COLLEGE AVE NEWARK, DE 19702",,,,,"26-02 - 3 (2602), 26-01 - 3 (2601), 25-08 - 3 (2508), 25-11 - 03 (2511)",false,False,,"1901 S College Ave, Newark, DE 19702, USA",NEWARK,NEW CASTLE,DELAWARE,DE,39.630089,-75.74169169999999,39.63082530000001,-75.7409165,39.6291833,-75.7421519,False,,False
NEW CASTLE,GOOD SHEPHERD BAPTIST CHURCH,"2274 PORTER RD BEAR, DE 19701",,,,,"15-09 - 4 (1509), 15-09 - 3 (1509), 27-07 - 3 (2707), 27-12 - 01 (2712), 27-12 - 03 (2712)",false,False,,"2274 Porter Rd, Bear, DE 19701, USA",BEAR,NEW CASTLE,DELAWARE,DE,39.5881645,-75.7204746,,,,,False,,False
NEW CASTLE,GREATER NEWARK BOYS & GIRLS CLUB,"109 GLASGOW DR NEWARK, DE 19702",,,,,26-09 - 3 (2609),false,False,,"109 Glasgow Dr, Newark, DE 19702, USA",NEWARK,NEW CASTLE,DELAWARE,DE,39.6211223,-75.690696,39.6214528,-75.6902787,39.6208659,-75.6911427,False,,False
NEW CASTLE,H B DUPONT MIDDLE SCHOOL,"735 MEETING HOUSE RD HOCKESSIN, DE 19707",,,,,12-10 - 5 (1210),false,False,,"735 Meeting House Rd, Hockessin, DE 19707, USA",HOCKESSIN,NEW CASTLE,DELAWARE,DE,39.8002805,-75.6916238,39.8008216,-75.69113879999999,39.7997191,-75.6920027,False,,False
NEW CASTLE,HANBY ELEMENTARY SCHOOL,"2523 BERWYN RD WILMINGTON, DE 19810",,,,,"10-05 - 2 (1005), 10-07 - 2 (1007)",false,False,,"2523 Berwyn Rd, Wilmington, DE 19810, USA",WILMINGTON,NEW CASTLE,DELAWARE,DE,39.8207624,-75.526651,39.821422,-75.5254899,39.8202425,-75.5270109,False,,False
NEW CASTLE,HARLAN ELEMENTARY SCHOOL,"3601 N JEFFERSON ST WILMINGTON, DE 19802",,,,,01-02 - 2 (0102),false,False,,"3601 Jefferson St, Wilmington, DE 19802, USA",WILMINGTON,NEW CASTLE,DELAWARE,DE,39.7629663,-75.52989910000001,39.76327819999999,-75.52919899999999,39.7626823,-75.530726,False,,False
NEW CASTLE,HIGHLANDS ELEMENTARY SCHOOL,"2100 GILPIN AVE WILMINGTON, DE 19806",,,,,"12-17 - 05 (1217), 04-01 - 5 (0401)",false,False,,"2100 Gilpin Ave, Wilmington, DE 19806, USA",WILMINGTON,NEW CASTLE,DELAWARE,DE,39.7622144,-75.5659695,39.7624444,-75.56548780000001,39.7614503,-75.5663599,False,,False
NEW CASTLE,HILLCREST-BELLEFONTE METHODIST CHURCH,"400 HILLCREST AVE WILMINGTON, DE 19809",,,,,"06-04 - 2 (0604), 06-05 - 2 (0605)",false,False,,"400 Hillcrest Ave, Wilmington, DE 19809, USA",WILMINGTON,NEW CASTLE,DELAWARE,DE,39.7632904,-75.5099106,39.7634025,-75.50944799999999,39.7630025,-75.5101518,False,,False
NEW CASTLE,HOCKESSIN FIRE COMPANY,"1225 OLD LANCASTER PIKE HOCKESSIN, DE 19707",,,,,22-02 - 5 (2202),false,False,,"1225 Old Lancaster Pike, Hockessin, DE 19707, USA",HOCKESSIN,NEW CASTLE,DELAWARE,DE,39.7879197,-75.69616789999999,39.7880678,-75.69573969999999,39.7875929,-75.696638,False,,False
NEW CASTLE,HOCKESSIN LIBRARY,"1023 VALLEY RD HOCKESSIN, DE 19707",,,,,"22-03 - 5 (2203), 22-04 - 3 (2204), 22-04 - 5 (2204)",false,False,,"Swift Park, 1023 Valley Rd, Hockessin, DE 19707, USA",HOCKESSIN,NEW CASTLE,DELAWARE,DE,39.7882874,-75.7013025,39.7885991,-75.7009547,39.7879772,-75.70163350000001,False,,False
NEW CASTLE,HODGSON VO-TECH HIGH SCHOOL,"2575 GLASGOW AVE NEWARK, DE 19702",,,,,"27-03 - 3 (2703), 27-04 - 3 (2704), 27-08 - 3 (2708), 27-08 - 1 (2708)",false,False,,"2575 Glasgow Ave, Newark, DE 19702, USA",NEWARK,NEW CASTLE,DELAWARE,DE,39.6007593,-75.7405106,39.601702,-75.73932049999999,39.599854,-75.7417246,False,,False
NEW CASTLE,HOLY TRINITY GREEK ORTHODOX CHURCH,"808 N BROOM ST WILMINGTON, DE 19806",,,,,"04-09 - 5 (0409), 04-13 - 5 (0413), 02-14 - 05 (0214), 03-05 - 05 (0305), 03-01 - 5 (0301), 03-05 - 3 (0305)",false,False,,"808 N Broom St, Wilmington, DE 19806, USA",WILMINGTON,NEW CASTLE,DELAWARE,DE,39.7496654,-75.5624674,39.74993389999999,-75.5622085,39.7494198,-75.5630485,False,,False
NEW CASTLE,HOWARD WESTON SENIOR CENTER,"1 BASSETT AVE NEW CASTLE, DE 19720",,,,,"17-07 - 4 (1707), 17-10 - 4 (1710)",false,False,,"1 Bassett Ave, Wilmington Manor, DE 19720, USA",WILMINGTON MANOR,NEW CASTLE,DELAWARE,DE,39.69492229999999,-75.58416059999999,39.6953196,-75.5832472,39.6943413,-75.58449,False,,False
NEW CASTLE,IMMANUEL CHURCH HIGHLANDS,"2400 W 17TH ST WILMINGTON, DE 19806",,,,,"12-08 - 5 (1208), 12-12 - 5 (1212), 12-16 - 05 (1216), 04-03 - 5 (0403)",false,False,,"2400 W 17th St, Wilmington, DE 19806, USA",WILMINGTON,NEW CASTLE,DELAWARE,DE,39.7618181,-75.5717378,39.7621539,-75.5714179,39.7616779,-75.5720949,False,,False
NEW CASTLE,IMMANUEL UNITED METHODIST CHURCH,"209 MAIN ST TOWNSEND, DE 19734",,,,,"11-03 - 6 (1103), 11-03 - 1 (1103)",false,False,,"209 Main St, Townsend, DE 19734, USA",TOWNSEND,NEW CASTLE,DELAWARE,DE,39.3956984,-75.691851,39.3959662,-75.6916122,39.3955714,-75.69209219999999,False,,False
NEW CASTLE,JONES ELEMENTARY SCHOOL,"35 W MAIN ST CHRISTIANA, DE 19702",,,,,"26-08 - 3 (2608), 26-03 - 3 (2603)",false,False,,"35 W Main St, Newark, DE 19702, USA",NEWARK,NEW CASTLE,DELAWARE,DE,39.667311,-75.662549,,,,,False,,False
NEW CASTLE,KEENE ELEMENTARY SCHOOL,"200 CPL STEPHEN J BALLARD WAY NEWARK, DE 19702",,,,,"15-06 - 3 (1506), 27-06 - 3 (2706), 27-05 - 3 (2705), 27-02 - 3 (2702)",false,False,,"Cpl. Stephen J Ballard Wy, Glasgow, DE 19701, USA",GLASGOW,NEW CASTLE,DELAWARE,DE,39.6027963,-75.7287073,39.60294529999999,-75.727609,39.6026744,-75.7289265,True,Invalid final address,False
NEW CASTLE,KINGSWOOD COMMUNITY CENTER,"2300 BOWERS ST WILMINGTON, DE 19802",,,,,"02-10 - 04 (0210), 02-10 - 3 (0210)",false,False,,"2300 Bowers St, Wilmington, DE 19802, USA",WILMINGTON,NEW CASTLE,DELAWARE,DE,39.7465116,-75.5276245,39.7467097,-75.5270591,39.7461567,-75.5279563,False,,False
NEW CASTLE,KIRK MIDDLE SCHOOL,"140 BRENNEN DR NEWARK, DE 19713",,,,,"24-08 - 5 (2408), 24-07 - 3 (2407), 24-08 - 3 (2408)",false,False,,"140 Brennen Dr, Newark, DE 19713, USA",NEWARK,NEW CASTLE,DELAWARE,DE,39.67197729999999,-75.7100719,39.6742216,-75.7088807,39.6714101,-75.7114047,False,,False
NEW CASTLE,LANCASHIRE ELEMENTARY SCHOOL,"2000 NAAMANS RD WILMINGTON, DE 19810",,,,,"10-03 - 2 (1003), 10-09 - 2 (1009)",false,False,,"2000 Naamans Rd, Wilmington, DE 19810, USA",WILMINGTON,NEW CASTLE,DELAWARE,DE,39.82298840000001,-75.4946389,39.82348770000001,-75.4939685,39.8227476,-75.49497319999999,False,,False
NEW CASTLE,LEASURE ELEMENTARY SCHOOL,"1015 CHURCH RD NEWARK, DE 19702",,,,,"05-07 - 3 (0507), 05-06 - 3 (0506), 15-08 - 3 (1508), 05-11 - 03 (0511)",false,False,,"1015 W Church Rd, Newark, DE 19711, USA",NEWARK,NEW CASTLE,DELAWARE,DE,39.6900231,-75.7851802,39.6901046,-75.78505059999999,39.6899455,-75.785307,False,,False
NEW CASTLE,LIGHTHOUSE BAPTIST CHURCH,"1842 OTTS CHAPEL RD NEWARK, DE 19702",,,,,"25-05 - 3 (2505), 25-09 - 03 (2509)",false,False,,"1842 Otts Chapel Rd, Newark, DE 19702, USA",NEWARK,NEW CASTLE,DELAWARE,DE,39.626903,-75.7728958,39.62707760000001,-75.7727805,39.6267931,-75.77305369999999,False,,False
NEW CASTLE,LIMESTONE PRESBYTERIAN CHURCH,"3201 LIMESTONE RD WILMINGTON, DE 19808",,,,,21-10 - 5 (2110),false,False,,"3201 Limestone Rd, Wilmington, DE 19808, USA",WILMINGTON,NEW CASTLE,DELAWARE,DE,39.733688,-75.6710374,39.7339554,-75.6707395,39.7334713,-75.6713968,False,,False
NEW CASTLE,LINCOLN TOWERS,"1800 N DUPONT ST WILMINGTON, DE 19806",,,,,"04-06 - 5 (0406), 01-08 - 05 (0108), 01-08 - 2 (0108)",false,False,,"1800 N Dupont St, Wilmington, DE 19806, USA",WILMINGTON,NEW CASTLE,DELAWARE,DE,39.7585672,-75.56122669999999,,,,,False,,False
NEW CASTLE,LINDEN HILL ELEMENTARY SCHOOL,"3415 SKYLINE DR WILMINGTON, DE 19808",,,,,"21-01 - 5 (2101), 21-13 - 05 (2113)",false,False,,"3415 Skyline Dr, Wilmington, DE 19808, USA",WILMINGTON,NEW CASTLE,DELAWARE,DE,39.7338656,-75.69289619999999,39.7343786,-75.69259799999999,39.7332394,-75.69343599999999,False,,False
NEW CASTLE,LOMBARDY ELEMENTARY SCHOOL,"412 FOULK RD WILMINGTON, DE 19803",,,,,"06-03 - 2 (0603), 06-02 - 2 (0602)",false,False,,"412 Foulk Rd, Wilmington, DE 19803, USA",WILMINGTON,NEW CASTLE,DELAWARE,DE,39.7841781,-75.53522149999999,39.7852727,-75.5348918,39.7839669,-75.53594319999999,False,,False
NEW CASTLE,LOREWOOD GROVE ELEMENTARY SCHOOL,"820 MAPLETON AVE MIDDLETOWN, DE 19709",,,,,"09-06 - 1 (0906), 09-06 - 04 (0906)",false,False,,"820 Mapleton Ave, Middletown, DE 19709, USA",MIDDLETOWN,NEW CASTLE,DELAWARE,DE,39.5339283,-75.6801961,,,,,False,,False
NEW CASTLE,LOSS ELEMENTARY SCHOOL,"200 BRENNAN BLVD BEAR, DE 19701",,,,,"27-01 - 1 (2701), 27-09 - 3 (2709), 27-09 - 1 (2709), 27-09 - 4 (2709), 27-16 - 01 (2716)",false,False,,"200 Brennan Blvd, Bear, DE 19701, USA",BEAR,NEW CASTLE,DELAWARE,DE,39.5607036,-75.7416243,39.5612773,-75.7409566,39.5605818,-75.7422322,False,,False
NEW CASTLE,LOWER BRANDYWINE PRESBYTERIAN CHURCH,"101 OLD KENNETT RD WILMINGTON, DE 19807",,,,,"12-06 - 5 (1206), 12-11 - 5 (1211)",false,False,,"101 Old Kennett Rd, Wilmington, DE 19807, USA",WILMINGTON,NEW CASTLE,DELAWARE,DE,39.8059218,-75.6125569,39.8059628,-75.6124492,39.8058829,-75.6126829,False,,False
NEW CASTLE,LUTHER TOWERS - I,"1201 N HARRISON ST WILMINGTON, DE 19806",,,,,"04-04 - 5 (0404), 02-12 - 05 (0212), 02-03 - 3 (0203), 02-12 - 4 (0212), 02-03 - 5 (0203), 02-12 - 3 (0212), 02-04 - 5 (0204)",false,False,,"1201 N Harrison St, Wilmington, DE 19806, USA",WILMINGTON,NEW CASTLE,DELAWARE,DE,39.7532114,-75.5580318,39.7534406,-75.5575702,39.7530247,-75.5584193,False,,False
NEW CASTLE,LUTHERAN CHURCH OF THE GOOD SHEPHERD,"1530 FOULK RD WILMINGTON, DE 19803",,,,,06-11 - 2 (0611),false,False,,"1530 Foulk Rd, Wilmington, DE 19803, USA",WILMINGTON,NEW CASTLE,DELAWARE,DE,39.8040935,-75.5178852,39.8044375,-75.51748649999999,39.8037785,-75.5182816,False,,False
NEW CASTLE,MACLARY ELEMENTARY SCHOOL,"300 ST REGIS DR NEWARK, DE 19711",,,,,"23-07 - 3 (2307), 23-06 - 3 (2306), 23-09 - 3 (2309)",false,False,,"300 St Regis Dr, Newark, DE 19711, USA",NEWARK,NEW CASTLE,DELAWARE,DE,39.7017216,-75.7350593,39.7021042,-75.734389,39.7012011,-75.7356386,False,,False
NEW CASTLE,MAIN TOWERS,"330 E MAIN ST NEWARK, DE 19711",,,,,23-01 - 3 (2301),false,False,,"330 E Main St, Newark, DE 19711, USA",NEWARK,NEW CASTLE,DELAWARE,DE,39.6852683,-75.740079,39.6853398,-75.7399865,39.6852296,-75.7401302,False,,False
NEW CASTLE,MAPLE LANE ELEMENTARY SCHOOL,"100 MAPLE LN CLAYMONT, DE 19703",,,,,"07-02 - 2 (0702), 07-06 - 2 (0706), 07-09 - 2 (0709), 07-01 - 2 (0701)",false,False,,"100 Maple Rd, Claymont, DE 19703, USA",CLAYMONT,NEW CASTLE,DELAWARE,DE,39.7923527,-75.4716791,39.79253629999999,-75.47139849999999,39.7920689,-75.4733394,False,,False
NEW CASTLE,MARBROOK ELEMENTARY SCHOOL,"2101 CENTERVILLE RD WILMINGTON, DE 19808",,,,,"13-02 - 5 (1302), 19-09 - 5 (1909)",false,False,,"2101 Centerville Rd, Wilmington, DE 19808, USA",WILMINGTON,NEW CASTLE,DELAWARE,DE,39.7420258,-75.6247186,39.7424303,-75.62414749999999,39.7414097,-75.625242,False,,False
NEW CASTLE,MARION PROFFITT TRAINING CENTER,"118 S SIXTH ST ODESSA, DE 19730",,,,,09-04 - 1 (0904),false,False,,"118 N 6th St, Odessa, DE 19730, USA",ODESSA,NEW CASTLE,DELAWARE,DE,39.45523230000001,-75.66249289999999,39.4556549,-75.6620669,39.454937,-75.6630038,False,,False
NEW CASTLE,MARSHALL ELEMENTARY SCHOOL,"101 BARRETT RUN RD NEWARK, DE 19702",,,,,"26-07 - 3 (2607), 26-06 - 3 (2606), 26-05 - 3 (2605)",false,False,,"101 Barrett Run Dr, Newark, DE 19702, USA",NEWARK,NEW CASTLE,DELAWARE,DE,39.64501480000001,-75.6834441,39.6455137,-75.6829786,39.6444479,-75.6840627,False,,False
NEW CASTLE,MARY CAMPBELL CENTER,"4641 WELDIN RD WILMINGTON, DE 19803",,,,,06-07 - 2 (0607),false,False,,"4641 Weldin Rd, Wilmington, DE 19803, USA",WILMINGTON,NEW CASTLE,DELAWARE,DE,39.7817122,-75.5244855,39.7821961,-75.52386109999999,39.7815088,-75.5252611,False,,False
NEW CASTLE,MCCULLOUGH MIDDLE SCHOOL,"20 CHASE AVE NEW CASTLE, DE 19720",,,,,16-05 - 4 (1605),false,False,,"20 Chase Ave, New Castle, DE 19720, USA",NEW CASTLE,NEW CASTLE,DELAWARE,DE,39.6971146,-75.5584195,39.6983167,-75.5578219,39.6967199,-75.5593461,False,,False
NEW CASTLE,MCKEAN HIGH SCHOOL,"301 MCKENNANS CHURCH RD WILMINGTON, DE 19808",,,,,"04-12 - 2 (0412), 04-12 - 5 (0412), 22-11 - 5 (2211), 22-13 - 05 (2213)",false,False,,"301 McKennans Church Rd, Wilmington, DE 19808, USA",WILMINGTON,NEW CASTLE,DELAWARE,DE,39.7580395,-75.6652313,39.7580943,-75.66519370000002,39.7580139,-75.6653086,False,,False
NEW CASTLE,MCVEY ELEMENTARY SCHOOL,"908 JANICE DR NEWARK, DE 19713",,,,,"25-02 - 3 (2502), 25-04 - 3 (2504), 25-07 - 3 (2507)",false,False,,"908 Janice Dr, Newark, DE 19713, USA",NEWARK,NEW CASTLE,DELAWARE,DE,39.6551853,-75.7483237,39.6561063,-75.74790589999999,39.6543853,-75.74869249999999,False,,False
NEW CASTLE,MIDDLETOWN HIGH SCHOOL,"120 SILVER LAKE RD MIDDLETOWN, DE 19709",,,,,"09-07 - 1 (0907), 08-05 - 1 (0805)",false,False,,"120 Silver Lake Rd, Middletown, DE 19709, USA",MIDDLETOWN,NEW CASTLE,DELAWARE,DE,39.4497255,-75.69225999999999,39.4504427,-75.69129,39.44893649999999,-75.6940165,False,,False
NEW CASTLE,MILL CREEK FIRE COMPANY,"3900 KIRKWOOD HWY WILMINGTON, DE 19808",,,,,19-08 - 5 (1908),false,False,,"3900 Kirkwood Hwy, Wilmington, DE 19808, USA",WILMINGTON,NEW CASTLE,DELAWARE,DE,39.730337,-75.6446194,39.7305842,-75.6442679,39.7300939,-75.6449603,False,,False
NEW CASTLE,MINQUADALE FIRE COMPANY,"129 E HAZELDELL AVE NEW CASTLE, DE 19720",,,,,"16-04 - 4 (1604), 16-13 - 04 (1613), 16-13 - 05 (1613)",false,False,,"129 E Hazeldell Ave, New Castle, DE 19720, USA",NEW CASTLE,NEW CASTLE,DELAWARE,DE,39.7065553,-75.5637864,39.7068753,-75.5635767,39.7062489,-75.56403630000001,False,,False
NEW CASTLE,MOT CHARTER HIGH SCHOOL,"1275 CEDAR LANE RD MIDDLETOWN, DE 19709",,,,,08-07 - 1 (0807),false,False,,"1275 Cedar Lane Rd, Middletown, DE 19709, USA",MIDDLETOWN,NEW CASTLE,DELAWARE,DE,39.5000388,-75.6915329,39.5007446,-75.69101839999999,39.4996425,-75.6918697,False,,False
NEW CASTLE,MT LEBANON METHODIST CHURCH,"850 MT LEBANON RD WILMINGTON, DE 19803",,,,,"12-14 - 5 (1214), 12-14 - 2 (1214)",false,False,,"850 Mt Lebanon Rd, Wilmington, DE 19803, USA",WILMINGTON,NEW CASTLE,DELAWARE,DE,39.7985959,-75.5678342,39.7987752,-75.5676687,39.79843959999999,-75.5679931,False,,False
NEW CASTLE,MT PLEASANT ELEMENTARY SCHOOL,"500 DUNCAN RD WILMINGTON, DE 19809",,,,,06-06 - 2 (0606),false,False,,"500 Duncan Rd, Wilmington, DE 19809, USA",WILMINGTON,NEW CASTLE,DELAWARE,DE,39.7706739,-75.49655,39.7713995,-75.4953132,39.7699438,-75.49725160000001,False,,False
NEW CASTLE,MT PLEASANT HIGH SCHOOL,"5201 N WASHINGTON ST EXT WILMINGTON, DE 19809",,,,,"06-01 - 2 (0601), 06-13 - 02 (0613)",false,False,,"5201 Washington Street Extension, Wilmington, DE 19809, USA",WILMINGTON,NEW CASTLE,DELAWARE,DE,39.773067,-75.50483109999999,39.773754,-75.5039263,39.7719941,-75.5061826,False,,False
NEW CASTLE,MUSIC SCHOOL OF DELAWARE,"4101 N WASHINGTON ST WILMINGTON, DE 19802",,,,,01-09 - 2 (0109),false,False,,"4101 Washington St, Wilmington, DE 19802, USA",WILMINGTON,NEW CASTLE,DELAWARE,DE,39.7644023,-75.52444,39.7646319,-75.524259,39.7641517,-75.52503,False,,False
NEW CASTLE,NEIGHBORHOOD HOUSE,"1218 B ST WILMINGTON, DE 19801",,,,,16-06 - 3 (1606),false,False,,"1218 B St, Wilmington, DE 19801, USA",WILMINGTON,NEW CASTLE,DELAWARE,DE,39.72841409999999,-75.5428507,39.728599,-75.5426074,39.7282103,-75.54304220000002,False,,False
NEW CASTLE,NEW CASTLE CONSERVATION CENTER,"2430 OLD COUNTY RD NEWARK, DE 19702",,,,,"27-10 - 1 (2710), 27-11 - 01 (2711)",false,False,,"2430 Old County Rd, Newark, DE 19702, USA",NEWARK,NEW CASTLE,DELAWARE,DE,39.5889616,-75.7432815,39.5891283,-75.7429693,39.5887258,-75.7435813,False,,False
NEW CASTLE,NEW CASTLE SENIOR CENTER,"400 SOUTH ST NEW CASTLE, DE 19720",,,,,"17-04 - 4 (1704), 16-09 - 4 (1609)",false,False,,"400 South St, New Castle, DE 19720, USA",NEW CASTLE,NEW CASTLE,DELAWARE,DE,39.6585995,-75.56864139999999,39.6586375,-75.5686063,39.6585616,-75.56867079999999,False,,False
NEW CASTLE,NEW CASTLE UNITED METHODIST CHURCH,"510 DELAWARE ST NEW CASTLE, DE 19720",,,,,"16-11 - 04 (1611), 16-12 - 04 (1612)",false,False,,"510 Delaware St, New Castle, DE 19720, USA",NEW CASTLE,NEW CASTLE,DELAWARE,DE,39.6613084,-75.5665607,39.66151989999999,-75.5662943,39.661109,-75.5668627,False,,False
NEW CASTLE,NEWARK HIGH SCHOOL,"750 E DELAWARE AVE NEWARK, DE 19711",,,,,"24-06 - 3 (2406), 24-12 - 03 (2412), 24-11 - 03 (2411)",false,False,,"750 E Delaware Ave, Newark, DE 19711, USA",NEWARK,NEW CASTLE,DELAWARE,DE,39.68071380000001,-75.7388752,39.68116970000001,-75.7371227,39.6800243,-75.7398898,False,,False
NEW CASTLE,NORTH STAR ELEMENTARY SCHOOL,"1340 LITTLE BALTIMORE RD HOCKESSIN, DE 19707",,,,,"22-05 - 3 (2205), 22-05 - 5 (2205), 22-01 - 3 (2201), 22-01 - 5 (2201)",false,False,,"1340 Little Baltimore Rd, Hockessin, DE 19707, USA",HOCKESSIN,NEW CASTLE,DELAWARE,DE,39.7664449,-75.7136158,39.7668707,-75.7128859,39.7661867,-75.7143494,False,,False
NEW CASTLE,NUR SHRINERS (NUR TEMPLE),"198 S DUPONT HWY NEW CASTLE, DE 19720",,,,,17-03 - 4 (1703),false,False,,"198 S Dupont Hwy, New Castle, DE 19720, USA",NEW CASTLE,NEW CASTLE,DELAWARE,DE,39.6548666,-75.6147165,39.6551209,-75.6141591,39.6544847,-75.6150148,False,,False
NEW CASTLE,OBERLE ELEMENTARY SCHOOL,"500 CALEDONIA WAY BEAR, DE 19701",,,,,"15-10 - 3 (1510), 15-11 - 04 (1511), 15-11 - 03 (1511)",false,False,,"500 Caledonia Way, Bear, DE 19701, USA",BEAR,NEW CASTLE,DELAWARE,DE,39.6160717,-75.6959861,39.6163393,-75.695245,39.6157144,-75.6965333,False,,False
NEW CASTLE,OLD STATE ELEMENTARY SCHOOL,"580 TONY MARCHIO DR TOWNSEND, DE 19734",,,,,09-02 - 1 (0902),false,False,,"580 Tony Marchio Dr, Middletown, DE 19709, USA",MIDDLETOWN,NEW CASTLE,DELAWARE,DE,39.4356234,-75.6486487,,,,,False,,False
NEW CASTLE,P S DUPONT MIDDLE SCHOOL,"701 W 34TH ST WILMINGTON, DE 19802",,,,,"01-16 - 02 (0116), 01-11 - 02 (0111), 01-03 - 02 (0103), 01-01 - 2 (0101), 01-03 - 5 (0103), 01-11 - 5 (0111)",false,False,,"701 W 34th St, Wilmington, DE 19802, USA",WILMINGTON,NEW CASTLE,DELAWARE,DE,39.7645539,-75.5334019,39.7649616,-75.5321373,39.7635975,-75.5338142,False,,False
NEW CASTLE,PAL OF WILMINGTON,"3707 N MARKET ST WILMINGTON, DE 19802",,,,,"01-10 - 2 (0110), 01-10 - 5 (0110), 01-12 - 2 (0112)",false,False,,"3707 N Market St, Wilmington, DE 19802, USA",WILMINGTON,NEW CASTLE,DELAWARE,DE,39.7597533,-75.5253953,39.7600908,-75.5248955,39.7594413,-75.5258166,False,,False
NEW CASTLE,PENIEL UNITED METHODIST CHURCH,"115 E MARKET ST WILMINGTON, DE 19804",,,,,"13-06 - 5 (1306), 19-02 - 5 (1902), 17-14 - 04 (1714)",false,False,,"115 E Market St, Wilmington, DE 19804, USA",WILMINGTON,NEW CASTLE,DELAWARE,DE,39.7141917,-75.608018,39.7143181,-75.60776609999999,39.7139931,-75.6083316,False,,False
NEW CASTLE,PLEASANTVILLE ELEMENTARY  SCHOOL,"16 PLEASANT PL NEW CASTLE, DE 19720",,,,,"05-02 - 4 (0502), 05-03 - 4 (0503), 05-02 - 2 (0502), 17-12 - 04 (1712), 17-13 - 04 (1713)",false,False,,"16 Pleasant Pl, New Castle, DE 19720, USA",NEW CASTLE,NEW CASTLE,DELAWARE,DE,39.667825,-75.6252414,39.6678642,-75.62511719999999,39.6677476,-75.6253145,False,,False
NEW CASTLE,PORT PENN FIRE COMPANY,"26 W MARKET ST PORT PENN, DE 19731",,,,,"09-01 - 1 (0901), 09-01 - 4 (0901)",false,False,,"26 W Market St, Port Penn, DE 19731, USA",PORT PENN,NEW CASTLE,DELAWARE,DE,39.5181578,-75.58584309999999,39.5182907,-75.5855828,39.5179982,-75.58606189999999,False,,False
NEW CASTLE,PULASKI ELEMENTARY SCHOOL,"1300 CEDAR ST WILMINGTON, DE 19805",,,,,"02-04 - 03 (0204), 03-08 - 3 (0308), 03-07 - 3 (0307)",false,False,,"1300 Cedar St, Wilmington, DE 19805, USA",WILMINGTON,NEW CASTLE,DELAWARE,DE,39.7366372,-75.57047200000001,39.7367822,-75.5702841,39.7364786,-75.5706918,False,,False
NEW CASTLE,QUAKER HILL PLACE APARTMENTS,"200 N WASHINGTON ST WILMINGTON, DE 19801",,,,,"03-04 - 5 (0304), 03-06 - 5 (0306), 03-04 - 3 (0304)",false,False,,"200 Washington St, Wilmington, DE 19801, USA",WILMINGTON,NEW CASTLE,DELAWARE,DE,39.74086870000001,-75.5555996,39.7410285,-75.5551064,39.7401963,-75.55586009999999,False,,False
NEW CASTLE,READ MIDDLE SCHOOL,"314 E BASIN RD NEW CASTLE, DE 19720",,,,,17-05 - 4 (1705),false,False,,"314 E Basin Rd, Wilmington Manor, DE 19720, USA",WILMINGTON MANOR,NEW CASTLE,DELAWARE,DE,39.6764961,-75.5866937,,,,,False,,False
NEW CASTLE,RED LION UNITED METH CHURCH,"1545 CHURCH RD BEAR, DE 19701",,,,,"15-05 - 3 (1505), 15-04 - 4 (1504), 15-05 - 2 (1505), 15-05 - 4 (1505)",false,False,,"1545 Church Rd, Bear, DE 19701, USA",BEAR,NEW CASTLE,DELAWARE,DE,39.6080302,-75.6662198,39.6081583,-75.6659648,39.6078779,-75.666382,False,,False
NEW CASTLE,REDDING MIDDLE SCHOOL,"201 NEW ST MIDDLETOWN, DE 19709",,,,,08-04 - 1 (0804),false,False,,"201 New St, Middletown, DE 19709, USA",MIDDLETOWN,NEW CASTLE,DELAWARE,DE,39.452338,-75.709981,39.4528427,-75.70951339999999,39.4514459,-75.71100249999999,False,,False
NEW CASTLE,RICHARDSON PARK ELEMENTARY SCHOOL,"16 IDELLA AVE WILMINGTON, DE 19804",,,,,"02-05 - 3 (0205), 02-07 - 5 (0207)",false,False,,"16 Idella Ave, Wilmington, DE 19804, USA",WILMINGTON,NEW CASTLE,DELAWARE,DE,39.7229016,-75.5907088,39.7238395,-75.5901774,39.722733,-75.59168439999999,False,,False
NEW CASTLE,RICHARDSON PARK METHODIST CHURCH,"11 N MARYLAND AVE WILMINGTON, DE 19804",,,,,"13-05 - 5 (1305), 02-05 - 05 (0205)",false,False,,"11 N Maryland Ave, Wilmington, DE 19804, USA",WILMINGTON,NEW CASTLE,DELAWARE,DE,39.7294496,-75.5853884,39.7296111,-75.58515419999999,39.729256,-75.58565759999999,False,,False
NEW CASTLE,RIVER CLUB APARTMENTS,"7807 GOVERNOR PRINTZ BLVD CLAYMONT, DE 19703",,,,,"07-08 - 2 (0708), 07-10 - 2 (0710)",false,False,,"7807 Governor Printz Blvd, Claymont, DE 19703, USA",CLAYMONT,NEW CASTLE,DELAWARE,DE,39.7915262,-75.4656511,39.791838,-75.46521779999999,39.7911857,-75.4660517,False,,False
NEW CASTLE,RTE 9 LIBRARY & INNOVATION CENTER,"3022 NEW CASTLE AVE NEW CASTLE, DE 19720",,,,,16-02 - 4 (1602),false,False,,"3022 New Castle Ave, New Castle, DE 19720, USA",NEW CASTLE,NEW CASTLE,DELAWARE,DE,39.7019098,-75.5509374,39.7019609,-75.550892,39.7018814,-75.5510446,False,,False
NEW CASTLE,SHIPLEY MANOR,"2723 SHIPLEY RD WILMINGTON, DE 19810",,,,,10-02 - 2 (1002),false,False,,"2723 Shipley Rd, Wilmington, DE 19810, USA",WILMINGTON,NEW CASTLE,DELAWARE,DE,39.8156961,-75.5325603,39.8158574,-75.5324321,39.8156221,-75.5326453,False,,False
NEW CASTLE,SHUE-MEDILL MIDDLE SCHOOL,"1500 CAPITOL TRL NEWARK, DE 19711",,,,,"21-11 - 3 (2111), 24-05 - 3 (2405), 21-11 - 5 (2111)",false,False,,"1500 Capitol Tr, Newark, DE 19711, USA",NEWARK,NEW CASTLE,DELAWARE,DE,39.697632,-75.7048921,39.698316,-75.703422,39.6967368,-75.70589149999999,False,,False
NEW CASTLE,SILVER LAKE ELEMENTARY SCHOOL,"200 E COCHRAN ST MIDDLETOWN, DE 19709",,,,,08-06 - 1 (0806),false,False,,"200 E Cochran St, Middletown, DE 19709, USA",MIDDLETOWN,NEW CASTLE,DELAWARE,DE,39.4473653,-75.7092086,39.4474597,-75.7090631,39.4471903,-75.7093051,False,,False
NEW CASTLE,SKYLINE MIDDLE SCHOOL,"2900 SKYLINE DR WILMINGTON, DE 19808",,,,,"21-06 - 5 (2106), 21-05 - 5 (2105)",false,False,,"2900 Skyline Dr, Wilmington, DE 19808, USA",WILMINGTON,NEW CASTLE,DELAWARE,DE,39.7240718,-75.6878067,39.7247174,-75.686532,39.7237707,-75.6880769,False,,False
NEW CASTLE,SOUTHERN ELEMENTARY SCHOOL,"795 COX NECK RD NEW CASTLE, DE 19720",,,,,"17-01 - 4 (1701), 15-01 - 4 (1501)",false,False,,"795 Cox Neck Rd, New Castle, DE 19720, USA",NEW CASTLE,NEW CASTLE,DELAWARE,DE,39.5649785,-75.6260824,39.5656565,-75.6249666,39.56408160000001,-75.6274373,False,,False
NEW CASTLE,SPRING MEADOW EARLY CHILD CENTER,"611 CAMPUS DR TOWNSEND, DE 19734",,,,,09-03 - 1 (0903),false,False,,"611 Campus Dr, Townsend, DE 19734, USA",TOWNSEND,NEW CASTLE,DELAWARE,DE,39.4358841,-75.6485496,,,,,False,,False
NEW CASTLE,SPRINGER MIDDLE SCHOOL,"2220 SHIPLEY RD WILMINGTON, DE 19803",,,,,12-03 - 2 (1203),false,False,,"2220 Shipley Rd, Wilmington, DE 19803, USA",WILMINGTON,NEW CASTLE,DELAWARE,DE,39.8053543,-75.5367454,39.80539900000001,-75.5366895,39.8053159,-75.5368123,False,,False
NEW CASTLE,ST CATHERINE OF SIENA CHURCH,"2501 CENTERVILLE RD WILMINGTON, DE 19808",,,,,"04-08 - 5 (0408), 13-14 - 5 (1314), 19-13 - 05 (1913)",false,False,,"2501 Centerville Rd, Wilmington, DE 19808, USA",WILMINGTON,NEW CASTLE,DELAWARE,DE,39.7497394,-75.62570529999999,,,,,False,,False
NEW CASTLE,ST GEORGES TECHNICAL HIGH SCHOOL,"555 HYETTS CORNER RD MIDDLETOWN, DE 19709",,,,,"09-13 - 4 (0913), 09-13 - 1 (0913), 09-08 - 4 (0908), 09-08 - 1 (0908)",false,False,,"555 Hyett's Corner Rd, Middletown, DE 19709, USA",MIDDLETOWN,NEW CASTLE,DELAWARE,DE,39.5280783,-75.66753779999999,39.5289922,-75.66551059999999,39.5273517,-75.6680757,False,,False
NEW CASTLE,ST JAMES CHURCH PARISH HOUSE,"2106 ST JAMES CHURCH RD WILMINGTON, DE 19808",,,,,"19-05 - 5 (1905), 19-11 - 5 (1911), 21-15 - 05 (2115)",false,False,,"2106 St James Church Rd, Wilmington, DE 19808, USA",WILMINGTON,NEW CASTLE,DELAWARE,DE,39.7184954,-75.6606749,39.7187007,-75.66045620000001,39.7182505,-75.660825,False,,False
NEW CASTLE,ST MARKS UNITED METHODIST CHURCH,"1700 LIMESTONE RD WILMINGTON, DE 19804",,,,,"19-06 - 4 (1906), 19-06 - 5 (1906)",false,False,,"1700 Limestone Rd, Wilmington, DE 19804, USA",WILMINGTON,NEW CASTLE,DELAWARE,DE,39.7126591,-75.6500389,39.712945,-75.6495351,39.71235679999999,-75.65069749999999,False,,False
NEW CASTLE,ST PHILIPS LUTHERAN CHURCH,"5320 LIMESTONE RD WILMINGTON, DE 19808",,,,,"22-10 - 5 (2210), 22-06 - 3 (2206), 22-06 - 05 (2206)",false,False,,"5320 Limestone Rd, Wilmington, DE 19808, USA",WILMINGTON,NEW CASTLE,DELAWARE,DE,39.7439337,-75.6975092,39.7442077,-75.6971023,39.7437382,-75.69782230000001,False,,False
NEW CASTLE,STANTON MIDDLE SCHOOL,"1800 LIMESTONE RD WILMINGTON, DE 19804",,,,,"19-07 - 5 (1907), 19-10 - 5 (1910)",false,False,,"1800 Limestone Rd, Wilmington, DE 19804, USA",WILMINGTON,NEW CASTLE,DELAWARE,DE,39.7147495,-75.6525389,39.7149657,-75.65219929999999,39.7145116,-75.6527724,False,,False
NEW CASTLE,TALLEY MIDDLE SCHOOL,"1110 CYPRESS RD WILMINGTON, DE 19810",,,,,"10-04 - 2 (1004), 10-12 - 02 (1012), 10-04 - 05 (1004)",false,False,,"1110 Cypress Rd, Wilmington, DE 19810, USA",WILMINGTON,NEW CASTLE,DELAWARE,DE,39.8227822,-75.4725268,39.8234991,-75.4716246,39.8222971,-75.47320959999999,False,,False
NEW CASTLE,TATNALL SCHOOL,"1501 BARLEY MILL RD WILMINGTON, DE 19807",,,,,"04-15 - 5 (0415), 12-04 - 5 (1204), 12-07 - 5 (1207), 12-13 - 5 (1213)",false,False,,"1501 Barley Mill Rd, Wilmington, DE 19807, USA",WILMINGTON,NEW CASTLE,DELAWARE,DE,39.7681992,-75.6155474,,,,,False,,False
NEW CASTLE,THE BANCROFT SCHOOL,"700 N LOMBARD ST WILMINGTON, DE 19801",,,,,"02-19 - 03 (0219), 02-20 - 03 (0220), 02-18 - 03 (0218), 02-17 - 01 (0217), 02-17 - 01 (0217), 02-17 - 3 (0217)",false,False,,"700 N Lombard St, Wilmington, DE 19801, USA",WILMINGTON,NEW CASTLE,DELAWARE,DE,39.74073,-75.543921,,,,,False,,False
NEW CASTLE,THE PARK VIEW,"1800 N BROOM ST WILMINGTON, DE 19802",,,,,"06-15 - 02 (0615), 01-05 - 2 (0105), 01-05 - 5 (0105)",false,False,,"1800 N Broom St, Wilmington, DE 19802, USA",WILMINGTON,NEW CASTLE,DELAWARE,DE,39.7599112,-75.5494727,39.76010410000001,-75.5491637,39.7597157,-75.5498276,False,,False
NEW CASTLE,THOMAS EDISON CHARTER SCHOOL,"2200 N LOCUST ST WILMINGTON, DE 19802",,,,,"02-09 - 02 (0209), 02-11 - 3 (0211), 02-09 - 5 (0209), 02-11 - 2 (0211)",false,False,,"2200 N Locust St, Wilmington, DE 19802, USA",WILMINGTON,NEW CASTLE,DELAWARE,DE,39.7480487,-75.5329015,39.7487539,-75.53221529999999,39.7475324,-75.5331645,False,,False
NEW CASTLE,TOWNSEND ELEMENTARY SCHOOL,"126 MAIN ST TOWNSEND, DE 19734",,,,,"11-02 - 1 (1102), 11-01 - 1 (1101)",false,False,,"126 Main St, Townsend, DE 19734, USA",TOWNSEND,NEW CASTLE,DELAWARE,DE,39.3957424,-75.6880793,39.3965629,-75.6850803,39.3943588,-75.688959,False,,False
NEW CASTLE,TOWNSEND FIRE HALL,"107 MAIN ST TOWNSEND, DE 19734",,,,,09-10 - 1 (0910),false,False,,"107 Main St, Townsend, DE 19734, USA",TOWNSEND,NEW CASTLE,DELAWARE,DE,39.3973626,-75.6862843,39.3975236,-75.68595499999999,39.3972047,-75.6866173,False,,False
NEW CASTLE,UNION UNITED METHODIST CHURCH,"345 SCHOOL BELL RD BEAR, DE 19701",,,,,"18-04 - 4 (1804), 18-09 - 3 (1809), 18-04 - 3 (1804), 18-09 - 4 (1809)",false,False,,"345 School Bell Rd, Bear, DE 19701, USA",BEAR,NEW CASTLE,DELAWARE,DE,39.6494058,-75.6419478,39.6496978,-75.6415911,39.6492054,-75.6424001,False,,False
NEW CASTLE,UNITARIAN UNIVERSLST/MILLCREEK,"579 POLLY DRUMMOND HILL RD NEWARK, DE 19711",,,,,"23-11 - 05 (2311), 23-11 - 03 (2311)",false,False,,"579 Polly Drummond Hill Rd, Newark, DE 19711, USA",NEWARK,NEW CASTLE,DELAWARE,DE,39.7373051,-75.7218358,39.7374376,-75.7215417,39.7372165,-75.7221785,False,,False
NEW CASTLE,UNITY LUTHERAN CHURCH,"2101 LANCASTER AVE WILMINGTON, DE 19805",,,,,"03-02 - 5 (0302), 03-09 - 5 (0309)",false,False,,"2101 Lancaster Ave, Wilmington, DE 19805, USA",WILMINGTON,NEW CASTLE,DELAWARE,DE,39.747842,-75.5761113,39.7482232,-75.57559959999999,39.7476268,-75.5764411,False,,False
NEW CASTLE,VICTORY CHRISTIAN FELLOWSHIP,"100 WILTON BLVD NEW CASTLE, DE 19720",,,,,"05-09 - 5 (0509), 05-10 - 4 (0510), 05-09 - 4 (0509)",false,False,,"100 Wilton Blvd, New Castle, DE 19720, USA",NEW CASTLE,NEW CASTLE,DELAWARE,DE,39.6509783,-75.62399119999999,39.65140350000001,-75.6234187,39.650694,-75.6244612,False,,False
NEW CASTLE,WATERS MIDDLE SCHOOL,"1235 CEDAR LANE RD MIDDLETOWN, DE 19709",,,,,"09-12 - 1 (0912), 27-15 - 01 (2715), 27-14 - 01 (2714), 27-13 - 01 (2713)",false,False,,"1235 Cedar Lane Rd, Middletown, DE 19709, USA",MIDDLETOWN,NEW CASTLE,DELAWARE,DE,39.502516,-75.688575,,,,,False,,False
NEW CASTLE,WEST PARK PLACE ELEMENTARY SCHOOL,"193 WEST PARK PL NEWARK, DE 19711",,,,,"23-05 - 3 (2305), 25-01 - 3 (2501), 25-03 - 3 (2503), 23-10 - 03 (2310)",false,False,,"193 W Park Pl, Newark, DE 19711, USA",NEWARK,NEW CASTLE,DELAWARE,DE,39.6732097,-75.76231349999999,39.6738469,-75.7620687,39.6723274,-75.7627933,False,,False
NEW CASTLE,WESTMINSTER PRESBYTERIAN CHURCH,"1502 W 13TH ST WILMINGTON, DE 19806",,,,,"04-07 - 5 (0407), 01-14 - 05 (0114), 01-15 - 05 (0115), 02-13 - 05 (0213), 01-14 - 2 (0114), 01-14 - 3 (0114)",false,False,,"1502 W 13th St, Wilmington, DE 19806, USA",WILMINGTON,NEW CASTLE,DELAWARE,DE,39.7544986,-75.562331,39.7548676,-75.5619317,39.7542145,-75.5628253,False,,False
NEW CASTLE,WILBUR ELEMENTARY SCHOOL,"4050 WRANGLE HILL RD BEAR, DE 19701",,,,,"15-03 - 4 (1503), 15-02 - 4 (1502), 15-07 - 4 (1507), 15-02 - 3 (1502)",false,False,,"4050 Wrangle Hill Rd, Bear, DE 19701, USA",BEAR,NEW CASTLE,DELAWARE,DE,39.5832973,-75.6667197,39.5841021,-75.6654293,39.582217,-75.6681873,False,,False
NEW CASTLE,WILLIAM PENN HIGH SCHOOL,"713 E BASIN RD NEW CASTLE, DE 19720",,,,,"16-10 - 4 (1610), 17-08 - 4 (1708)",false,False,,"713 E Basin Rd, New Castle, DE 19720, USA",NEW CASTLE,NEW CASTLE,DELAWARE,DE,39.6688426,-75.5846153,39.6695815,-75.58379029999999,39.6668618,-75.5854107,False,,False
NEW CASTLE,WILMINGTON MANOR ELEMENTARY SCHOOL,"200 E ROOSEVELT AVE NEW CASTLE, DE 19720",,,,,17-09 - 4 (1709),false,False,,"200 E Roosevelt Ave, Wilmington Manor, DE 19720, USA",WILMINGTON MANOR,NEW CASTLE,DELAWARE,DE,39.6837308,-75.5830692,39.6845563,-75.5826658,39.6832312,-75.5840432,False,,False
NEW CASTLE,WILMINGTON SENIOR CENTER,"1901 N MARKET ST WILMINGTON, DE 19802",,,,,"02-02 - 05 (0202), 02-21 - 03 (0221), 02-02 - 03 (0202), 01-04 - 2 (0104), 01-04 - 5 (0104), 02-02 - 4 (0202), 02-02 - 2 (0202)",false,False,,"1901 N Market St, Wilmington, DE 19802, USA",WILMINGTON,NEW CASTLE,DELAWARE,DE,39.7518971,-75.54272710000001,39.75202549999999,-75.54250370000001,39.7516247,-75.54287269999999,False,,False
NEW CASTLE,WILSON ELEMENTARY SCHOOL,"14 FORGE RD NEWARK, DE 19711",,,,,"21-07 - 3 (2107), 21-08 - 3 (2108), 21-04 - 3 (2104)",false,False,,"14 Forge Rd, Newark, DE 19711, USA",NEWARK,NEW CASTLE,DELAWARE,DE,39.7162238,-75.7070731,39.7165459,-75.7065492,39.7159389,-75.7074729,False,,False
NEW CASTLE,WOODLAWN LIBRARY,"2020 W 9TH ST WILMINGTON, DE 19805",,,,,"04-14 - 5 (0414), 04-10 - 5 (0410), 04-16 - 5 (0416), 03-13 - 05 (0313), 03-14 - 05 (0314), 03-12 - 05 (0312), 03-11 - 05 (0311), 03-10 - 5 (0310)",false,False,,"2020 W 9th St, Wilmington, DE 19805, USA",WILMINGTON,NEW CASTLE,DELAWARE,DE,39.7537797,-75.571609,39.7539889,-75.57141880000002,39.7536054,-75.57211869999999,False,,False
NEW CASTLE,X - not provided,220 Lisa Drive   New Castle DE ,220 Lisa Drive  ,New Castle,DE,,Locality wide location,true,false,,"220 Lisa Dr, New Castle, DE 19720, USA",NEW CASTLE,NEW CASTLE,DELAWARE,DE,39.6586885,-75.6068053,39.6591441,-75.6059566,39.65833670000001,-75.6073997,False,,False
SUSSEX,BEACON MIDDLE SCHOOL,"19483 JOHN J. WILLIAMS HWY LEWES, DE 19958",,,,,"14-04 - 11 (1404), 37-06 - 13 (3706), 37-06 - 11 (3706), 04-01 - 11 (0401), 37-09 - 11 (3709)",false,False,,"19483 John J Williams Hwy, Lewes, DE 19958, USA",LEWES,SUSSEX,DELAWARE,DE,38.71434929999999,-75.14879189999999,38.7150068,-75.14827180000002,38.7136986,-75.1492679,False,,False
SUSSEX,BETHANY BEACH FIRE HALL,"215 HOLLYWOOD ST BETHANY BEACH, DE 19930",,,,,38-04 - 13 (3804),false,False,,"215 Hollywood St, Bethany Beach, DE 19930, USA",BETHANY BEACH,SUSSEX,DELAWARE,DE,38.5375327,-75.05851369999999,38.5377023,-75.0582338,38.5374129,-75.05881269999999,False,,False
SUSSEX,BLADES ELEMENTARY,"900 S. ARCH ST BLADES, DE 19973",,,,,"39-07 - 15 (3907), 39-07 - 14 (3907)",false,False,,"900 S Arch St, Blades, DE 19973, USA",BLADES,SUSSEX,DELAWARE,DE,38.6309957,-75.6063401,38.6315243,-75.6057197,38.630458,-75.60691249999999,False,,False
SUSSEX,BLADES FIRE HALL,"200 E FIFTH ST SEAFORD, DE 19973",,,,,"39-06 - 15 (3906), 39-06 - 14 (3906)",false,False,,"200 E 5th St, Seaford, DE 19973, USA",SEAFORD,SUSSEX,DELAWARE,DE,38.633933,-75.60543580000001,38.6340946,-75.605113,38.6337949,-75.6056637,False,,False
SUSSEX,BRIDGEVILLE FIRE HALL,"315 MARKET ST BRIDGEVILLE, DE 19933",,,,,"35-09 - 15 (3509), 35-09 - 16 (3509)",false,False,,"315 Market St, Bridgeville, DE 19933, USA",BRIDGEVILLE,SUSSEX,DELAWARE,DE,38.742517,-75.60430459999999,38.7426964,-75.6040752,38.7423791,-75.604591,False,,False
SUSSEX,CAPE HENLOPEN HIGH SCHOOL,"1250 KINGS HWY LEWES, DE 19958",,,,,"14-02 - 11 (1402), 14-08 - 11 (1408)",false,False,,"1250 Kings Hwy, Lewes, DE 19958, USA",LEWES,SUSSEX,DELAWARE,DE,38.7571248,-75.1508898,38.760967,-75.1474429,38.7537434,-75.15542099999999,False,,False
SUSSEX,COOL SPRING PRES CHURCH HALL,"28842 LOG CABIN HILL RD LEWES, DE 19958",,,,,"20-09 - 11 (2009), 20-09 - 13 (2009)",false,False,,"28842 Log Cabin Hill Rd, Lewes, DE 19958, USA",LEWES,SUSSEX,DELAWARE,DE,38.7368903,-75.239167,,,,,False,,False
SUSSEX,DAGSBORO FIRE HALL,"28331 CLAYTON ST DAGSBORO, DE 19939",,,,,41-04 - 13 (4104),false,False,,"28331 Clayton St, Dagsboro, DE 19939, USA",DAGSBORO,SUSSEX,DELAWARE,DE,38.5469023,-75.24817949999999,38.5473015,-75.2478739,38.5466281,-75.2486377,False,,False
SUSSEX,DEL TECH - JASON BLDG,"21179 COLLEGE DR GEORGETOWN, DE 19947",,,,,"36-11 - 11 (3611), 36-11 - 13 (3611), 35-10 - 13 (3510), 35-12 - 13 (3512), 35-12 - 15 (3512)",false,False,,"21179 College Dr, Georgetown, DE 19947, USA",GEORGETOWN,SUSSEX,DELAWARE,DE,38.6970407,-75.4071124,38.6972148,-75.4070436,38.6968448,-75.4071769,False,,False
SUSSEX,DEL TECH CARTER PARTNER CENTER,"21179 COLLEGE DR GEORGETOWN, DE 19947",,,,,"35-04 - 15 (3504), 35-04 - 16 (3504), 35-04 - 13 (3504), 35-11 - 13 (3511)",false,False,,"21179 College Dr, Georgetown, DE 19947, USA",GEORGETOWN,SUSSEX,DELAWARE,DE,38.6970407,-75.4071124,38.6972148,-75.4070436,38.6968448,-75.4071769,False,,True
SUSSEX,DELMAR HIGH SCHOOL,"200 N 8TH ST DELMAR, DE 19940",,,,,"40-06 - 12 (4006), 40-06 - 14 (4006), 40-07 - 12 (4007), 40-07 - 14 (4007)",false,False,,"Delmar Park, 200 N 8th St, Delmar, DE 19940, USA",DELMAR,SUSSEX,DELAWARE,DE,38.4576853,-75.5672657,,,,,False,,False
SUSSEX,EAST MILLSBORO ELEMENTARY,"29346 IRON BRANCH RD MILLSBORO, DE 19966",,,,,"41-02 - 13 (4102), 41-02 - 14 (4102)",false,False,,"29346 Iron Branch Rd, Millsboro, DE 19966, USA",MILLSBORO,SUSSEX,DELAWARE,DE,38.5842457,-75.27794920000001,38.5842819,-75.2778945,38.5841994,-75.27799949999999,False,,False
SUSSEX,ELLENDALE FIRE HALL,"302 MAIN ST ELLENDALE, DE 19941",,,,,"35-07 - 16 (3507), 36-06 - 10 (3606), 35-07 - 11 (3507), 36-06 - 11 (3606), 35-07 - 10 (3507), 36-06 - 13 (3606), 35-07 - 13 (3507)",false,False,,"302 Main St, Ellendale, DE 19941, USA",ELLENDALE,SUSSEX,DELAWARE,DE,38.8077187,-75.4219085,38.8082177,-75.4207362,38.8070858,-75.4224113,False,,False
SUSSEX,FEDERAL VOTING DIST. - SUSSEX,"119 N. RACE ST GEORGETOWN, DE 19947",,,,,41-16 - 13 (4116),false,False,,"119 N Race St, Georgetown, DE 19947, USA",GEORGETOWN,SUSSEX,DELAWARE,DE,38.6924159,-75.38728329999999,38.6926052,-75.38705209999999,38.6922489,-75.3873842,False,,False
SUSSEX,FENWICK ISLAND TOWN HALL,"800 COASTAL HWY FENWICK ISLAND, DE 19944",,,,,38-05 - 13 (3805),false,False,,"800 Coastal Hwy, Fenwick Island, DE 19944, USA",FENWICK ISLAND,SUSSEX,DELAWARE,DE,38.4578614,-75.0526272,38.4580927,-75.0521499,38.45758420000001,-75.0529535,False,,False
SUSSEX,FRANKFORD FIRE HALL,"7 MAIN ST FRANKFORD, DE 19945",,,,,"41-10 - 13 (4110), 41-03 - 13 (4103)",false,False,,"7 Main St, Frankford, DE 19945, USA",FRANKFORD,SUSSEX,DELAWARE,DE,38.5176795,-75.23450609999999,38.5180726,-75.2341932,38.5174046,-75.23475789999999,False,,False
SUSSEX,GEORGETOWN ELEMENTARY SCHOOL,"SUSSEX CENTRAL DR GEORGETOWN, DE 19947",,,,,"37-05 - 13 (3705), 36-09 - 13 (3609), 36-09 - 10 (3609), 36-09 - 11 (3609), 37-02 - 13 (3702)",false,False,,"Sussex Central Dr, Georgetown, DE 19947, USA",GEORGETOWN,SUSSEX,DELAWARE,DE,38.684335,-75.388669,38.6860486,-75.38593999999999,38.6829969,-75.39094879999999,True,Invalid final address,False
SUSSEX,GREENWOOD FIRE HALL,"12611 SUSSEX HWY GREENWOOD, DE 19950",,,,,"35-08 - 10 (3508), 35-08 - 16 (3508)",false,False,,"12611 Sussex Hwy, Greenwood, DE 19950, USA",GREENWOOD,SUSSEX,DELAWARE,DE,38.8046396,-75.5848427,38.8048599,-75.584536,38.8044618,-75.5851382,False,,False
SUSSEX,GUMBORO FIRE HALL,"37030 MILLSBORO HWY MILLSBORO, DE 19966",,,,,"41-01 - 12 (4101), 41-01 - 13 (4101), 41-01 - 14 (4101)",false,False,,"37030 Millsboro Hwy, Millsboro, DE 19966, USA",MILLSBORO,SUSSEX,DELAWARE,DE,38.4783934,-75.3668368,38.4784401,-75.366759,38.4783522,-75.3669215,False,,False
SUSSEX,H. O. BRITTINGHAM SCHOOL,"402 MULBERRY ST MILTON, DE 19968",,,,,"20-03 - 11 (2003), 20-03 - 13 (2003)",false,False,,"402 Mulberry St, Milton, DE 19968, USA",MILTON,SUSSEX,DELAWARE,DE,38.7814453,-75.3166619,,,,,False,,False
SUSSEX,HARBESON CHURCH HALL,"18636 HARBESON RD HARBESON, DE 19951",,,,,"20-10 - 11 (2010), 20-10 - 13 (2010), 37-07 - 13 (3707), 37-07 - 11 (3707)",false,False,,"18636 Harbeson Rd, Harbeson, DE 19951, USA",HARBESON,SUSSEX,DELAWARE,DE,38.7241,-75.28652,,,,,False,,False
SUSSEX,INDIAN RIVER FIRE CO. SUB STA,"25375 BANKS RD MILLSBORO, DE 19966",,,,,04-08 - 13 (0408),false,False,,"25375 Banks Rd, Millsboro, DE 19966, USA",MILLSBORO,SUSSEX,DELAWARE,DE,38.6333951,-75.1811226,38.6335342,-75.18094620000001,38.6333174,-75.18135529999999,False,,False
SUSSEX,INDIAN RIVER FIRE HALL,"32628 OAK ORCHARD RD MILLSBORO, DE 19966",,,,,"04-09 - 13 (0409), 04-07 - 13 (0407)",false,False,,"32628 Oak Orchard Rd, Millsboro, DE 19966, USA",MILLSBORO,SUSSEX,DELAWARE,DE,38.5979559,-75.1768366,38.5982005,-75.1765465,38.5977425,-75.1771476,False,,False
SUSSEX,INDIAN RIVER HIGH SCHOOL,"29772 ARMORY RD DAGSBORO, DE 19939",,,,,41-06 - 13 (4106),false,False,,"29772 Armory Rd, Dagsboro, DE 19939, USA",DAGSBORO,SUSSEX,DELAWARE,DE,38.5411163,-75.2316046,,,,,False,,False
SUSSEX,LAUREL ELEMENTARY SCHOOL,"815 S. CENTRAL AVE LAUREL, DE 19956",,,,,"40-02 - 15 (4002), 40-02 - 14 (4002), 40-02 - 12 (4002), 40-02 - 13 (4002)",false,False,,"815 S Central Ave, Laurel, DE 19956, USA",LAUREL,SUSSEX,DELAWARE,DE,38.5514956,-75.5673959,,,,,False,,False
SUSSEX,LAUREL FIRE HALL,"205 W 10TH ST LAUREL, DE 19956",,,,,40-03 - 14 (4003),false,True,,"205 W 10th St, Laurel, DE 19956, USA",LAUREL,SUSSEX,DELAWARE,DE,38.55076409999999,-75.57275899999999,38.5508569,-75.5722596,38.5505988,-75.5732546,False,,False
SUSSEX,LAUREL HIGH SCHOOL,"1133 S. CENTRAL AVE LAUREL, DE 19956",,,,,"40-04 - 14 (4004), 40-04 - 12 (4004), 40-05 - 12 (4005), 40-05 - 14 (4005)",false,False,,"1133 S Central Ave, Laurel, DE 19956, USA",LAUREL,SUSSEX,DELAWARE,DE,38.5459416,-75.5661848,,,,,False,,False
SUSSEX,LEWES ELEMENTARY SCHOOL,"820 SAVANNAH AVE LEWES, DE 19958",,,,,"20-05 - 11 (2005), 20-07 - 11 (2007)",false,False,,"820 Savannah Rd, Lewes, DE 19958, USA",LEWES,SUSSEX,DELAWARE,DE,38.7686123,-75.14638529999999,,,,,False,,False
SUSSEX,LEWES FIRE HALL,"347 SAVANNAH RD LEWES, DE 19958",,,,,"14-01 - 11 (1401), 20-06 - 11 (2006)",false,False,,"347 Savannah Rd, Lewes, DE 19958, USA",LEWES,SUSSEX,DELAWARE,DE,38.7724098,-75.1407196,38.7726317,-75.14046189999999,38.7722242,-75.1410313,False,,False
SUSSEX,LEWES-REHOBOTH - STA. #3,"21194 JOHN J. WILLIAMS HWY LEWES, DE 19958",,,,,"04-02 - 11 (0402), 04-03 - 11 (0403)",false,False,,"21194 John J Williams Hwy, Lewes, DE 19958, USA",LEWES,SUSSEX,DELAWARE,DE,38.68922939999999,-75.1772013,38.6893962,-75.17701029999999,38.6890293,-75.1774282,False,,False
SUSSEX,LONG NECK ELEMENTARY SCHOOL,"26064 SCHOOL RD MILLSBORO, DE 19966",,,,,04-06 - 13 (0406),false,False,,"Millsboro, DE 19966, USA",MILLSBORO,SUSSEX,DELAWARE,DE,38.59150229999999,-75.2913018,38.6060299,-75.271485,38.570558,-75.3076799,True,Unexpected address size change,False
SUSSEX,LORD BALTIMORE ELEMENTARY,"120 ATLANTIC AVE OCEAN VIEW, DE 19970",,,,,"38-07 - 13 (3807), 38-03 - 13 (3803), 38-11 - 13 (3811)",false,False,,"120 Atlantic Ave, Ocean View, DE 19970, USA",OCEAN VIEW,SUSSEX,DELAWARE,DE,38.5452974,-75.0999185,38.5454054,-75.099637,38.5450792,-75.100242,False,,False
SUSSEX,LOVE CREEK SCHOOL,"19488 JOHN J WILLIAMS HWY LEWES, DE 19958",,,,,"20-04 - 11 (2004), 20-04 - 13 (2004), 14-09 - 11 (1409)",false,False,,"19488 John J Williams Hwy, Lewes, DE 19958, USA",LEWES,SUSSEX,DELAWARE,DE,38.71897990000001,-75.1525154,,,,,False,,False
SUSSEX,LULU ROSS ELEMENTARY SCHOOL,"310 LOVERS LANE MILFORD, DE 19963",,,,,"36-03 - 10 (3603), 36-01 - 10 (3601)",false,False,,"310 Lovers Ln, Milford, DE 19963, USA",MILFORD,SUSSEX,DELAWARE,DE,38.906702,-75.41744709999999,38.9076026,-75.417086,38.9056579,-75.4185704,False,,False
SUSSEX,MARINER MIDDLE SCHOOL,"16391 HARBESON RD MILTON, DE 19968",,,,,"20-02 - 11 (2002), 20-02 - 13 (2002)",false,False,,"16391 Harbeson Rd, Milton, DE 19968, USA",MILTON,SUSSEX,DELAWARE,DE,38.764537,-75.3123373,38.7648853,-75.3114272,38.7641006,-75.3131525,False,,False
SUSSEX,MEMORIAL VOL FIRE CO STA. #2,"8009 SLAUGHTER BEACH RD MILFORD, DE 19963",,,,,"36-05 - 11 (3605), 36-05 - 10 (3605), 36-10 - 11 (3610), 36-10 - 10 (3610)",false,False,,"8009 Slaughter Beach Rd, Milford, DE 19963, USA",MILFORD,SUSSEX,DELAWARE,DE,38.8779993,-75.3361619,38.8781147,-75.3359449,38.8778029,-75.33632750000001,False,,False
SUSSEX,MID SUSSEX RESCUE SQUAD,"31738 INDIAN MISSION RD MILLSBORO, DE 19966",,,,,"04-05 - 13 (0405), 04-04 - 13 (0404), 04-04 - 11 (0404)",false,False,,"31738 Indian Mission Rd, Millsboro, DE 19966, USA",MILLSBORO,SUSSEX,DELAWARE,DE,38.6368507,-75.19804909999999,38.6368708,-75.19800289999999,38.6368145,-75.19808929999999,False,,False
SUSSEX,MILLSBORO CIVIC CENTER,"322 WILSON HWY MILLSBORO, DE 19966",,,,,"41-08 - 13 (4108), 41-09 - 13 (4109), 41-09 - 11 (4109), 41-09 - 14 (4109)",false,False,,"322 Wilson Hwy, Millsboro, DE 19966, USA",MILLSBORO,SUSSEX,DELAWARE,DE,38.586361,-75.29078729999999,38.5865852,-75.29046029999999,38.5861992,-75.291133,False,,False
SUSSEX,MILLSBORO FIRE HALL,"109 E. STATE ST MILLSBORO, DE 19966",,,,,"41-05 - 13 (4105), 04-10 - 13 (0410), 04-11 - 13 (0411)",false,False,,"109 E State St, Millsboro, DE 19966, USA",MILLSBORO,SUSSEX,DELAWARE,DE,38.5919892,-75.2902405,38.592296,-75.2900562,38.59154120000001,-75.2905904,False,,False
SUSSEX,MILLVILLE COMMUNITY CENTER,"32517 DUKES DRIVE MILLVILLE, DE 19967",,,,,"38-08 - 13 (3808), 38-09 - 13 (3809)",false,True,,"32517 Dukes Dr, Millville, DE 19967, USA",MILLVILLE,SUSSEX,DELAWARE,DE,38.5444337,-75.1135353,38.5446012,-75.1134332,38.5443304,-75.1136836,False,,False
SUSSEX,MILLVILLE FIRE HALL,"35554 ATLANTIC AVE MILLVILLE, DE 19967",,,,,38-02 - 13 (3802),false,False,,"35554 Atlantic Ave, Millville, DE 19967, USA",MILLVILLE,SUSSEX,DELAWARE,DE,38.5470489,-75.1107983,38.5472748,-75.1105254,38.5467839,-75.11099779999999,False,,False
SUSSEX,MILLVILLE VFC #2,"34237 OMAR RD FRANKFORD, DE 19945",,,,,38-01 - 13 (3801),false,False,,"34237 Omar Rd, Frankford, DE 19945, USA",FRANKFORD,SUSSEX,DELAWARE,DE,38.5486518,-75.1504793,38.5487866,-75.1502982,38.5485147,-75.1506812,False,,False
SUSSEX,MILTON ELEMENTARY SCHOOL,"512 FEDERAL ST MILTON, DE 19968",,,,,"20-01 - 11 (2001), 20-11 - 11 (2011)",false,False,,"512 Federal St, Milton, DE 19968, USA",MILTON,SUSSEX,DELAWARE,DE,38.7712507,-75.3152302,38.7713104,-75.3150922,38.7711626,-75.31532829999999,False,,False
SUSSEX,MISPILLION ELEMENTARY SCHOOL,"311 LOVER`S LANE MILFORD, DE 19963",,,,,"36-02 - 10 (3602), 36-02 - 16 (3602)",false,False,,"311 Lovers Ln, Milford, DE 19963, USA",MILFORD,SUSSEX,DELAWARE,DE,38.9055579,-75.4159902,38.9058947,-75.4152288,38.9052732,-75.41675219999999,False,,False
SUSSEX,MORRIS EARLY LEARNING CENTER,"8609 THIRD ST LINCOLN, DE 19960",,,,,"36-04 - 11 (3604), 36-04 - 10 (3604)",false,False,,"8609 3rd St, Lincoln, DE 19960, USA",LINCOLN,SUSSEX,DELAWARE,DE,38.8695048,-75.4178113,38.8699653,-75.4173728,38.8690655,-75.41874659999999,False,,False
SUSSEX,N. LAUREL EARLY LEARNING ACAD,"600 WILSON ST LAUREL, DE 19956",,,,,"40-01 - 15 (4001), 40-01 - 14 (4001)",false,False,,"600 Wilson St, Laurel, DE 19956, USA",LAUREL,SUSSEX,DELAWARE,DE,38.5647013,-75.568347,38.5650043,-75.56730019999999,38.563747,-75.56869929999999,False,,False
SUSSEX,NORTH GEORGETOWN ELEMENTARY,"664 N. BEDFORD ST. GEORGETOWN, DE 19947",,,,,"37-01 - 11 (3701), 37-01 - 13 (3701)",false,False,,"664 N Bedford St, Georgetown, DE 19947, USA",GEORGETOWN,SUSSEX,DELAWARE,DE,38.7053199,-75.3994178,38.7057723,-75.3987826,38.7048538,-75.4000178,False,,False
SUSSEX,REDDEN COMMUNITY HALL,"18192 REDDEN RD GEORGETOWN, DE 19947",,,,,"35-06 - 10 (3506), 35-06 - 16 (3506), 35-06 - 13 (3506)",false,False,,"18192 Redden Rd, Georgetown, DE 19947, USA",GEORGETOWN,SUSSEX,DELAWARE,DE,38.74293850000001,-75.4317642,38.7430017,-75.4316544,38.7428952,-75.43193149999999,False,,False
SUSSEX,REHOBOTH ELEMENTARY SCHOOL,"500 STOCKLEY ST REHOBOTH, DE 19971",,,,,"14-03 - 11 (1403), 14-06 - 11 (1406)",false,False,,"500 Stockley St, Rehoboth Beach, DE 19971, USA",REHOBOTH BEACH,SUSSEX,DELAWARE,DE,38.7091481,-75.088308,38.7099588,-75.0873046,38.7085308,-75.08938909999999,False,,False
SUSSEX,REHOBOTH FIRE CO - STA. #2,"36027  AIRPORT RD REHOBOTH, DE 19971",,,,,14-05 - 11 (1405),false,False,,"36027 Airport Rd, Rehoboth Beach, DE 19971, USA",REHOBOTH BEACH,SUSSEX,DELAWARE,DE,38.7219716,-75.1223388,38.722126,-75.12219540000001,38.7218217,-75.1226001,False,,False
SUSSEX,REHOBOTH FIRE HALL,"219 REHOBOTH AVE REHOBOTH, DE 19971",,,,,"14-07 - 11 (1407), 14-07 - 15 (1407)",false,False,,"219 Rehoboth Ave, Rehoboth Beach, DE 19971, USA",REHOBOTH BEACH,SUSSEX,DELAWARE,DE,38.7163044,-75.0826963,38.716463,-75.0825608,38.7161832,-75.0829121,False,,False
SUSSEX,ROXANA FIRE HALL,"39453 ZION CHURCH RD FRANKFORD, DE 19945",,,,,"38-06 - 13 (3806), 38-10 - 13 (3810)",false,False,,"39453 Zion Church Rd, Frankford, DE 19945, USA",FRANKFORD,SUSSEX,DELAWARE,DE,38.4911494,-75.1638409,38.4921557,-75.1630668,38.49064060000001,-75.16476759999999,False,,False
SUSSEX,SEAFORD CITY HALL,"414 HIGH ST SEAFORD, DE 19973",,,,,"39-01 - 16 (3901), 39-01 - 15 (3901)",false,False,,"414 High St, Seaford, DE 19973, USA",SEAFORD,SUSSEX,DELAWARE,DE,38.6420744,-75.6101685,38.6422836,-75.6099304,38.6418725,-75.61029909999999,False,,False
SUSSEX,SEAFORD MIDDLE SCHOOL,"500 E. STEIN HWY SEAFORD, DE 19973",,,,,"39-04 - 15 (3904), 39-08 - 15 (3908)",false,False,,"500 E Stein Hwy, Seaford, DE 19973, USA",SEAFORD,SUSSEX,DELAWARE,DE,38.6479287,-75.6130343,38.6482111,-75.6127166,38.647727,-75.6132803,False,,False
SUSSEX,SEAFORD SENIOR HIGH SCHOOL,"399 N. MARKET ST SEAFORD, DE 19973",,,,,"39-03 - 15 (3903), 39-02 - 15 (3902), 39-02 - 14 (3902)",false,False,,"399 N Market St, Seaford, DE 19973, USA",SEAFORD,SUSSEX,DELAWARE,DE,38.6522504,-75.6138981,38.65311579999999,-75.6122479,38.650885,-75.6149523,False,,False
SUSSEX,SELBYVILLE FIRE HALL,"30 N. MAIN ST SELBYVILLE, DE 19975",,,,,41-07 - 13 (4107),false,False,,"30 N Main St, Selbyville, DE 19975, USA",SELBYVILLE,SUSSEX,DELAWARE,DE,38.4633083,-75.22272319999999,38.4634201,-75.2226155,38.4631962,-75.2228465,False,,False
SUSSEX,SELBYVILLE MIDDLE SCHOOL,"80 BETHANY RD SELBYVILLE, DE 19975",,,,,41-11 - 13 (4111),false,False,,"80 Bethany Rd, Selbyville, DE 19975, USA",SELBYVILLE,SUSSEX,DELAWARE,DE,38.4625097,-75.2091615,38.4631222,-75.20830629999999,38.4616526,-75.2095501,False,,False
SUSSEX,SLAUGHTER NECK COMMUNITY ACTION ORG,"22942 SLAUGHER NECK RD LINCOLN, DE 19960",,,,,"36-08 - 11 (3608), 36-08 - 13 (3608), 36-07 - 11 (3607), 36-07 - 10 (3607), 36-08 - 10 (3608)",false,False,,"22942 Slaughter Neck Rd, Lincoln, DE 19960, USA",LINCOLN,SUSSEX,DELAWARE,DE,38.8559647,-75.34199219999999,38.8561726,-75.34178779999999,38.8557357,-75.34209419999999,False,,False
SUSSEX,SUSSEX CENTRAL HIGH SCHOOL,"26026 PATRIOTS WAY GEORGETOWN, DE 19947",,,,,"37-04 - 11 (3704), 37-04 - 13 (3704), 40-08 - 11 (4008), 40-08 - 13 (4008)",false,False,,"26026 Patriots Way, Georgetown, DE 19947, USA",GEORGETOWN,SUSSEX,DELAWARE,DE,38.6307931,-75.326095,38.6313378,-75.3254331,38.6295215,-75.3269554,False,,False
SUSSEX,SUSSEX CONSORTIUM-CAPE SD,"17344 SWEETBRIAR RD LEWES,    19958",,,,,"20-08 - 11 (2008), 20-08 - 13 (2008)",false,False,,,,,,,,,,,,,True,"Unexpected state from google in ../data/democracy_works/2022/original/vip_PollingLocation_10_2022-09-13.csv line 277: expected ES, but got DE from address 17344 Sweet Briar Rd, Lewes, DE 19958, USA",False
SUSSEX,SUSSEX TECH HIGH SCHOOL,"17099 COUNTY SEAT HWY GEORGETOWN, DE 19947",,,,,"35-05 - 13 (3505), 35-05 - 15 (3505), 37-08 - 14 (3708), 37-08 - 15 (3708), 37-08 - 13 (3708)",false,False,,"17099 County Seat Hwy, Georgetown, DE 19947, USA",GEORGETOWN,SUSSEX,DELAWARE,DE,38.6433502,-75.4431214,38.6446115,-75.4414067,38.642771,-75.44472689999999,False,,False
SUSSEX,WEST SEAFORD ELEMENTARY,"511 SUSSEX AVE SEAFORD, DE 19973",,,,,"39-05 - 15 (3905), 39-05 - 14 (3905)",false,False,,"511 Sussex Ave, Seaford, DE 19973, USA",SEAFORD,SUSSEX,DELAWARE,DE,38.6432021,-75.6316828,38.6436787,-75.6310333,38.6423667,-75.6320653,False,,False
SUSSEX,WOODBRIDGE EARLY LEARNING CENTER,"400 GOVERNORS AVE GREENWOOD, DE 19950",,,,,"35-01 - 10 (3501), 35-01 - 16 (3501)",false,False,,"400 Governors Ave, Greenwood, DE 19950, USA",GREENWOOD,SUSSEX,DELAWARE,DE,38.8038612,-75.5872528,38.8044507,-75.5865187,38.8032171,-75.5878585,False,,False
SUSSEX,WOODBRIDGE HIGH SCHOOL,"14712 WOODBRIDGE RD GREENWOOD, DE 19950",,,,,"35-02 - 16 (3502), 35-02 - 15 (3502)",false,False,,"14712 Woodbridge Rd, Greenwood, DE 19950, USA",GREENWOOD,SUSSEX,DELAWARE,DE,38.7779265,-75.6122614,38.7793523,-75.61166349999999,38.7774352,-75.6136858,False,,False
SUSSEX,WOODBRIDGE MIDDLE SCHOOL,"307 S. LAWS ST BRIDGEVILLE, DE 19933",,,,,"35-03 - 15 (3503), 35-03 - 16 (3503), 39-09 - 16 (3909), 39-09 - 15 (3909)",false,False,,"307 S Laws St, Bridgeville, DE 19933, USA",BRIDGEVILLE,SUSSEX,DELAWARE,DE,38.73984160000001,-75.6003571,38.7402006,-75.60006460000001,38.7391179,-75.60115,False,,False
SUSSEX,X - not provided,119 N Race St   Georgetown DE ,119 N Race St  ,Georgetown,DE,,Locality wide location,1.0,false,,"119 N Race St, Georgetown, DE 19947, USA",GEORGETOWN,SUSSEX,DELAWARE,DE,38.6924159,-75.38728329999999,38.6926052,-75.38705209999999,38.6922489,-75.3873842,False,,True
SUSSEX,X - not provided,200 Allen St   Seaford DE ,200 Allen St  ,Seaford,DE,,Locality wide location,true,false,,"200 Allen St, Seaford, DE 19973, USA",SEAFORD,SUSSEX,DELAWARE,DE,38.638768,-75.637474,,,,,False,,False
SUSSEX,X - not provided,542 S Bedford St   Georgetown DE ,542 S Bedford St  ,Georgetown,DE,,Locality wide location,true,false,,"542 S Bedford St, Georgetown, DE 19947, USA",GEORGETOWN,SUSSEX,DELAWARE,DE,38.6669146,-75.3782444,38.6670368,-75.3780144,38.6667784,-75.3785106,False,,False
SUSSEX,ZOAR CHURCH HALL,"24463 GRAVEL HILL RD MILLSBORO, DE 19966",,,,,"37-03 - 11 (3703), 37-03 - 13 (3703)",false,False,,"24463 Gravel Hill Rd, Millsboro, DE 19966, USA",MILLSBORO,SUSSEX,DELAWARE,DE,38.6463828,-75.2970066,38.6464658,-75.29683829999999,38.6462912,-75.2972516,False,,False
