Locality,Location Name,Address Full,Address Line,Address City,Address State,Address Zip,Precincts (Or Locality-wide),Is Drop Off,Is Early Voting,Schedules,Precinct FIPS,Locality FIPS,Google Address,City,County,State Long,State,Latitude,Longitude,NE Latitude,NE Longitude,SW Latitude,SW Longitude,Review Required,Problem,Duplicate
adair,Adair County Auditor,400 Public Square Greenfield IA 50849,400 Public Square,Greenfield,IA,50849,Locality wide location,false,true,"From: 2022-10-19, To: 2022-10-21, Times: 08:00:00 - 16:30:00; From: 2022-10-24, To: 2022-10-24, Times: 08:00:00 - 17:00:00; From: 2022-10-25, To: 2022-10-28, Times: 08:00:00 - 16:30:00; From: 2022-10-31, To: 2022-11-03, Times: 08:00:00 - 16:30:00; From: 2022-11-04, To: 2022-11-04, Times: 08:00:00 - 17:00:00; From: 2022-11-05, To: 2022-11-05, Times: 08:00:00 - 17:00:00; From: 2022-11-07, To: 2022-11-07, Times: 08:00:00 - 16:30:00",1932790,19001,"400 Public Square, Greenfield, IA 50849, USA",GREENFIELD,ADAIR,IOWA,IA,41.3050791,-94.4610281,41.3051829,-94.4608757,41.305012,-94.46118849999999,False,,False
adams,Adams County Auditor,500 9th St Corning IA 50841,500 9th St,Corning,IA,50841,Locality wide location,false,true,"From: 2022-10-19, To: 2022-10-21, Times: 08:30:00 - 16:30:00; From: 2022-10-24, To: 2022-10-28, Times: 08:30:00 - 16:30:00; From: 2022-10-31, To: 2022-11-04, Times: 08:30:00 - 16:30:00; From: 2022-11-05, To: 2022-11-05, Times: 09:00:00 - 17:00:00; From: 2022-11-07, To: 2022-11-07, Times: 08:30:00 - 16:30:00",1916500,19003,"500 9th St, Corning, IA 50841, USA",CORNING,ADAMS,IOWA,IA,40.9911533,-94.7347556,,,,,False,,False
allamakee,Allamakee County Auditor,110 Allamakee St Waukon IA 52172,110 Allamakee St,Waukon,IA,52172,Locality wide location,false,true,"From: 2022-10-19, To: 2022-10-21, Times: 08:00:00 - 16:00:00; From: 2022-10-24, To: 2022-10-28, Times: 08:00:00 - 16:00:00; From: 2022-10-31, To: 2022-11-04, Times: 08:00:00 - 16:00:00; From: 2022-11-05, To: 2022-11-05, Times: 09:00:00 - 17:00:00; From: 2022-11-07, To: 2022-11-07, Times: 08:00:00 - 16:00:00",1982740,19005,"110 Allamakee St NW, Waukon, IA 52172, USA",WAUKON,ALLAMAKEE,IOWA,IA,43.2705695,-91.47629119999999,43.270755,-91.4761379,43.2703981,-91.4764052,False,,False
appanoose,Appanoose County Auditor,201 N 12th St Centerville IA 52544,201 N 12th St,Centerville,IA,52544,Locality wide location,false,true,"From: 2022-10-19, To: 2022-10-21, Times: 08:00:00 - 16:00:00; From: 2022-10-24, To: 2022-10-28, Times: 08:00:00 - 16:00:00; From: 2022-10-31, To: 2022-11-04, Times: 08:00:00 - 16:00:00; From: 2022-11-05, To: 2022-11-05, Times: 09:00:00 - 17:00:00; From: 2022-11-07, To: 2022-11-07, Times: 08:00:00 - 16:00:00",1912315,19007,"201 N 12th St, Centerville, IA 52544, USA",CENTERVILLE,APPANOOSE,IOWA,IA,40.7342303,-92.87419469999999,40.7343109,-92.87401969999999,40.7341215,-92.87435819999999,False,,False
audubon,Audubon County Auditor,318 Leroy St Audubon IA 50025,318 Leroy St,Audubon,IA,50025,Locality wide location,false,true,"From: 2022-10-19, To: 2022-10-21, Times: 08:00:00 - 16:30:00; From: 2022-10-24, To: 2022-10-28, Times: 08:00:00 - 16:30:00; From: 2022-10-31, To: 2022-11-04, Times: 08:00:00 - 16:30:00; From: 2022-11-05, To: 2022-11-05, Times: 09:00:00 - 17:00:00; From: 2022-11-07, To: 2022-11-07, Times: 08:00:00 - 16:30:00",1903655,19009,"318 Leroy St, Audubon, IA 50025, USA",AUDUBON,AUDUBON,IOWA,IA,41.7214745,-94.9296159,41.7216861,-94.9293991,41.72133729999999,-94.92979559999999,False,,False
benton,Benton County Auditor,111 E 4th St Vinton IA 52349,111 E 4th St,Vinton,IA,52349,Locality wide location,false,true,"From: 2022-10-19, To: 2022-10-21, Times: 08:00:00 - 16:30:00; From: 2022-10-24, To: 2022-10-24, Times: 08:00:00 - 17:00:00; From: 2022-10-25, To: 2022-10-28, Times: 08:00:00 - 16:30:00; From: 2022-10-31, To: 2022-11-03, Times: 08:00:00 - 16:30:00; From: 2022-11-04, To: 2022-11-04, Times: 08:00:00 - 17:00:00; From: 2022-11-05, To: 2022-11-05, Times: 09:00:00 - 17:00:00; From: 2022-11-07, To: 2022-11-07, Times: 08:00:00 - 17:00:00",1981210,19011,"111 E 4th St, Vinton, IA 52349, USA",VINTON,BENTON,IOWA,IA,42.16815,-92.02360739999999,42.1682816,-92.0233942,42.1680804,-92.02379520000001,False,,False
black_hawk,Black Hawk County Auditor,316 E 5th St Waterloo IA 50703,316 E 5th St,Waterloo,IA,50703,Locality wide location,false,true,"From: 2022-10-19, To: 2022-10-21, Times: 08:00:00 - 16:30:00; From: 2022-10-24, To: 2022-10-24, Times: 08:00:00 - 17:00:00; From: 2022-10-25, To: 2022-10-28, Times: 08:00:00 - 16:30:00; From: 2022-10-31, To: 2022-11-03, Times: 08:00:00 - 16:30:00; From: 2022-11-04, To: 2022-11-04, Times: 08:00:00 - 17:00:00; From: 2022-11-05, To: 2022-11-05, Times: 09:00:00 - 17:00:00; From: 2022-11-07, To: 2022-11-07, Times: 08:00:00 - 16:30:00",1982425,,"316 E 5th St, Waterloo, IA 50703, USA",WATERLOO,BLACK HAWK,IOWA,IA,42.4985515,-92.33304509999999,42.4988588,-92.33267,42.4982371,-92.3334816,False,,False
black_hawk,Black Hawk County Courthouse Ballot Drop Box,316 E 5th St Waterloo IA 50703,316 E 5th St,Waterloo,IA,50703,Locality wide location,true,false,"From: 2022-10-19, To: 2022-11-05, Times: 00:00:00 - 23:59:59; From: 2022-11-08, To: 2022-11-08, Times: 00:00:00 - 20:00:00; From: 2022-11-06, To: 2022-11-06, Times: 00:00:00 - 23:59:59; From: 2022-11-07, To: 2022-11-07, Times: 00:00:00 - 23:59:59",1982425,,"316 E 5th St, Waterloo, IA 50703, USA",WATERLOO,BLACK HAWK,IOWA,IA,42.4985515,-92.33304509999999,42.4988588,-92.33267,42.4982371,-92.3334816,False,,False
black_hawk,Cedar Valley Sportsplex,300 Jefferson St Waterloo IA 50701,300 Jefferson St,Waterloo,IA,50701,Locality wide location,false,true,"From: 2022-10-27, To: 2022-10-27, Times: 08:00:00 - 14:00:00",1982425,,"300 Jefferson St, Waterloo, IA 50701, USA",WATERLOO,BLACK HAWK,IOWA,IA,42.496502,-92.3442488,,,,,False,,False
black_hawk,Diamond Event Center,5307 Caraway Ln Cedar Falls IA 50613,5307 Caraway Ln,Cedar Falls,IA,50613,Locality wide location,false,true,"From: 2022-10-26, To: 2022-10-26, Times: 08:00:00 - 14:00:00",,,"5307 Caraway Ln, Cedar Falls, IA 50613, USA",CEDAR FALLS,BLACK HAWK,IOWA,IA,42.4891584,-92.4394244,42.4892456,-92.4393296,42.4890524,-92.4395593,False,,False
black_hawk,Friendship Village,3720 Village Pl Waterloo IA 50702,3720 Village Pl,Waterloo,IA,50702,Locality wide location,false,true,"From: 2022-10-25, To: 2022-10-25, Times: 08:00:00 - 14:00:00",1982425,,"3720 Village Pl, Waterloo, IA 50702, USA",WATERLOO,BLACK HAWK,IOWA,IA,42.4599067,-92.3504973,42.4612005,-92.3490163,42.4594847,-92.3507498,False,,False
black_hawk,Macker Union UNI Campus,063 Sabin-Maucker Cedar Falls IA 50614,063 Sabin-Maucker,Cedar Falls,IA,50614,Locality wide location,false,true,"From: 2022-10-19, To: 2022-10-21, Times: 09:00:00 - 15:00:00",,,"063 Sabin-Maucker, Cedar Falls, IA 50614, USA",CEDAR FALLS,BLACK HAWK,IOWA,IA,42.5147488,-92.45819589999999,42.5151719,-92.4576524,42.5143135,-92.45878379999999,False,,False
boone,Boone County Auditor,201 State St Boone IA 50036,201 State St,Boone,IA,50036,Locality wide location,false,true,"From: 2022-10-19, To: 2022-10-21, Times: 08:00:00 - 16:30:00; From: 2022-10-24, To: 2022-10-24, Times: 08:00:00 - 17:00:00; From: 2022-10-25, To: 2022-10-28, Times: 08:00:00 - 16:30:00; From: 2022-10-29, To: 2022-10-29, Times: 07:00:00 - 17:00:00; From: 2022-10-31, To: 2022-11-03, Times: 08:00:00 - 16:30:00; From: 2022-11-04, To: 2022-11-04, Times: 08:00:00 - 17:00:00; From: 2022-11-05, To: 2022-11-05, Times: 08:00:00 - 17:00:00; From: 2022-11-07, To: 2022-11-07, Times: 08:00:00 - 16:30:00",1907480,19015,"201 State St, Boone, IA 50036, USA",BOONE,BOONE,IOWA,IA,42.058791,-93.9061892,42.0590438,-93.90601980000001,42.0586352,-93.906337,False,,False
bremer,Bremer County Auditor,415 E Bremer Ave Waverly IA 50677,415 E Bremer Ave,Waverly,IA,50677,Locality wide location,false,true,"From: 2022-10-19, To: 2022-10-21, Times: 08:00:00 - 16:30:00; From: 2022-10-24, To: 2022-10-28, Times: 08:00:00 - 16:30:00; From: 2022-10-31, To: 2022-11-04, Times: 08:00:00 - 16:30:00; From: 2022-11-05, To: 2022-11-05, Times: 09:00:00 - 17:00:00; From: 2022-11-07, To: 2022-11-07, Times: 08:00:00 - 16:30:00",1982875,19017,"415 E Bremer Ave, Waverly, IA 50677, USA",WAVERLY,BREMER,IOWA,IA,42.7265549,-92.4650894,42.7265989,-92.4648534,42.72643799999999,-92.46535759999999,False,,False
bremer,Bremer County Courthouse Ballot Drop Box,415 E Bremer Ave Waverly IA 50677,415 E Bremer Ave,Waverly,IA,50677,Locality wide location,true,false,"From: 2022-10-19, To: 2022-11-05, Times: 00:00:00 - 23:59:59; From: 2022-11-08, To: 2022-11-08, Times: 00:00:00 - 20:00:00; From: 2022-11-06, To: 2022-11-06, Times: 00:00:00 - 23:59:59; From: 2022-11-07, To: 2022-11-07, Times: 00:00:00 - 23:59:59",1982875,19017,"415 E Bremer Ave, Waverly, IA 50677, USA",WAVERLY,BREMER,IOWA,IA,42.7265549,-92.4650894,42.7265989,-92.4648534,42.72643799999999,-92.46535759999999,False,,False
bremer,Wartburg College,100 Wartburg Blvd Waverly IA 50677,100 Wartburg Blvd,Waverly,IA,50677,Locality wide location,false,true,"From: 2022-10-25, To: 2022-10-25, Times: 09:30:00 - 15:30:00",1982875,19017,"100 Wartburg Blvd, Waverly, IA 50677, USA",WAVERLY,BREMER,IOWA,IA,42.7286543,-92.4824715,,,,,False,,False
buchanan,Buchanan County Auditor,210 5th Ave NE Independence IA 50644,210 5th Ave NE,Independence,IA,50644,Locality wide location,false,true,"From: 2022-10-19, To: 2022-10-21, Times: 08:00:00 - 16:30:00; From: 2022-10-24, To: 2022-10-28, Times: 08:00:00 - 16:30:00; From: 2022-10-31, To: 2022-11-04, Times: 08:00:00 - 16:30:00; From: 2022-11-05, To: 2022-11-05, Times: 08:00:00 - 17:00:00; From: 2022-11-07, To: 2022-11-07, Times: 08:00:00 - 16:30:00",1938100,19019,"Buchanan County Court House, 210 5th Ave NE, Independence, IA 50644, USA",INDEPENDENCE,BUCHANAN,IOWA,IA,42.4703759,-91.8886335,42.47069949999999,-91.88837149999999,42.4699031,-91.8888461,False,,False
buena_vista,Buena Vista County Auditor,215 E 5th St Storm Lake IA 50588,215 E 5th St,Storm Lake,IA,50588,Locality wide location,false,true,"From: 2022-10-19, To: 2022-10-21, Times: 08:00:00 - 16:30:00; From: 2022-10-24, To: 2022-10-24, Times: 08:00:00 - 17:00:00; From: 2022-10-25, To: 2022-10-28, Times: 08:00:00 - 16:30:00; From: 2022-10-31, To: 2022-11-03, Times: 08:00:00 - 16:30:00; From: 2022-11-04, To: 2022-11-04, Times: 08:00:00 - 17:00:00; From: 2022-11-05, To: 2022-11-05, Times: 09:00:00 - 17:00:00; From: 2022-11-07, To: 2022-11-07, Times: 08:00:00 - 16:30:00",1975630,,"215 E 5th St, Storm Lake, IA 50588, USA",STORM LAKE,BUENA VISTA,IOWA,IA,42.64496399999999,-95.1989832,42.6451297,-95.19854,42.6446086,-95.19938259999999,False,,False
butler,Butler County Elections Office,428 6th St Allison IA 50602,428 6th St,Allison,IA,50602,Locality wide location,false,true,"From: 2022-10-19, To: 2022-10-21, Times: 07:30:00 - 16:30:00; From: 2022-10-24, To: 2022-10-24, Times: 08:00:00 - 17:00:00; From: 2022-10-25, To: 2022-10-28, Times: 07:30:00 - 16:30:00; From: 2022-10-31, To: 2022-11-03, Times: 07:30:00 - 16:30:00; From: 2022-11-04, To: 2022-11-04, Times: 08:00:00 - 17:00:00; From: 2022-11-05, To: 2022-11-05, Times: 09:00:00 - 17:00:00; From: 2022-11-07, To: 2022-11-07, Times: 07:30:00 - 16:30:00",1901315,19023,"428 6th St, Allison, IA 50602, USA",ALLISON,BUTLER,IOWA,IA,42.75606639999999,-92.7951382,42.7561945,-92.79473109999999,42.7559626,-92.7954443,False,,False
butler,Butler County Elections Office Ballot Drop Box,428 6th St Allison IA 50602,428 6th St,Allison,IA,50602,Locality wide location,true,false,"From: 2022-10-19, To: 2022-11-05, Times: 00:00:00 - 23:59:59; From: 2022-11-08, To: 2022-11-08, Times: 00:00:00 - 20:00:00; From: 2022-11-06, To: 2022-11-06, Times: 00:00:00 - 23:59:59; From: 2022-11-07, To: 2022-11-07, Times: 00:00:00 - 23:59:59",1901315,19023,"428 6th St, Allison, IA 50602, USA",ALLISON,BUTLER,IOWA,IA,42.75606639999999,-92.7951382,42.7561945,-92.79473109999999,42.7559626,-92.7954443,False,,False
calhoun,Calhoun County Auditor,416 4th St Rockwell City IA 50579,416 4th St,Rockwell City,IA,50579,Locality wide location,false,true,"From: 2022-10-19, To: 2022-10-21, Times: 08:30:00 - 16:30:00; From: 2022-10-24, To: 2022-10-24, Times: 08:00:00 - 17:00:00; From: 2022-10-25, To: 2022-10-28, Times: 08:30:00 - 16:30:00; From: 2022-10-31, To: 2022-11-03, Times: 08:30:00 - 16:30:00; From: 2022-11-04, To: 2022-11-04, Times: 08:30:00 - 17:00:00; From: 2022-11-05, To: 2022-11-05, Times: 09:00:00 - 17:00:00; From: 2022-11-07, To: 2022-11-07, Times: 08:30:00 - 16:30:00",,19025,"416 4th St, Rockwell City, IA 50579, USA",ROCKWELL CITY,CALHOUN,IOWA,IA,42.3952113,-94.63413919999999,42.3953597,-94.63401239999999,42.3950248,-94.6343297,False,,False
carroll,Carroll County Auditor,114 E 6th St Carroll IA 51401,114 E 6th St,Carroll,IA,51401,Locality wide location,false,true,"From: 2022-10-19, To: 2022-10-21, Times: 08:00:00 - 16:30:00; From: 2022-10-24, To: 2022-10-28, Times: 08:00:00 - 16:30:00; From: 2022-10-31, To: 2022-11-04, Times: 08:00:00 - 16:30:00; From: 2022-11-05, To: 2022-11-05, Times: 09:00:00 - 17:00:00; From: 2022-11-07, To: 2022-11-07, Times: 08:00:00 - 16:30:00",1911080,19027,"114 E 6th St, Carroll, IA 51401, USA",CARROLL,CARROLL,IOWA,IA,42.0646985,-94.8668522,42.0648214,-94.8665949,42.0645366,-94.8670951,False,,False
carroll,Carroll County Courthouse Ballot Drop Box,114 E 6th St Carroll IA 51401,114 E 6th St,Carroll,IA,51401,Locality wide location,true,false,"From: 2022-10-19, To: 2022-11-05, Times: 00:00:00 - 23:59:59; From: 2022-11-08, To: 2022-11-08, Times: 00:00:00 - 20:00:00; From: 2022-11-06, To: 2022-11-06, Times: 00:00:00 - 23:59:59; From: 2022-11-07, To: 2022-11-07, Times: 00:00:00 - 23:59:59",1911080,19027,"114 E 6th St, Carroll, IA 51401, USA",CARROLL,CARROLL,IOWA,IA,42.0646985,-94.8668522,42.0648214,-94.8665949,42.0645366,-94.8670951,False,,False
cass,Cass County Auditor,5 W 7th St Atlantic IA 50022,5 W 7th St,Atlantic,IA,50022,Locality wide location,false,true,"From: 2022-10-19, To: 2022-10-21, Times: 08:00:00 - 16:30:00; From: 2022-10-24, To: 2022-10-28, Times: 08:00:00 - 16:30:00; From: 2022-10-31, To: 2022-11-04, Times: 08:00:00 - 16:30:00; From: 2022-11-05, To: 2022-11-05, Times: 09:00:00 - 17:00:00; From: 2022-11-07, To: 2022-11-07, Times: 08:00:00 - 16:30:00",1903520,19029,"5 W 7th St, Atlantic, IA 50022, USA",ATLANTIC,CASS,IOWA,IA,41.4034961,-95.0138985,41.4036479,-95.01355799999999,41.4034295,-95.0142877,False,,False
cedar,Cedar County Auditor,400 Cedar St Tipton IA 52772,400 Cedar St,Tipton,IA,52772,Locality wide location,false,true,"From: 2022-10-19, To: 2022-10-21, Times: 08:00:00 - 16:00:00; From: 2022-10-24, To: 2022-10-28, Times: 08:00:00 - 16:00:00; From: 2022-10-31, To: 2022-11-04, Times: 08:00:00 - 16:00:00; From: 2022-11-05, To: 2022-11-05, Times: 08:00:00 - 17:00:00; From: 2022-11-07, To: 2022-11-07, Times: 08:00:00 - 16:00:00",1978285,19031,"400 Cedar St, Tipton, IA 52772, USA",TIPTON,CEDAR,IOWA,IA,41.76947699999999,-91.12761929999999,41.7696937,-91.1275105,41.7692621,-91.127792,False,,False
cerro_gordo,Cerro Gordo County Auditor,220 N Washington Ave Mason City IA 50401,220 N Washington Ave,Mason City,IA,50401,Locality wide location,false,true,"From: 2022-10-19, To: 2022-10-21, Times: 08:00:00 - 16:30:00; From: 2022-10-24, To: 2022-10-24, Times: 08:00:00 - 17:00:00; From: 2022-10-25, To: 2022-10-28, Times: 08:00:00 - 16:30:00; From: 2022-10-31, To: 2022-11-03, Times: 08:00:00 - 16:30:00; From: 2022-11-04, To: 2022-11-04, Times: 08:00:00 - 17:00:00; From: 2022-11-05, To: 2022-11-05, Times: 08:00:00 - 17:00:00; From: 2022-11-07, To: 2022-11-07, Times: 08:00:00 - 17:00:00",,,"220 N Washington Ave, Mason City, IA 50401, USA",MASON CITY,CERRO GORDO,IOWA,IA,43.1543067,-93.20314929999999,43.15441149999999,-93.2028974,43.1540983,-93.2034334,False,,False
cerro_gordo,Cerro Gordo Courthouse Ballot Drop Box,220 N Washington Ave Mason City IA 50401,220 N Washington Ave,Mason City,IA,50401,Locality wide location,true,false,"From: 2022-10-19, To: 2022-11-05, Times: 00:00:00 - 23:59:59; From: 2022-11-08, To: 2022-11-08, Times: 00:00:00 - 19:45:00; From: 2022-11-06, To: 2022-11-06, Times: 00:00:00 - 23:59:59; From: 2022-11-07, To: 2022-11-07, Times: 00:00:00 - 23:59:59",,,"220 N Washington Ave, Mason City, IA 50401, USA",MASON CITY,CERRO GORDO,IOWA,IA,43.1543067,-93.20314929999999,43.15441149999999,-93.2028974,43.1540983,-93.2034334,False,,False
cerro_gordo,MercyOne North Iowa Hospital,1000 4th St SW Mason City IA 50401,1000 4th St SW,Mason City,IA,50401,Locality wide location,false,true,"From: 2022-11-04, To: 2022-11-04, Times: 12:00:00 - 18:00:00; From: 2022-11-05, To: 2022-11-05, Times: 10:00:00 - 13:00:00",,,"1000 4th St SW, Mason City, IA 50401, USA",MASON CITY,CERRO GORDO,IOWA,IA,43.1495907,-93.21665019999999,,,,,False,,False
cherokee,Cherokee County Auditor,520 W Main St Cherokee IA 51012,520 W Main St,Cherokee,IA,51012,Locality wide location,false,true,"From: 2022-10-19, To: 2022-10-21, Times: 08:00:00 - 16:30:00; From: 2022-10-24, To: 2022-10-28, Times: 08:00:00 - 16:30:00; From: 2022-10-31, To: 2022-11-04, Times: 08:00:00 - 16:30:00; From: 2022-11-05, To: 2022-11-05, Times: 09:00:00 - 17:00:00; From: 2022-11-07, To: 2022-11-07, Times: 08:00:00 - 17:00:00",1913080,19035,"520 W Main St, Cherokee, IA 51012, USA",CHEROKEE,CHEROKEE,IOWA,IA,42.75020689999999,-95.55606759999999,42.75038989999999,-95.55567160000001,42.7499708,-95.556246,False,,False
chickasaw,Chickasaw County Auditor,8 E Prospect St New Hampton IA 50659,8 E Prospect St,New Hampton,IA,50659,Locality wide location,false,true,"From: 2022-10-19, To: 2022-10-21, Times: 08:30:00 - 16:30:00; From: 2022-10-24, To: 2022-10-28, Times: 08:30:00 - 16:30:00; From: 2022-10-31, To: 2022-11-03, Times: 08:30:00 - 16:30:00; From: 2022-11-04, To: 2022-11-04, Times: 08:30:00 - 17:00:00; From: 2022-11-05, To: 2022-11-05, Times: 09:00:00 - 17:00:00; From: 2022-11-07, To: 2022-11-07, Times: 08:30:00 - 16:30:00",,19037,"8 E Prospect St, New Hampton, IA 50659, USA",NEW HAMPTON,CHICKASAW,IOWA,IA,43.0608301,-92.3147291,43.0609323,-92.3145388,43.0607723,-92.3149073,False,,False
clarke,Clarke County Auditor,100 S Main St Osceola IA 50213,100 S Main St,Osceola,IA,50213,Locality wide location,false,true,"From: 2022-10-19, To: 2022-10-21, Times: 08:30:00 - 16:30:00; From: 2022-10-24, To: 2022-10-28, Times: 08:30:00 - 16:30:00; From: 2022-10-31, To: 2022-11-03, Times: 08:30:00 - 16:30:00; From: 2022-11-04, To: 2022-11-04, Times: 08:30:00 - 17:00:00; From: 2022-11-05, To: 2022-11-05, Times: 09:00:00 - 17:00:00; From: 2022-11-07, To: 2022-11-07, Times: 08:30:00 - 16:30:00",1959835,19039,"100 S Main St, Osceola, IA 50213, USA",OSCEOLA,CLARKE,IOWA,IA,41.0341658,-93.76676259999999,41.0343705,-93.7664212,41.03395769999999,-93.76700939999999,False,,False
clay,Clay County Auditor,300 W 4th St Spencer IA 51301,300 W 4th St,Spencer,IA,51301,Locality wide location,false,true,"From: 2022-10-19, To: 2022-10-21, Times: 08:00:00 - 16:30:00; From: 2022-10-24, To: 2022-10-28, Times: 08:00:00 - 16:30:00; From: 2022-10-31, To: 2022-11-04, Times: 08:00:00 - 16:30:00; From: 2022-11-05, To: 2022-11-05, Times: 09:00:00 - 17:00:00; From: 2022-11-07, To: 2022-11-07, Times: 08:00:00 - 16:30:00",1974280,,"300 W 4th St, Spencer, IA 51301, USA",SPENCER,CLAY,IOWA,IA,43.1408204,-95.1496414,43.14093769999999,-95.1493699,43.1407246,-95.1498917,False,,False
clayton,Clayton County Auditor,111 High St NE Elkader IA 52043,111 High St NE,Elkader,IA,52043,Locality wide location,false,true,"From: 2022-10-19, To: 2022-10-21, Times: 08:00:00 - 16:30:00; From: 2022-10-24, To: 2022-10-24, Times: 08:00:00 - 17:00:00; From: 2022-10-25, To: 2022-10-28, Times: 08:00:00 - 16:30:00; From: 2022-10-31, To: 2022-11-04, Times: 08:00:00 - 16:30:00; From: 2022-11-05, To: 2022-11-05, Times: 09:00:00 - 17:00:00; From: 2022-11-07, To: 2022-11-07, Times: 08:00:00 - 16:30:00",1924690,19043,"111 N High St, Elkader, IA 52043, USA",ELKADER,CLAYTON,IOWA,IA,42.8556363,-91.4033538,42.8557868,-91.40311059999999,42.8554796,-91.40352949999999,False,,False
clinton,Clinton County Administration Building Ballot Drop Box,1900 N 3rd St Clinton IA 52732,1900 N 3rd St,Clinton,IA,52732,Locality wide location,true,false,"From: 2022-10-20, To: 2022-11-05, Times: 00:00:00 - 23:59:59; From: 2022-11-07, To: 2022-11-07, Times: 00:00:00 - 16:30:00; From: 2022-11-06, To: 2022-11-06, Times: 00:00:00 - 23:59:59; From: 2022-11-07, To: 2022-11-06, Times: 00:00:00 - 23:59:59",1914430,19045,"Clinton County Administration Building, 1900 N 3rd St, Clinton, IA 52732, USA",CLINTON,CLINTON,IOWA,IA,41.8672997,-90.1855734,41.86767589999999,-90.18500879999999,41.8671156,-90.1859061,False,,False
clinton,Clinton County Auditor,1900 N 3rd St Clinton IA 52732,1900 N 3rd St,Clinton,IA,52732,Locality wide location,false,true,"From: 2022-10-19, To: 2022-10-21, Times: 08:00:00 - 16:30:00; From: 2022-10-24, To: 2022-10-24, Times: 08:00:00 - 17:00:00; From: 2022-10-25, To: 2022-10-28, Times: 08:00:00 - 16:30:00; From: 2022-10-29, To: 2022-10-29, Times: 08:00:00 - 13:00:00; From: 2022-10-31, To: 2022-11-03, Times: 08:00:00 - 16:30:00; From: 2022-11-04, To: 2022-11-04, Times: 08:00:00 - 17:00:00; From: 2022-11-05, To: 2022-11-05, Times: 08:00:00 - 17:00:00; From: 2022-11-07, To: 2022-11-07, Times: 08:00:00 - 16:30:00",1914430,19045,"Clinton County Administration Building, 1900 N 3rd St, Clinton, IA 52732, USA",CLINTON,CLINTON,IOWA,IA,41.8672997,-90.1855734,41.86767589999999,-90.18500879999999,41.8671156,-90.1859061,False,,False
clinton,Clinton County Satellite Office,226 11th St DeWitt IA 52742,226 11th St,DeWitt,IA,52742,Locality wide location,false,true,"From: 2022-10-22, To: 2022-10-22, Times: 08:00:00 - 13:00:00; From: 2022-10-26, To: 2022-10-26, Times: 12:00:00 - 18:00:00; From: 2022-10-29, To: 2022-10-29, Times: 08:00:00 - 13:00:00",1921180,19045,"226 11th St, DeWitt, IA 52742, USA",DEWITT,CLINTON,IOWA,IA,41.826624,-90.5338323,41.82672609999999,-90.5336588,41.8264033,-90.534022,False,,False
crawford,Crawford County Auditor,1202 Broadway St Denison IA 51442,1202 Broadway St,Denison,IA,51442,Locality wide location,false,true,"From: 2022-10-19, To: 2022-10-21, Times: 08:00:00 - 16:30:00; From: 2022-10-24, To: 2022-10-28, Times: 08:00:00 - 16:30:00; From: 2022-10-31, To: 2022-11-04, Times: 08:00:00 - 16:30:00; From: 2022-11-05, To: 2022-11-05, Times: 09:00:00 - 17:00:00; From: 2022-11-07, To: 2022-11-07, Times: 08:00:00 - 16:30:00",1919945,19047,"1202 Broadway, Denison, IA 51442, USA",DENISON,CRAWFORD,IOWA,IA,42.0172098,-95.356788,42.0173567,-95.3565981,42.017097,-95.3569965,False,,False
dallas,Dallas County Auditor,210 N 10th St Adel IA 50003,210 N 10th St,Adel,IA,50003,Locality wide location,false,true,"From: 2022-10-19, To: 2022-10-21, Times: 08:00:00 - 16:30:00; From: 2022-10-24, To: 2022-10-28, Times: 08:00:00 - 16:30:00; From: 2022-10-31, To: 2022-11-04, Times: 08:00:00 - 16:30:00; From: 2022-11-05, To: 2022-11-05, Times: 08:00:00 - 17:00:00; From: 2022-11-07, To: 2022-11-07, Times: 08:00:00 - 16:30:00",1900505,19049,"210 N 10th St, Adel, IA 50003, USA",ADEL,DALLAS,IOWA,IA,41.6188815,-94.0194633,41.6190796,-94.0193445,41.6187168,-94.0195181,False,,False
dallas,Fox Creek Pavilion,522 NE Westgate Dr Waukee IA 50263,522 NE Westgate Dr,Waukee,IA,50263,Locality wide location,false,true,"From: 2022-10-25, To: 2022-10-25, Times: 13:00:00 - 19:00:00",1982695,19049,"522 NE Westgate Dr, Waukee, IA 50263, USA",WAUKEE,DALLAS,IOWA,IA,41.6226321,-93.8604585,,,,,False,,False
dallas,Heartland Presbyterian Church,14300 Hickman Rd Clive IA 50325,14300 Hickman Rd,Clive,IA,50325,Locality wide location,false,true,"From: 2022-11-05, To: 2022-11-05, Times: 10:00:00 - 16:00:00",1914520,19049,"14300 Hickman Rd, Clive, IA 50325, USA",CLIVE,DALLAS,IOWA,IA,41.6143238,-93.8158445,41.6144872,-93.81533879999999,41.6141097,-93.8162825,False,,False
dallas,McCreary Community Building,1800 Pattee St Perry IA 50220,1800 Pattee St,Perry,IA,50220,Locality wide location,false,true,"From: 2022-11-02, To: 2022-11-02, Times: 13:00:00 - 19:00:00",1962355,19049,"1800 Pattee St, Perry, IA 50220, USA",PERRY,DALLAS,IOWA,IA,41.8423132,-94.0956423,,,,,False,,False
dallas,St Francis of Assisi Catholic Church,7075 Ashworth Rd West Des Moines IA 50266,7075 Ashworth Rd,West Des Moines,IA,50266,Locality wide location,false,true,"From: 2022-11-01, To: 2022-11-01, Times: 13:00:00 - 19:00:00",,19049,"7075 Ashworth Rd, West Des Moines, IA 50266, USA",WEST DES MOINES,DALLAS,IOWA,IA,41.584112,-93.80400650000001,41.5845192,-93.80280789999999,41.5837306,-93.80545509999999,False,,False
dallas,The Mission Church,12001 Ridgemont Dr Urbandale IA 50323,12001 Ridgemont Dr,Urbandale,IA,50323,Locality wide location,false,true,"From: 2022-10-27, To: 2022-10-27, Times: 13:00:00 - 19:00:00",1979950,19049,"12001 Ridgemont Dr, Urbandale, IA 50323, USA",URBANDALE,POLK,IOWA,IA,41.6338714,-93.7803005,41.63418110000001,-93.7799245,41.6336772,-93.78071059999999,False,,False
dallas,Westview Church,1155 SE Boone Dr Waukee IA 50263,1155 SE Boone Dr,Waukee,IA,50263,Locality wide location,false,true,"From: 2022-10-28, To: 2022-10-28, Times: 13:00:00 - 19:00:00",1982695,19049,"1155 SE Boone Dr, Waukee, IA 50263, USA",WAUKEE,DALLAS,IOWA,IA,41.60180099999999,-93.83189759999999,41.6020316,-93.83159069999999,41.6016004,-93.8321632,False,,False
davis,Davis County Auditor,100 Courthouse Sq Bloomfield IA 52537,100 Courthouse Sq,Bloomfield,IA,52537,Locality wide location,false,true,"From: 2022-10-19, To: 2022-10-21, Times: 08:00:00 - 16:00:00; From: 2022-10-24, To: 2022-10-24, Times: 08:00:00 - 17:00:00; From: 2022-10-25, To: 2022-10-28, Times: 08:00:00 - 16:00:00; From: 2022-10-31, To: 2022-11-03, Times: 08:00:00 - 16:00:00; From: 2022-11-04, To: 2022-11-04, Times: 08:00:00 - 17:00:00; From: 2022-11-05, To: 2022-11-05, Times: 09:00:00 - 17:00:00; From: 2022-11-07, To: 2022-11-07, Times: 08:00:00 - 16:00:00",1907030,19051,"Bloomfield, IA 52537, USA",BLOOMFIELD,DAVIS,IOWA,IA,40.75168840000001,-92.41490739999999,40.7657581,-92.394925,40.725749,-92.429711,True,Unexpected address size change,False
decatur,Decatur County Auditor,207 N Main St Leon IA 50144,207 N Main St,Leon,IA,50144,Locality wide location,false,true,"From: 2022-10-19, To: 2022-10-21, Times: 08:00:00 - 16:30:00; From: 2022-10-24, To: 2022-10-24, Times: 08:00:00 - 17:00:00; From: 2022-10-25, To: 2022-10-28, Times: 08:00:00 - 16:30:00; From: 2022-10-31, To: 2022-11-04, Times: 08:00:00 - 16:30:00; From: 2022-11-05, To: 2022-11-05, Times: 08:00:00 - 16:00:00; From: 2022-11-07, To: 2022-11-07, Times: 08:00:00 - 16:30:00",1944535,19053,"207 N Main St, Leon, IA 50144, USA",LEON,DECATUR,IOWA,IA,40.7406861,-93.7464052,40.7408139,-93.7462425,40.7405642,-93.7465375,False,,False
delaware,Delaware County Auditor,301 E Main St Manchester IA 52057,301 E Main St,Manchester,IA,52057,Locality wide location,false,true,"From: 2022-10-19, To: 2022-10-21, Times: 08:00:00 - 16:30:00; From: 2022-10-24, To: 2022-10-28, Times: 08:00:00 - 16:30:00; From: 2022-10-29, To: 2022-10-29, Times: 08:00:00 - 12:00:00; From: 2022-10-31, To: 2022-11-04, Times: 08:00:00 - 16:30:00; From: 2022-11-05, To: 2022-11-05, Times: 09:00:00 - 17:00:00; From: 2022-11-07, To: 2022-11-07, Times: 08:00:00 - 16:30:00",1948810,19055,"301 E Main St, Manchester, IA 52057, USA",MANCHESTER,DELAWARE,IOWA,IA,42.48358169999999,-91.45502379999999,42.4837619,-91.4548641,42.4834483,-91.4551726,False,,False
des_moines,Des Moines County Auditor,513 N Main St Burlington IA 52601,513 N Main St,Burlington,IA,52601,Locality wide location,false,true,"From: 2022-10-19, To: 2022-10-21, Times: 08:00:00 - 16:30:00; From: 2022-10-24, To: 2022-10-24, Times: 08:00:00 - 17:00:00; From: 2022-10-25, To: 2022-10-28, Times: 08:00:00 - 16:30:00; From: 2022-10-31, To: 2022-11-03, Times: 08:00:00 - 16:30:00; From: 2022-11-04, To: 2022-11-04, Times: 08:00:00 - 17:00:00; From: 2022-11-05, To: 2022-11-05, Times: 09:00:00 - 17:00:00; From: 2022-11-07, To: 2022-11-07, Times: 08:00:00 - 16:30:00",,,"513 N Main St, Burlington, IA 52601, USA",BURLINGTON,DES MOINES,IOWA,IA,40.8120054,-91.10120909999999,40.812293,-91.1009414,40.8118555,-91.10134359999999,False,,False
dickinson,Dickinson County Auditor,1802 Hill Ave Spirit Lake IA 51360,1802 Hill Ave,Spirit Lake,IA,51360,Locality wide location,false,true,"From: 2022-10-19, To: 2022-10-21, Times: 08:00:00 - 16:30:00; From: 2022-10-24, To: 2022-10-24, Times: 08:00:00 - 17:00:00; From: 2022-10-25, To: 2022-10-28, Times: 08:00:00 - 16:30:00; From: 2022-10-31, To: 2022-11-04, Times: 08:00:00 - 16:30:00; From: 2022-11-05, To: 2022-11-05, Times: 09:00:00 - 17:00:00; From: 2022-11-07, To: 2022-11-07, Times: 08:00:00 - 16:30:00",1974415,19059,"1802 Hill Ave, Spirit Lake, IA 51360, USA",SPIRIT LAKE,DICKINSON,IOWA,IA,43.4220505,-95.1033944,43.4223551,-95.10282199999999,43.42181739999999,-95.1037877,False,,False
dubuque,Clarke University Atrium,1550 Clarke Dr Dubuque IA 52001,1550 Clarke Dr,Dubuque,IA,52001,Locality wide location,false,true,"From: 2022-10-26, To: 2022-10-26, Times: 08:30:00 - 14:30:00",1922395,19061,"1550 Clarke Dr, Dubuque, IA 52001, USA",DUBUQUE,DUBUQUE,IOWA,IA,42.5098902,-90.6917565,,,,,False,,False
dubuque,Dubuque County Auditor,720 Central Ave Dubuque IA 52001,720 Central Ave,Dubuque,IA,52001,Locality wide location,false,true,"From: 2022-10-19, To: 2022-10-21, Times: 08:00:00 - 16:30:00; From: 2022-10-22, To: 2022-10-22, Times: 08:30:00 - 16:30:00; From: 2022-10-24, To: 2022-10-28, Times: 08:00:00 - 16:30:00; From: 2022-10-31, To: 2022-11-04, Times: 08:00:00 - 16:30:00; From: 2022-11-05, To: 2022-11-05, Times: 09:00:00 - 17:00:00; From: 2022-11-07, To: 2022-11-07, Times: 08:00:00 - 16:30:00",1922395,19061,"Dubuque County Courthouse, 720 Central Ave, Dubuque, IA 52001, USA",DUBUQUE,DUBUQUE,IOWA,IA,42.5010059,-90.6644877,42.5011716,-90.66421849999999,42.5007498,-90.6647129,False,,False
dubuque,Dubuque County Courthouse Ballot Drop Box,720 Central Ave Dubuque IA 52001,720 Central Ave,Dubuque,IA,52001,Locality wide location,true,false,"From: 2022-10-19, To: 2022-11-05, Times: 00:00:00 - 23:59:59; From: 2022-11-08, To: 2022-11-08, Times: 00:00:00 - 20:00:00; From: 2022-11-06, To: 2022-11-06, Times: 00:00:00 - 23:59:59; From: 2022-11-07, To: 2022-11-07, Times: 00:00:00 - 23:59:59",1922395,19061,"Dubuque County Courthouse, 720 Central Ave, Dubuque, IA 52001, USA",DUBUQUE,DUBUQUE,IOWA,IA,42.5010059,-90.6644877,42.5011716,-90.66421849999999,42.5007498,-90.6647129,False,,False
dubuque,Dubuque County Old Jail,36 8th St Dubuque IA 52001,36 8th St,Dubuque,IA,52001,Locality wide location,false,true,"From: 2022-10-19, To: 2022-10-21, Times: 08:00:00 - 16:30:00; From: 2022-10-22, To: 2022-10-22, Times: 08:30:00 - 16:30:00; From: 2022-10-24, To: 2022-10-28, Times: 08:00:00 - 16:30:00; From: 2022-10-31, To: 2022-11-04, Times: 08:00:00 - 16:30:00; From: 2022-11-05, To: 2022-11-05, Times: 09:00:00 - 17:00:00; From: 2022-11-07, To: 2022-11-07, Times: 08:00:00 - 16:30:00",1922395,19061,"36 E 8th St, Dubuque, IA 52001, USA",DUBUQUE,DUBUQUE,IOWA,IA,42.50133520000001,-90.66461509999999,,,,,False,,False
dubuque,Worthington Community Center,216 1st Ave W Worthington IA 52033,216 1st Ave W,Worthington,IA,52033,Locality wide location,false,true,"From: 2022-11-04, To: 2022-11-04, Times: 07:30:00 - 13:30:00",1987060,19061,"216 1st Ave W, Cascade, IA 52033, USA",CASCADE,DUBUQUE,IOWA,IA,42.3968758,-91.12120469999999,,,,,False,,False
emmet,Emmet County Auditor,609 1st Ave N Estherville IA 51334,609 1st Ave N,Estherville,IA,51334,Locality wide location,false,true,"From: 2022-10-19, To: 2022-10-21, Times: 08:00:00 - 16:30:00; From: 2022-10-24, To: 2022-10-28, Times: 08:00:00 - 16:30:00; From: 2022-10-31, To: 2022-11-04, Times: 08:00:00 - 16:30:00; From: 2022-11-05, To: 2022-11-05, Times: 09:00:00 - 17:00:00; From: 2022-11-07, To: 2022-11-07, Times: 08:00:00 - 16:30:00",1925860,19063,"609 1st Ave N, Estherville, IA 51334, USA",ESTHERVILLE,EMMET,IOWA,IA,43.40334,-94.83598289999999,43.4034548,-94.83578399999999,43.4032566,-94.83628929999999,False,,False
fayette,Fayette County Auditor,114 N Vine St West Union IA 52175,114 N Vine St,West Union,IA,52175,Locality wide location,false,true,"From: 2022-10-19, To: 2022-10-21, Times: 08:00:00 - 16:00:00; From: 2022-10-24, To: 2022-10-28, Times: 08:00:00 - 16:00:00; From: 2022-10-31, To: 2022-11-04, Times: 08:00:00 - 16:00:00; From: 2022-11-05, To: 2022-11-05, Times: 08:00:00 - 17:00:00; From: 2022-11-07, To: 2022-11-07, Times: 08:00:00 - 16:00:00",,19065,"114 N Vine St, West Union, IA 52175, USA",WEST UNION,FAYETTE,IOWA,IA,42.9620608,-91.8072301,42.962181,-91.8070817,42.9618473,-91.8074333,False,,False
floyd,Floyd County Auditor,101 S Main St Charles City IA 50616,101 S Main St,Charles City,IA,50616,Locality wide location,false,true,"From: 2022-10-19, To: 2022-10-21, Times: 08:00:00 - 16:30:00; From: 2022-10-24, To: 2022-10-24, Times: 08:00:00 - 17:00:00; From: 2022-10-25, To: 2022-10-28, Times: 08:00:00 - 16:30:00; From: 2022-10-31, To: 2022-11-03, Times: 08:00:00 - 16:30:00; From: 2022-11-04, To: 2022-11-04, Times: 08:00:00 - 17:00:00; From: 2022-11-05, To: 2022-11-05, Times: 09:00:00 - 17:00:00; From: 2022-11-07, To: 2022-11-07, Times: 08:00:00 - 16:30:00",,19067,"FLOYD COUNTY COURTHOUSE, 101 S Main St, Charles City, IA 50616, USA",CHARLES CITY,FLOYD,IOWA,IA,43.0652012,-92.6815757,43.0654016,-92.6813205,43.0649999,-92.68180389999999,False,,False
franklin,Franklin County Auditor,12 1st Ave NW Hampton IA 50441,12 1st Ave NW,Hampton,IA,50441,Locality wide location,false,true,"From: 2022-10-19, To: 2022-10-21, Times: 08:00:00 - 16:00:00; From: 2022-10-24, To: 2022-10-28, Times: 08:00:00 - 16:00:00; From: 2022-10-31, To: 2022-11-04, Times: 08:00:00 - 16:00:00; From: 2022-11-05, To: 2022-11-05, Times: 09:00:00 - 17:00:00; From: 2022-11-07, To: 2022-11-07, Times: 08:00:00 - 16:00:00",,19069,"12 1st Ave NW, Hampton, IA 50441, USA",HAMPTON,FRANKLIN,IOWA,IA,42.7422633,-93.2080206,42.7423509,-93.2079182,42.7421432,-93.20828200000001,False,,False
fremont,Fremont County Auditor,506 Filmore St Sidney IA 51652,506 Filmore St,Sidney,IA,51652,Locality wide location,false,true,"From: 2022-10-19, To: 2022-10-21, Times: 08:00:00 - 16:30:00; From: 2022-10-24, To: 2022-10-24, Times: 08:00:00 - 17:00:00; From: 2022-10-25, To: 2022-10-28, Times: 08:00:00 - 16:30:00; From: 2022-10-31, To: 2022-11-03, Times: 08:00:00 - 16:30:00; From: 2022-11-04, To: 2022-11-04, Times: 08:00:00 - 17:00:00; From: 2022-11-05, To: 2022-11-05, Times: 09:00:00 - 17:00:00; From: 2022-11-07, To: 2022-11-07, Times: 08:00:00 - 16:30:00",1973065,19071,"506 Filmore St, Sidney, IA 51652, USA",SIDNEY,FREMONT,IOWA,IA,40.7476817,-95.6469042,40.747777,-95.646772,40.7475312,-95.64701869999999,False,,False
greene,Greene County Auditor,114 N Chestnut St Jefferson IA 50129,114 N Chestnut St,Jefferson,IA,50129,Locality wide location,false,true,"From: 2022-10-19, To: 2022-10-21, Times: 08:00:00 - 16:30:00; From: 2022-10-24, To: 2022-10-28, Times: 08:00:00 - 16:30:00; From: 2022-10-31, To: 2022-11-04, Times: 08:00:00 - 16:30:00; From: 2022-11-05, To: 2022-11-05, Times: 09:00:00 - 17:00:00; From: 2022-11-07, To: 2022-11-07, Times: 08:00:00 - 16:30:00",1939450,19073,"114 N Chestnut St, Jefferson, IA 50129, USA",JEFFERSON,GREENE,IOWA,IA,42.0158075,-94.37405849999999,42.0158966,-94.3738652,42.0156431,-94.374325,False,,False
greene,Greene County Courthouse Ballot Drop Box,114 N Chestnut St Jefferson IA 50129,114 N Chestnut St,Jefferson,IA,50129,Locality wide location,true,false,"From: 2022-10-20, To: 2022-11-05, Times: 00:00:00 - 23:59:59; From: 2022-11-08, To: 2022-11-08, Times: 00:00:00 - 20:00:00; From: 2022-11-06, To: 2022-11-06, Times: 00:00:00 - 23:59:59; From: 2022-11-07, To: 2022-11-07, Times: 00:00:00 - 23:59:59",1939450,19073,"114 N Chestnut St, Jefferson, IA 50129, USA",JEFFERSON,GREENE,IOWA,IA,42.0158075,-94.37405849999999,42.0158966,-94.3738652,42.0156431,-94.374325,False,,False
grundy,Grundy County Auditor,706 G Ave Grundy Center IA 50638,706 G Ave,Grundy Center,IA,50638,Locality wide location,false,true,"From: 2022-10-19, To: 2022-10-21, Times: 08:00:00 - 16:30:00; From: 2022-10-24, To: 2022-10-24, Times: 08:00:00 - 17:00:00; From: 2022-10-25, To: 2022-10-28, Times: 08:00:00 - 16:30:00; From: 2022-10-31, To: 2022-11-03, Times: 08:00:00 - 16:30:00; From: 2022-11-04, To: 2022-11-04, Times: 08:00:00 - 17:00:00; From: 2022-11-05, To: 2022-11-05, Times: 09:00:00 - 17:00:00; From: 2022-11-07, To: 2022-11-07, Times: 08:00:00 - 16:30:00",1933195,19075,"706 G Ave, Grundy Center, IA 50638, USA",GRUNDY CENTER,GRUNDY,IOWA,IA,42.3609826,-92.773275,42.361069,-92.7730859,42.3608716,-92.7734947,False,,False
guthrie,Guthrie County Auditor,200 N 5th St Guthrie Center IA 50115,200 N 5th St,Guthrie Center,IA,50115,Locality wide location,false,true,"From: 2022-10-19, To: 2022-10-21, Times: 08:00:00 - 16:30:00; From: 2022-10-24, To: 2022-10-28, Times: 08:00:00 - 16:30:00; From: 2022-10-31, To: 2022-11-04, Times: 08:00:00 - 16:30:00; From: 2022-11-05, To: 2022-11-05, Times: 09:00:00 - 17:00:00; From: 2022-11-07, To: 2022-11-07, Times: 08:00:00 - 16:30:00",1933420,19077,"200 N 5th St, Guthrie Center, IA 50115, USA",GUTHRIE CENTER,GUTHRIE,IOWA,IA,41.6785755,-94.5018286,41.6788123,-94.50168339999999,41.6783478,-94.5019317,False,,False
hamilton,Hamilton County Auditor,2300 Superior St Webster City IA 50595,2300 Superior St,Webster City,IA,50595,Locality wide location,false,true,"From: 2022-10-19, To: 2022-10-21, Times: 08:00:00 - 16:30:00; From: 2022-10-24, To: 2022-10-28, Times: 08:00:00 - 16:30:00; From: 2022-10-31, To: 2022-11-04, Times: 08:00:00 - 16:30:00; From: 2022-11-05, To: 2022-11-05, Times: 09:00:00 - 17:00:00; From: 2022-11-07, To: 2022-11-07, Times: 08:00:00 - 16:30:00",,19079,"2300 Superior St, Webster City, IA 50595, USA",WEBSTER CITY,HAMILTON,IOWA,IA,42.45325,-93.81489099999999,42.4534926,-93.8144137,42.45305070000001,-93.81538719999999,False,,False
hamilton,Hamilton County Courthouse Ballot Drop Box,2300 Superior St Webster City IA 50595,2300 Superior St,Webster City,IA,50595,Locality wide location,true,false,"From: 2022-10-19, To: 2022-11-05, Times: 00:00:00 - 23:59:59; From: 2022-11-08, To: 2022-11-08, Times: 00:00:00 - 20:00:00; From: 2022-11-06, To: 2022-11-06, Times: 00:00:00 - 23:59:59; From: 2022-11-07, To: 2022-11-07, Times: 00:00:00 - 23:59:59",,19079,"2300 Superior St, Webster City, IA 50595, USA",WEBSTER CITY,HAMILTON,IOWA,IA,42.45325,-93.81489099999999,42.4534926,-93.8144137,42.45305070000001,-93.81538719999999,False,,False
hancock,Hancock County Auditor,855 State St Garner IA 50438,855 State St,Garner,IA,50438,Locality wide location,false,true,"From: 2022-10-19, To: 2022-10-21, Times: 08:00:00 - 16:00:00; From: 2022-10-24, To: 2022-10-24, Times: 08:00:00 - 17:00:00; From: 2022-10-25, To: 2022-10-28, Times: 08:00:00 - 16:00:00; From: 2022-10-31, To: 2022-11-03, Times: 08:00:00 - 16:00:00; From: 2022-11-04, To: 2022-11-04, Times: 08:00:00 - 17:00:00; From: 2022-11-05, To: 2022-11-05, Times: 09:00:00 - 17:00:00; From: 2022-11-07, To: 2022-11-07, Times: 08:00:00 - 16:00:00",1929955,19081,"855 State St, Garner, IA 50438, USA",GARNER,HANCOCK,IOWA,IA,43.0972024,-93.601402,43.0974225,-93.60120719999999,43.096972,-93.6016917,False,,False
hardin,Hardin County Auditor,1215 Edgington Ave Eldora IA 50627,1215 Edgington Ave,Eldora,IA,50627,Locality wide location,false,true,"From: 2022-10-19, To: 2022-10-21, Times: 08:00:00 - 16:30:00; From: 2022-10-24, To: 2022-10-24, Times: 08:00:00 - 17:00:00; From: 2022-10-25, To: 2022-10-28, Times: 08:00:00 - 16:30:00; From: 2022-10-31, To: 2022-11-03, Times: 08:00:00 - 16:30:00; From: 2022-11-04, To: 2022-11-04, Times: 08:00:00 - 17:00:00; From: 2022-11-05, To: 2022-11-05, Times: 09:00:00 - 17:00:00; From: 2022-11-07, To: 2022-11-07, Times: 08:00:00 - 16:30:00",1924465,19083,"1215 Edgington Ave, Eldora, IA 50627, USA",ELDORA,HARDIN,IOWA,IA,42.360158,-93.0988768,42.3603597,-93.09877039999999,42.3600364,-93.0990885,False,,False
hardin,Hardin County Courthouse Ballot Drop Box,1215 Edgington Ave Eldora IA 50627,1215 Edgington Ave,Eldora,IA,50627,Locality wide location,true,false,"From: 2022-10-19, To: 2022-11-05, Times: 00:00:00 - 23:59:59; From: 2022-11-08, To: 2022-11-08, Times: 00:00:00 - 20:00:00; From: 2022-11-06, To: 2022-11-06, Times: 00:00:00 - 23:59:59; From: 2022-11-07, To: 2022-11-07, Times: 00:00:00 - 23:59:59",1924465,19083,"1215 Edgington Ave, Eldora, IA 50627, USA",ELDORA,HARDIN,IOWA,IA,42.360158,-93.0988768,42.3603597,-93.09877039999999,42.3600364,-93.0990885,False,,False
harrison,Harrison County Auditor,111 N 2nd Ave Logan IA 51546,111 N 2nd Ave,Logan,IA,51546,Locality wide location,false,true,"From: 2022-10-19, To: 2022-10-21, Times: 07:00:00 - 16:30:00; From: 2022-10-24, To: 2022-10-28, Times: 07:00:00 - 16:30:00; From: 2022-10-31, To: 2022-11-04, Times: 07:00:00 - 16:30:00; From: 2022-11-05, To: 2022-11-05, Times: 09:00:00 - 17:00:00; From: 2022-11-07, To: 2022-11-07, Times: 07:00:00 - 16:30:00",1946155,19085,"111 N 2nd Ave, Logan, IA 51546, USA",LOGAN,HARRISON,IOWA,IA,41.6436185,-95.7898241,41.6437061,-95.7896693,41.6434422,-95.78993659999999,False,,False
henry,Henry County Courthouse 2nd Floor Conference Room,100 E Washington St Mt Pleasant IA 52641,100 E Washington St,Mt Pleasant,IA,52641,Locality wide location,false,true,"From: 2022-10-19, To: 2022-10-21, Times: 08:00:00 - 16:30:00; From: 2022-10-24, To: 2022-10-28, Times: 08:00:00 - 16:30:00; From: 2022-10-31, To: 2022-11-04, Times: 08:00:00 - 16:30:00; From: 2022-11-05, To: 2022-11-05, Times: 09:00:00 - 17:00:00; From: 2022-11-07, To: 2022-11-07, Times: 08:00:00 - 16:30:00",,19087,"100 E Washington St, Mt Pleasant, IA 52641, USA",MOUNT PLEASANT,HENRY,IOWA,IA,40.964872,-91.5527599,40.96499410000001,-91.5525655,40.964748,-91.5529497,False,,False
howard,Howard County Auditor,137 N Elm St Cresco IA 52136,137 N Elm St,Cresco,IA,52136,Locality wide location,false,true,"From: 2022-10-19, To: 2022-10-21, Times: 08:00:00 - 16:30:00; From: 2022-10-24, To: 2022-10-28, Times: 08:00:00 - 16:30:00; From: 2022-10-31, To: 2022-11-04, Times: 08:00:00 - 16:30:00; From: 2022-11-05, To: 2022-11-05, Times: 08:00:00 - 17:00:00; From: 2022-11-07, To: 2022-11-07, Times: 08:00:00 - 16:30:00",1917220,19089,"137 N Elm St, Cresco, IA 52136, USA",CRESCO,HOWARD,IOWA,IA,43.3734852,-92.1156074,43.3736545,-92.1154835,43.3733153,-92.11577419999999,False,,False
humboldt,Humboldt County Auditor,203 Main St Dakota City IA 50529,203 Main St,Dakota City,IA,50529,Locality wide location,false,true,"From: 2022-10-19, To: 2022-10-21, Times: 08:00:00 - 16:30:00; From: 2022-10-24, To: 2022-10-28, Times: 08:00:00 - 16:30:00; From: 2022-10-31, To: 2022-11-04, Times: 08:00:00 - 16:30:00; From: 2022-11-05, To: 2022-11-05, Times: 09:00:00 - 17:00:00; From: 2022-11-07, To: 2022-11-07, Times: 08:00:00 - 16:30:00",1918075,19091,"Dakota City, IA 50529, USA",DAKOTA CITY,HUMBOLDT,IOWA,IA,42.7211548,-94.2000242,42.729587,-94.1899509,42.7166349,-94.208297,True,Unexpected address size change,False
ida,Ida County Auditor,401 Morehead St Ida Grove IA 51445,401 Morehead St,Ida Grove,IA,51445,Locality wide location,false,true,"From: 2022-10-19, To: 2022-10-21, Times: 08:00:00 - 16:30:00; From: 2022-10-24, To: 2022-10-24, Times: 08:00:00 - 17:00:00; From: 2022-10-25, To: 2022-10-28, Times: 08:00:00 - 16:30:00; From: 2022-10-31, To: 2022-11-03, Times: 08:00:00 - 16:30:00; From: 2022-11-04, To: 2022-11-04, Times: 08:00:00 - 17:00:00; From: 2022-11-05, To: 2022-11-05, Times: 09:00:00 - 17:00:00; From: 2022-11-07, To: 2022-11-07, Times: 08:00:00 - 16:30:00",1938010,19093,"401 Moorehead St, Ida Grove, IA 51445, USA",IDA GROVE,IDA,IOWA,IA,42.3423048,-95.46782859999999,42.3424128,-95.467687,42.3421949,-95.46798319999999,False,,False
iowa,Iowa County Auditor,970 Court Ave Marengo IA 52301,970 Court Ave,Marengo,IA,52301,Locality wide location,false,true,"From: 2022-10-19, To: 2022-10-21, Times: 08:00:00 - 16:30:00; From: 2022-10-24, To: 2022-10-24, Times: 08:00:00 - 17:00:00; From: 2022-10-25, To: 2022-10-28, Times: 08:00:00 - 16:30:00; From: 2022-10-31, To: 2022-11-03, Times: 08:00:00 - 16:30:00; From: 2022-11-04, To: 2022-11-04, Times: 08:00:00 - 17:00:00; From: 2022-11-05, To: 2022-11-05, Times: 09:00:00 - 17:00:00; From: 2022-11-07, To: 2022-11-07, Times: 08:00:00 - 16:30:00",1949395,19095,"970 Court Ave, Marengo, IA 52301, USA",MARENGO,IOWA,IOWA,IA,41.7982902,-92.06977529999999,41.7983741,-92.0695946,41.7981985,-92.0699042,False,,False
jackson,Jackson County Auditor,201 W Platt St Maquoketa IA 52060,201 W Platt St,Maquoketa,IA,52060,Locality wide location,false,true,"From: 2022-10-19, To: 2022-10-21, Times: 08:30:00 - 16:30:00; From: 2022-10-24, To: 2022-10-28, Times: 08:30:00 - 16:30:00; From: 2022-10-31, To: 2022-11-04, Times: 08:30:00 - 16:30:00; From: 2022-11-05, To: 2022-11-05, Times: 08:30:00 - 17:00:00; From: 2022-11-07, To: 2022-11-07, Times: 08:30:00 - 16:30:00",1949215,19097,"201 W Platt St, Maquoketa, IA 52060, USA",MAQUOKETA,JACKSON,IOWA,IA,42.0689033,-90.66729889999999,42.0690669,-90.6669522,42.0685826,-90.6676818,False,,False
jasper,Jasper County Auditor,101 1st St N Newton IA 50208,101 1st St N,Newton,IA,50208,Locality wide location,false,true,"From: 2022-10-19, To: 2022-10-21, Times: 08:00:00 - 16:30:00; From: 2022-10-24, To: 2022-10-28, Times: 08:00:00 - 16:30:00; From: 2022-10-31, To: 2022-11-04, Times: 08:00:00 - 16:30:00; From: 2022-11-05, To: 2022-11-05, Times: 09:00:00 - 17:00:00; From: 2022-11-07, To: 2022-11-07, Times: 08:00:00 - 16:30:00",1956505,19099,"Jasper County Courthouse, 101 1st St N, Newton, IA 50208, USA",NEWTON,JASPER,IOWA,IA,41.7000901,-93.05421600000001,41.70017259999999,-93.05404039999999,41.6998121,-93.0544243,False,,False
jefferson,Jefferson County Auditor,51 E Briggs Ave Fairfield IA 52556,51 E Briggs Ave,Fairfield,IA,52556,Locality wide location,false,true,"From: 2022-10-19, To: 2022-10-21, Times: 08:00:00 - 16:30:00; From: 2022-10-24, To: 2022-10-24, Times: 08:00:00 - 17:00:00; From: 2022-10-25, To: 2022-10-28, Times: 08:00:00 - 16:30:00; From: 2022-10-31, To: 2022-11-03, Times: 08:00:00 - 16:30:00; From: 2022-11-04, To: 2022-11-04, Times: 08:00:00 - 17:00:00; From: 2022-11-05, To: 2022-11-05, Times: 09:00:00 - 17:00:00; From: 2022-11-07, To: 2022-11-07, Times: 08:00:00 - 16:30:00",1926445,19101,"51 E Briggs Ave, Fairfield, IA 52556, USA",FAIRFIELD,JEFFERSON,IOWA,IA,41.0090785,-91.9631182,41.0091425,-91.9628966,41.0089512,-91.9632716,False,,False
johnson,Administration Building Ballot Drop Box,913 S Dubuque St Iowa City IA 52240,913 S Dubuque St,Iowa City,IA,52240,Locality wide location,true,false,"From: 2022-10-19, To: 2022-11-05, Times: 00:00:00 - 23:59:59; From: 2022-11-08, To: 2022-11-08, Times: 00:00:00 - 20:00:00; From: 2022-11-06, To: 2022-11-06, Times: 00:00:00 - 23:59:59; From: 2022-11-07, To: 2022-11-07, Times: 00:00:00 - 23:59:59",,19103,"913 S Dubuque St, Iowa City, IA 52240, USA",IOWA CITY,JOHNSON,IOWA,IA,41.6507554,-91.53425419999999,41.6509596,-91.5341074,41.6505611,-91.534488,False,,False
johnson,Administration Building Lobby,913 S Dubuque St Iowa City IA 52240,913 S Dubuque St,Iowa City,IA,52240,Locality wide location,false,true,"From: 2022-10-19, To: 2022-10-21, Times: 08:00:00 - 17:00:00; From: 2022-10-24, To: 2022-10-28, Times: 08:00:00 - 17:00:00; From: 2022-10-31, To: 2022-11-04, Times: 08:00:00 - 17:00:00; From: 2022-11-05, To: 2022-11-05, Times: 09:00:00 - 17:00:00; From: 2022-11-06, To: 2022-11-06, Times: 09:00:00 - 15:00:00; From: 2022-11-07, To: 2022-11-07, Times: 08:00:00 - 17:00:00",,19103,"913 S Dubuque St, Iowa City, IA 52240, USA",IOWA CITY,JOHNSON,IOWA,IA,41.6507554,-91.53425419999999,41.6509596,-91.5341074,41.6505611,-91.534488,False,,False
johnson,Coralville Public Library,1401 5th St Coralville IA 52241,1401 5th St,Coralville,IA,52241,Locality wide location,false,true,"From: 2022-11-05, To: 2022-11-05, Times: 10:00:00 - 16:00:00; From: 2022-11-06, To: 2022-11-06, Times: 12:00:00 - 16:00:00",1916230,19103,"1401 5th St, Coralville, IA 52241, USA",CORALVILLE,JOHNSON,IOWA,IA,41.6772119,-91.58180229999999,41.6774496,-91.58154160000001,41.6768896,-91.58256089999999,False,,False
johnson,Drive-Thru Voting at Health and Human Services Parking Ramp,855 S Dubuque St Iowa City IA 52240,855 S Dubuque St,Iowa City,IA,52240,Locality wide location,false,true,"From: 2022-10-19, To: 2022-10-21, Times: 08:00:00 - 17:00:00; From: 2022-10-24, To: 2022-10-28, Times: 08:00:00 - 17:00:00; From: 2022-10-31, To: 2022-11-04, Times: 08:00:00 - 17:00:00; From: 2022-11-05, To: 2022-11-05, Times: 09:00:00 - 17:00:00; From: 2022-11-06, To: 2022-11-06, Times: 09:00:00 - 15:00:00; From: 2022-11-07, To: 2022-11-07, Times: 08:00:00 - 17:00:00",,19103,"855 S Dubuque St, Iowa City, IA 52240, USA",IOWA CITY,JOHNSON,IOWA,IA,41.65138779999999,-91.5339216,41.6515152,-91.5334002,41.6512525,-91.534527,False,,False
johnson,Iowa City Public Library,123 S Linn St Iowa City IA 52240,123 S Linn St,Iowa City,IA,52240,Locality wide location,false,true,"From: 2022-10-30, To: 2022-10-30, Times: 11:00:00 - 17:00:00; From: 2022-10-31, To: 2022-11-02, Times: 10:00:00 - 16:00:00; From: 2022-11-03, To: 2022-11-03, Times: 12:00:00 - 18:00:00",,19103,"123 S Linn St, Iowa City, IA 52240, USA",IOWA CITY,JOHNSON,IOWA,IA,41.6592331,-91.532167,,,,,False,,False
johnson,Iowa Memorial Union,125 N Madison St Iowa City IA 52245,125 N Madison St,Iowa City,IA,52245,Locality wide location,false,true,"From: 2022-10-19, To: 2022-10-21, Times: 09:00:00 - 15:00:00",,19103,"125 N Madison St, Iowa City, IA 52245, USA",IOWA CITY,JOHNSON,IOWA,IA,41.6623113,-91.53934339999999,41.6623564,-91.5392452,41.662228,-91.5394159,False,,False
johnson,North Liberty Community Library,520 W Cherry St North Liberty IA 52317,520 W Cherry St,North Liberty,IA,52317,Locality wide location,false,true,"From: 2022-11-05, To: 2022-11-05, Times: 11:00:00 - 17:00:00; From: 2022-11-06, To: 2022-11-06, Times: 13:00:00 - 16:00:00",,19103,"520 W Cherry St, North Liberty, IA 52317, USA",NORTH LIBERTY,JOHNSON,IOWA,IA,41.7502522,-91.605217,41.750491,-91.6046677,41.749775,-91.6060145,False,,False
johnson,Purpose Place,611 Southgate Ave Iowa City IA 52240,611 Southgate Ave,Iowa City,IA,52240,Locality wide location,false,true,"From: 2022-10-23, To: 2022-10-23, Times: 09:00:00 - 15:00:00",,19103,"611 Southgate Ave, Iowa City, IA 52240, USA",IOWA CITY,JOHNSON,IOWA,IA,41.6402683,-91.525582,41.6404094,-91.52534980000001,41.64017880000001,-91.5258028,False,,False
johnson,Tiffin City Hall,300 Railroad St Tiffin IA 52340,300 Railroad St,Tiffin,IA,52340,Locality wide location,false,true,"From: 2022-10-25, To: 2022-10-25, Times: 07:00:00 - 13:00:00",1978060,19103,"300 Railroad St, Tiffin, IA 52340, USA",TIFFIN,JOHNSON,IOWA,IA,41.7043356,-91.6661056,41.704418,-91.66594339999999,41.7042892,-91.66630459999999,False,,False
jones,Jones County Auditor,500 W Main St Anamosa IA 52205,500 W Main St,Anamosa,IA,52205,Locality wide location,false,true,"From: 2022-10-19, To: 2022-10-21, Times: 08:00:00 - 16:30:00; From: 2022-10-24, To: 2022-10-24, Times: 08:00:00 - 17:00:00; From: 2022-10-25, To: 2022-10-28, Times: 08:00:00 - 16:30:00; From: 2022-10-31, To: 2022-11-03, Times: 08:00:00 - 16:30:00; From: 2022-11-04, To: 2022-11-04, Times: 08:00:00 - 17:00:00; From: 2022-11-05, To: 2022-11-05, Times: 09:00:00 - 17:00:00; From: 2022-11-07, To: 2022-11-07, Times: 08:00:00 - 16:30:00",1901990,19105,"500 W Main St, Anamosa, IA 52205, USA",ANAMOSA,JONES,IOWA,IA,42.1091542,-91.2898596,42.1092594,-91.2896914,42.1090395,-91.2901435,False,,False
keokuk,Keokuk County Auditor,101 S Main St Sigourney IA 52591,101 S Main St,Sigourney,IA,52591,Locality wide location,false,true,"From: 2022-10-19, To: 2022-10-21, Times: 08:00:00 - 16:30:00; From: 2022-10-24, To: 2022-10-24, Times: 08:00:00 - 17:00:00; From: 2022-10-25, To: 2022-10-28, Times: 08:00:00 - 16:30:00; From: 2022-10-31, To: 2022-11-04, Times: 08:00:00 - 16:30:00; From: 2022-11-05, To: 2022-11-05, Times: 09:00:00 - 17:00:00; From: 2022-11-07, To: 2022-11-07, Times: 08:00:00 - 16:30:00",1973110,19107,"101 S Main St, Sigourney, IA 52591, USA",SIGOURNEY,KEOKUK,IOWA,IA,41.33325689999999,-92.2046848,41.3333628,-92.2043819,41.3331235,-92.2047469,False,,False
kossuth,Kossuth County Auditor,114 W State St Algona IA 50511,114 W State St,Algona,IA,50511,Locality wide location,false,true,"From: 2022-10-19, To: 2022-10-21, Times: 08:00:00 - 16:00:00; From: 2022-10-24, To: 2022-10-24, Times: 08:00:00 - 17:00:00; From: 2022-10-25, To: 2022-10-28, Times: 08:00:00 - 16:00:00; From: 2022-10-31, To: 2022-11-03, Times: 08:00:00 - 16:00:00; From: 2022-11-04, To: 2022-11-04, Times: 08:00:00 - 17:00:00; From: 2022-11-05, To: 2022-11-05, Times: 09:00:00 - 17:00:00; From: 2022-11-07, To: 2022-11-07, Times: 08:00:00 - 16:00:00",1901135,19109,"114 W State St, Algona, IA 50511, USA",ALGONA,KOSSUTH,IOWA,IA,43.068644,-94.2396237,43.068697,-94.2394437,43.0685909,-94.23985130000001,False,,False
lee,Lee County Auditor,933 Ave H Fort Madison IA 52627,933 Ave H,Fort Madison,IA,52627,Locality wide location,false,true,"From: 2022-10-19, To: 2022-10-21, Times: 08:30:00 - 16:30:00; From: 2022-10-24, To: 2022-10-28, Times: 08:30:00 - 16:30:00; From: 2022-10-31, To: 2022-11-04, Times: 08:30:00 - 16:30:00; From: 2022-11-05, To: 2022-11-05, Times: 09:00:00 - 17:00:00; From: 2022-11-07, To: 2022-11-07, Times: 08:30:00 - 16:30:00",,19111,"north lee county office building, 933 Ave H, Fort Madison, IA 52627, USA",FORT MADISON,LEE,IOWA,IA,40.630323,-91.31476699999999,40.6304909,-91.3143918,40.6301304,-91.3150155,False,,False
lee,Lee County Auditor Keokuk Office,25 N 7th St Keokuk IA 52632,25 N 7th St,Keokuk,IA,52632,Locality wide location,false,true,"From: 2022-10-19, To: 2022-10-21, Times: 08:30:00 - 12:00:00; From: 2022-10-19, To: 2022-10-21, Times: 13:00:00 - 16:30:00; From: 2022-10-24, To: 2022-10-28, Times: 08:30:00 - 12:00:00; From: 2022-10-24, To: 2022-10-28, Times: 13:00:00 - 16:30:00; From: 2022-10-31, To: 2022-11-04, Times: 08:30:00 - 12:00:00; From: 2022-10-31, To: 2022-11-04, Times: 13:00:00 - 16:30:00; From: 2022-11-05, To: 2022-11-05, Times: 09:00:00 - 17:00:00; From: 2022-11-07, To: 2022-11-07, Times: 08:30:00 - 12:00:00; From: 2022-11-07, To: 2022-11-07, Times: 13:00:00 - 16:30:00",1940845,19111,"25 N 7th St, Keokuk, IA 52632, USA",KEOKUK,LEE,IOWA,IA,40.3976489,-91.3839702,40.3978258,-91.3837679,40.3973982,-91.3842098,False,,False
linn,Cedar Rapids Downtown Library,450 5th Ave SE Cedar Rapids IA 52401,450 5th Ave SE,Cedar Rapids,IA,52401,Locality wide location,false,true,"From: 2022-10-22, To: 2022-10-22, Times: 10:00:00 - 16:00:00; From: 2022-10-23, To: 2022-10-23, Times: 13:00:00 - 17:00:00; From: 2022-10-24, To: 2022-10-25, Times: 15:30:00 - 19:30:00",,19113,"450 5th Ave SE, Cedar Rapids, IA 52401, USA",CEDAR RAPIDS,LINN,IOWA,IA,41.9774883,-91.6627128,,,,,False,,False
linn,Cedar Rapids LADD Library,3750 Williams Blvd SW Cedar Rapids IA 52404,3750 Williams Blvd SW,Cedar Rapids,IA,52404,Locality wide location,false,true,"From: 2022-10-28, To: 2022-10-29, Times: 10:00:00 - 16:00:00; From: 2022-10-30, To: 2022-10-30, Times: 13:00:00 - 17:00:00; From: 2022-11-06, To: 2022-11-06, Times: 13:00:00 - 17:00:00",,19113,"3750 Williams Blvd SW, Cedar Rapids, IA 52404, USA",CEDAR RAPIDS,LINN,IOWA,IA,41.9555722,-91.7236216,41.9562058,-91.722849,41.9549837,-91.72450119999999,False,,False
linn,Coe College - Gage Memorial Union,1220 1st Ave NE Cedar Rapids IA 52402,1220 1st Ave NE,Cedar Rapids,IA,52402,Locality wide location,false,true,"From: 2022-11-02, To: 2022-11-02, Times: 12:00:00 - 18:00:00",,19113,"1220 1st Ave NE, Cedar Rapids, IA 52402, USA",CEDAR RAPIDS,LINN,IOWA,IA,41.9877283,-91.65868669999999,41.9879328,-91.6582944,41.9874215,-91.6589731,False,,False
linn,Cornell College - SAW Center,600 1st St Mt Vernon IA 52314,600 1st St,Mt Vernon,IA,52314,Locality wide location,false,true,"From: 2022-10-27, To: 2022-10-27, Times: 12:00:00 - 18:00:00",,19113,"Law Hall Technology Center, 600 1st St, Mt Vernon, IA 52314, USA",MOUNT VERNON,LINN,IOWA,IA,41.9244653,-91.4229727,41.9246472,-91.4227592,41.9242589,-91.42325009999999,False,,False
linn,Jean Oxley Linn County Public Service Center,935 2nd St SW Cedar Rapids IA 52404,935 2nd St SW,Cedar Rapids,IA,52404,Locality wide location,false,true,"From: 2022-10-19, To: 2022-10-21, Times: 08:00:00 - 17:00:00; From: 2022-10-24, To: 2022-10-28, Times: 08:00:00 - 17:00:00; From: 2022-10-31, To: 2022-11-05, Times: 08:00:00 - 17:00:00; From: 2022-11-07, To: 2022-11-07, Times: 08:00:00 - 17:00:00",,19113,"935 2nd St SW, Cedar Rapids, IA 52404, USA",CEDAR RAPIDS,LINN,IOWA,IA,41.9683913,-91.6684347,41.9686668,-91.6680305,41.9681227,-91.6687247,False,,False
linn,Kirkwood Community College - Recreation Center,6301 Kirkwood Blvd SW Cedar Rapids IA 52404,6301 Kirkwood Blvd SW,Cedar Rapids,IA,52404,Locality wide location,false,true,"From: 2022-11-01, To: 2022-11-01, Times: 12:00:00 - 18:00:00",,19113,"6301 Kirkwood Blvd SW, Cedar Rapids, IA 52404, USA",CEDAR RAPIDS,LINN,IOWA,IA,41.9132726,-91.6492014,41.9138378,-91.64855899999999,41.9127528,-91.6495827,False,,False
linn,Linden Mall,4444 1st Ave NE Cedar Rapids IA 52402,4444 1st Ave NE,Cedar Rapids,IA,52402,Locality wide location,false,true,"From: 2022-10-19, To: 2022-10-22, Times: 11:00:00 - 18:30:00; From: 2022-10-23, To: 2022-10-23, Times: 12:00:00 - 17:00:00; From: 2022-10-25, To: 2022-10-29, Times: 11:00:00 - 18:30:00; From: 2022-10-30, To: 2022-10-30, Times: 12:00:00 - 17:00:00; From: 2022-11-01, To: 2022-11-05, Times: 11:00:00 - 18:30:00; From: 2022-11-06, To: 2022-11-06, Times: 12:00:00 - 17:00:00",,19113,"4444 1st Ave NE, Cedar Rapids, IA 52402, USA",CEDAR RAPIDS,LINN,IOWA,IA,42.0257279,-91.6278471,,,,,False,,False
linn,Linn County Auditor Ballot Drop Box,935 2nd St SW Cedar Rapids IA 52404,935 2nd St SW,Cedar Rapids,IA,52404,Locality wide location,true,false,"From: 2022-10-19, To: 2022-11-05, Times: 00:00:00 - 23:59:59; From: 2022-11-08, To: 2022-11-08, Times: 00:00:00 - 20:01:00; From: 2022-11-06, To: 2022-11-06, Times: 00:00:00 - 23:59:59; From: 2022-11-07, To: 2022-11-07, Times: 00:00:00 - 23:59:59",,19113,"935 2nd St SW, Cedar Rapids, IA 52404, USA",CEDAR RAPIDS,LINN,IOWA,IA,41.9683913,-91.6684347,41.9686668,-91.6680305,41.9681227,-91.6687247,False,,False
linn,Mt Mercy University - Busse Library,1330 Elmhurst Dr NE Cedar Rapids IA 52402,1330 Elmhurst Dr NE,Cedar Rapids,IA,52402,Locality wide location,false,true,"From: 2022-10-20, To: 2022-10-20, Times: 09:00:00 - 15:00:00",,19113,"1330 Elmhurst Dr NE, Cedar Rapids, IA 52402, USA",CEDAR RAPIDS,LINN,IOWA,IA,42.00252090000001,-91.6520371,,,,,False,,False
louisa,Louisa County Auditor,117 S Main St Wapello IA 52653,117 S Main St,Wapello,IA,52653,Locality wide location,false,true,"From: 2022-10-19, To: 2022-10-21, Times: 08:00:00 - 16:30:00; From: 2022-10-24, To: 2022-10-24, Times: 08:00:00 - 17:00:00; From: 2022-10-25, To: 2022-10-28, Times: 08:00:00 - 16:30:00; From: 2022-10-31, To: 2022-11-03, Times: 08:00:00 - 16:30:00; From: 2022-11-04, To: 2022-11-04, Times: 08:00:00 - 17:00:00; From: 2022-11-05, To: 2022-11-05, Times: 09:00:00 - 17:00:00; From: 2022-11-07, To: 2022-11-07, Times: 08:00:00 - 16:30:00",1982200,19115,"117 S Main St, Wapello, IA 52653, USA",WAPELLO,LOUISA,IOWA,IA,41.1786524,-91.1861937,41.17886,-91.1859825,41.1785053,-91.18635359999999,False,,False
lucas,Lucas County Auditor,916 Braden Ave Chariton IA 50049,916 Braden Ave,Chariton,IA,50049,Locality wide location,false,true,"From: 2022-10-19, To: 2022-10-21, Times: 08:00:00 - 16:00:00; From: 2022-10-24, To: 2022-10-28, Times: 08:00:00 - 16:00:00; From: 2022-10-31, To: 2022-11-04, Times: 08:00:00 - 16:00:00; From: 2022-11-05, To: 2022-11-05, Times: 09:00:00 - 17:00:00; From: 2022-11-07, To: 2022-11-07, Times: 08:00:00 - 16:00:00",1912720,19117,"916 Braden Ave, Chariton, IA 50049, USA",CHARITON,LUCAS,IOWA,IA,41.01501140000001,-93.3076552,41.0151137,-93.30744159999999,41.0149237,-93.3078297,False,,False
lyon,Lyon County Auditor,206 S 2nd Ave Rock Rapids IA 51246,206 S 2nd Ave,Rock Rapids,IA,51246,Locality wide location,false,true,"From: 2022-10-19, To: 2022-10-21, Times: 08:00:00 - 16:30:00; From: 2022-10-24, To: 2022-10-28, Times: 08:00:00 - 16:30:00; From: 2022-10-31, To: 2022-11-04, Times: 08:00:00 - 16:30:00; From: 2022-11-05, To: 2022-11-05, Times: 09:00:00 - 17:00:00; From: 2022-11-07, To: 2022-11-07, Times: 08:00:00 - 16:30:00",,19119,"206 S 2nd Ave, Rock Rapids, IA 51246, USA",ROCK RAPIDS,LYON,IOWA,IA,43.43002329999999,-96.16749539999999,,,,,False,,False
madison,Madison County Auditor,112 N John Wayne Dr Winterset IA 50273,112 N John Wayne Dr,Winterset,IA,50273,Locality wide location,false,true,"From: 2022-10-19, To: 2022-10-21, Times: 08:00:00 - 16:30:00; From: 2022-10-24, To: 2022-10-28, Times: 08:00:00 - 16:30:00; From: 2022-10-31, To: 2022-11-03, Times: 08:00:00 - 16:30:00; From: 2022-11-04, To: 2022-11-04, Times: 08:00:00 - 17:00:00; From: 2022-11-05, To: 2022-11-05, Times: 08:00:00 - 17:00:00; From: 2022-11-07, To: 2022-11-07, Times: 08:00:00 - 16:30:00",1986520,19121,"N John Wayne Dr, Winterset, IA 50273, USA",WINTERSET,MADISON,IOWA,IA,41.355115,-94.0136535,41.36638330000002,-94.01314939999999,41.34479009999998,-94.0136825,True,Invalid final address,False
madison,Madison County Courthouse Curbside Voting,112 N John Wayne Dr Winterset IA 50273,112 N John Wayne Dr,Winterset,IA,50273,Locality wide location,false,true,"From: 2022-10-19, To: 2022-10-21, Times: 08:00:00 - 16:30:00; From: 2022-10-24, To: 2022-10-28, Times: 08:00:00 - 16:30:00; From: 2022-10-31, To: 2022-11-03, Times: 08:00:00 - 16:30:00; From: 2022-11-04, To: 2022-11-04, Times: 08:00:00 - 17:00:00; From: 2022-11-05, To: 2022-11-05, Times: 08:00:00 - 17:00:00; From: 2022-11-07, To: 2022-11-07, Times: 08:00:00 - 16:30:00",1986520,19121,"N John Wayne Dr, Winterset, IA 50273, USA",WINTERSET,MADISON,IOWA,IA,41.355115,-94.0136535,41.36638330000002,-94.01314939999999,41.34479009999998,-94.0136825,True,Invalid final address,True
mahaska,Mahaska County Auditor,106 S 1st St Oskaloosa IA 52577,106 S 1st St,Oskaloosa,IA,52577,Locality wide location,false,true,"From: 2022-10-19, To: 2022-10-21, Times: 08:00:00 - 16:30:00; From: 2022-10-24, To: 2022-10-28, Times: 08:00:00 - 16:30:00; From: 2022-10-31, To: 2022-11-04, Times: 08:00:00 - 16:30:00; From: 2022-11-05, To: 2022-11-05, Times: 09:00:00 - 17:00:00; From: 2022-11-07, To: 2022-11-07, Times: 08:00:00 - 16:30:00",1959925,19123,"106 S 1st St, Oskaloosa, IA 52577, USA",OSKALOOSA,MAHASKA,IOWA,IA,41.29506000000001,-92.6435111,41.2952219,-92.6433505,41.2949264,-92.64363569999999,False,,False
marion,Marion County Auditor,214 E Main St Knoxville IA 50138,214 E Main St,Knoxville,IA,50138,Locality wide location,false,true,"From: 2022-10-19, To: 2022-10-21, Times: 08:00:00 - 16:30:00; From: 2022-10-24, To: 2022-10-28, Times: 08:00:00 - 16:30:00; From: 2022-10-31, To: 2022-11-04, Times: 08:00:00 - 16:30:00; From: 2022-11-05, To: 2022-11-05, Times: 08:00:00 - 17:00:00; From: 2022-11-07, To: 2022-11-07, Times: 08:00:00 - 16:30:00",1942015,19125,"214 E Main St, Knoxville, IA 50138, USA",KNOXVILLE,MARION,IOWA,IA,41.318408,-93.0969971,41.3186201,-93.09685429999999,41.3183045,-93.09715369999999,False,,False
marshall,Marshall County Election Center,107 S 1st Ave Marshalltown IA 50158,107 S 1st Ave,Marshalltown,IA,50158,Locality wide location,false,true,"From: 2022-10-19, To: 2022-10-21, Times: 08:00:00 - 16:30:00; From: 2022-10-24, To: 2022-10-24, Times: 08:00:00 - 17:00:00; From: 2022-10-25, To: 2022-10-28, Times: 08:00:00 - 16:30:00; From: 2022-10-31, To: 2022-11-03, Times: 08:00:00 - 16:30:00; From: 2022-11-04, To: 2022-11-04, Times: 08:00:00 - 17:00:00; From: 2022-11-05, To: 2022-11-05, Times: 09:00:00 - 17:00:00; From: 2022-11-07, To: 2022-11-07, Times: 08:00:00 - 16:30:00",1949755,19127,"107 S 1st Ave, Marshalltown, IA 50158, USA",MARSHALLTOWN,MARSHALL,IOWA,IA,42.0470724,-92.91168569999999,42.0472736,-92.91152850000002,42.0469454,-92.9118817,False,,False
marshall,Marshall County Election Center Ballot Drop Box,107 S 1st Ave Marshalltown IA 50158,107 S 1st Ave,Marshalltown,IA,50158,Locality wide location,true,false,"From: 2022-10-19, To: 2022-10-21, Times: 08:00:00 - 16:30:00; From: 2022-10-24, To: 2022-10-24, Times: 08:00:00 - 17:00:00; From: 2022-10-25, To: 2022-10-28, Times: 08:00:00 - 16:30:00; From: 2022-10-31, To: 2022-11-03, Times: 08:00:00 - 16:30:00; From: 2022-11-04, To: 2022-11-04, Times: 08:00:00 - 17:00:00; From: 2022-11-05, To: 2022-11-05, Times: 09:00:00 - 17:00:00; From: 2022-11-07, To: 2022-11-07, Times: 08:00:00 - 16:30:00",1949755,19127,"107 S 1st Ave, Marshalltown, IA 50158, USA",MARSHALLTOWN,MARSHALL,IOWA,IA,42.0470724,-92.91168569999999,42.0472736,-92.91152850000002,42.0469454,-92.9118817,False,,False
mills,Mills County Auditor,418 Sharp St Glenwood IA 51534,418 Sharp St,Glenwood,IA,51534,Locality wide location,false,true,"From: 2022-10-19, To: 2022-10-21, Times: 08:00:00 - 16:30:00; From: 2022-10-24, To: 2022-10-24, Times: 08:00:00 - 17:00:00; From: 2022-10-25, To: 2022-10-28, Times: 08:00:00 - 16:30:00; From: 2022-10-31, To: 2022-11-03, Times: 08:00:00 - 16:30:00; From: 2022-11-04, To: 2022-11-04, Times: 08:00:00 - 17:00:00; From: 2022-11-05, To: 2022-11-05, Times: 09:00:00 - 17:00:00; From: 2022-11-07, To: 2022-11-07, Times: 08:00:00 - 16:30:00",1931350,19129,"418 E Sharp St, Glenwood, IA 51534, USA",GLENWOOD,MILLS,IOWA,IA,41.0471133,-95.74253,41.0471574,-95.7422361,41.0469743,-95.7427599,False,,False
mitchell,Mitchell County Auditor,212 S 5th St Osage IA 50461,212 S 5th St,Osage,IA,50461,Locality wide location,false,true,"From: 2022-10-19, To: 2022-10-21, Times: 08:00:00 - 16:30:00; From: 2022-10-24, To: 2022-10-24, Times: 08:00:00 - 17:00:00; From: 2022-10-25, To: 2022-10-28, Times: 08:00:00 - 16:30:00; From: 2022-10-31, To: 2022-11-03, Times: 08:00:00 - 16:30:00; From: 2022-11-04, To: 2022-11-04, Times: 08:00:00 - 17:00:00; From: 2022-11-05, To: 2022-11-05, Times: 09:00:00 - 17:00:00; From: 2022-11-07, To: 2022-11-07, Times: 08:00:00 - 16:30:00",1959745,19131,"212 S 5th St, Osage, IA 50461, USA",OSAGE,MITCHELL,IOWA,IA,43.282666,-92.8138584,43.2828218,-92.8136459,43.2825008,-92.8140829,False,,False
monona,Monona County Auditor,610 Iowa Ave Onawa IA 51040,610 Iowa Ave,Onawa,IA,51040,Locality wide location,false,true,"From: 2022-10-19, To: 2022-10-21, Times: 08:00:00 - 16:30:00; From: 2022-10-24, To: 2022-10-28, Times: 08:00:00 - 16:30:00; From: 2022-10-31, To: 2022-11-04, Times: 08:00:00 - 16:30:00; From: 2022-11-05, To: 2022-11-05, Times: 09:00:00 - 17:00:00; From: 2022-11-07, To: 2022-11-07, Times: 08:00:00 - 16:30:00",1959115,19133,"610 Iowa Ave, Onawa, IA 51040, USA",ONAWA,MONONA,IOWA,IA,42.0276055,-96.0927449,42.0280789,-96.09167869999999,42.0266801,-96.093092,False,,False
monroe,Monroe County Auditor,10 Benton Ave E Albia IA 52531,10 Benton Ave E,Albia,IA,52531,Locality wide location,false,true,"From: 2022-10-19, To: 2022-10-21, Times: 08:00:00 - 16:00:00; From: 2022-10-24, To: 2022-10-28, Times: 08:00:00 - 16:00:00; From: 2022-10-31, To: 2022-11-04, Times: 08:00:00 - 16:00:00; From: 2022-11-05, To: 2022-11-05, Times: 09:00:00 - 17:00:00; From: 2022-11-07, To: 2022-11-07, Times: 08:00:00 - 16:00:00",1900910,19135,"10 Benton Ave E, Albia, IA 52531, USA",ALBIA,MONROE,IOWA,IA,41.0267017,-92.8076694,41.0267738,-92.8075284,41.026552,-92.8078445,False,,False
montgomery,Montgomery County Auditor,105 E Coolbaugh St Red Oak IA 51566,105 E Coolbaugh St,Red Oak,IA,51566,Locality wide location,false,true,"From: 2022-10-19, To: 2022-10-21, Times: 08:00:00 - 16:30:00; From: 2022-10-24, To: 2022-10-24, Times: 08:00:00 - 17:00:00; From: 2022-10-25, To: 2022-10-28, Times: 08:00:00 - 16:30:00; From: 2022-10-31, To: 2022-11-03, Times: 08:00:00 - 16:30:00; From: 2022-11-04, To: 2022-11-04, Times: 08:00:00 - 17:00:00; From: 2022-11-05, To: 2022-11-05, Times: 09:00:00 - 17:00:00; From: 2022-11-07, To: 2022-11-07, Times: 08:00:00 - 16:30:00",,19137,"105 E Coolbaugh St, Red Oak, IA 51566, USA",RED OAK,MONTGOMERY,IOWA,IA,41.00867909999999,-95.23196949999999,41.0088414,-95.23166239999999,41.0085033,-95.23228209999999,False,,False
muscatine,Muscatine County Auditor,414 E 3rd St Muscatine IA 52761,414 E 3rd St,Muscatine,IA,52761,Locality wide location,false,true,"From: 2022-10-19, To: 2022-10-21, Times: 08:00:00 - 16:30:00; From: 2022-10-24, To: 2022-10-24, Times: 08:00:00 - 17:00:00; From: 2022-10-25, To: 2022-10-28, Times: 08:00:00 - 16:30:00; From: 2022-10-31, To: 2022-11-03, Times: 08:00:00 - 16:30:00; From: 2022-11-04, To: 2022-11-04, Times: 08:00:00 - 17:00:00; From: 2022-11-05, To: 2022-11-05, Times: 09:00:00 - 17:00:00; From: 2022-11-07, To: 2022-11-07, Times: 08:00:00 - 16:30:00",1955110,19139,"414 E 3rd St, Muscatine, IA 52761, USA",MUSCATINE,MUSCATINE,IOWA,IA,41.4239128,-91.0426421,41.42411,-91.0423859,41.4236963,-91.04290499999999,False,,False
osceola,Osceola County Auditor,300 7th St Sibley IA 51249,300 7th St,Sibley,IA,51249,Locality wide location,false,true,"From: 2022-10-19, To: 2022-10-21, Times: 08:00:00 - 16:30:00; From: 2022-10-24, To: 2022-10-24, Times: 08:00:00 - 17:00:00; From: 2022-10-25, To: 2022-10-28, Times: 08:00:00 - 16:30:00; From: 2022-10-31, To: 2022-11-04, Times: 08:00:00 - 16:30:00; From: 2022-11-05, To: 2022-11-05, Times: 09:00:00 - 17:00:00; From: 2022-11-07, To: 2022-11-07, Times: 08:00:00 - 16:30:00",1972975,19143,"300 7th St, Sibley, IA 51249, USA",SIBLEY,OSCEOLA,IOWA,IA,43.4021191,-95.7493604,43.4021906,-95.7491738,43.40199399999999,-95.74953119999999,False,,False
o~brien,O'Brien County Auditor,155 S Hayes Ave Primghar IA 51245,155 S Hayes Ave,Primghar,IA,51245,Locality wide location,false,true,"From: 2022-10-19, To: 2022-10-21, Times: 08:00:00 - 16:30:00; From: 2022-10-24, To: 2022-10-24, Times: 08:00:00 - 17:00:00; From: 2022-10-25, To: 2022-10-28, Times: 08:00:00 - 16:30:00; From: 2022-10-31, To: 2022-11-04, Times: 08:00:00 - 16:30:00; From: 2022-11-05, To: 2022-11-05, Times: 09:00:00 - 17:00:00; From: 2022-11-07, To: 2022-11-07, Times: 08:00:00 - 16:30:00",1964650,,"155 S Hayes Ave, Primghar, IA 51245, USA",PRIMGHAR,O'BRIEN,IOWA,IA,43.08678159999999,-95.62760039999999,43.0869449,-95.6274383,43.0866283,-95.62772020000001,False,,False
page,Page County Elections,112 E Main St Clarinda IA 51632,112 E Main St,Clarinda,IA,51632,Locality wide location,false,true,"From: 2022-10-19, To: 2022-10-21, Times: 08:00:00 - 16:30:00; From: 2022-10-24, To: 2022-10-28, Times: 08:00:00 - 16:30:00; From: 2022-10-31, To: 2022-11-04, Times: 08:00:00 - 16:30:00; From: 2022-11-05, To: 2022-11-05, Times: 09:00:00 - 17:00:00; From: 2022-11-07, To: 2022-11-07, Times: 08:00:00 - 16:30:00",1913575,19145,"112 E Main St, Clarinda, IA 51632, USA",CLARINDA,PAGE,IOWA,IA,40.7387672,-95.0371432,40.7389145,-95.03694689999999,40.7386118,-95.0373606,False,,False
palo_alto,Palo Alto County Auditor,1010 Broadway St Emmetsburg IA 50536,1010 Broadway St,Emmetsburg,IA,50536,Locality wide location,false,true,"From: 2022-10-19, To: 2022-10-21, Times: 08:00:00 - 16:00:00; From: 2022-10-24, To: 2022-10-28, Times: 08:00:00 - 16:00:00; From: 2022-10-31, To: 2022-11-04, Times: 08:00:00 - 16:00:00; From: 2022-11-05, To: 2022-11-05, Times: 08:00:00 - 17:00:00; From: 2022-11-07, To: 2022-11-07, Times: 08:00:00 - 16:00:00",1925590,,"Palo Alto County Courthouse, 1010 Broadway St, Emmetsburg, IA 50536, USA",EMMETSBURG,PALO ALTO,IOWA,IA,43.11058449999999,-94.67757399999999,43.1106753,-94.677334,43.11047360000001,-94.6777297,False,,False
plymouth,Plymouth County Auditor,215 4th Ave SE Le Mars IA 51031,215 4th Ave SE,Le Mars,IA,51031,Locality wide location,false,true,"From: 2022-10-19, To: 2022-10-21, Times: 08:00:00 - 17:00:00; From: 2022-10-24, To: 2022-10-28, Times: 08:00:00 - 17:00:00; From: 2022-10-31, To: 2022-11-04, Times: 08:00:00 - 17:00:00; From: 2022-11-05, To: 2022-11-05, Times: 08:00:00 - 17:00:00; From: 2022-11-07, To: 2022-11-07, Times: 08:00:00 - 17:00:00",,19149,"215 4th Ave SE, Le Mars, IA 51031, USA",LE MARS,PLYMOUTH,IOWA,IA,42.7899413,-96.16156409999999,42.7901308,-96.1613507,42.7897369,-96.1617461,False,,False
pocahontas,Pocahontas County Auditor,99 Court Square Pocahontas IA 50574,99 Court Square,Pocahontas,IA,50574,Locality wide location,false,true,"From: 2022-10-19, To: 2022-10-21, Times: 08:00:00 - 16:00:00; From: 2022-10-24, To: 2022-10-28, Times: 08:00:00 - 16:00:00; From: 2022-10-31, To: 2022-11-04, Times: 08:00:00 - 16:00:00; From: 2022-11-05, To: 2022-11-05, Times: 09:00:00 - 17:00:00; From: 2022-11-07, To: 2022-11-07, Times: 08:00:00 - 16:00:00",1963975,19151,"Courthouse Square, 99 Court Square, Pocahontas, IA 50574, USA",POCAHONTAS,POCAHONTAS,IOWA,IA,42.7371294,-94.66889239999999,42.7372558,-94.6686265,42.7370226,-94.6691013,False,,False
polk,Polk County Elections Office,120 2nd Ave A Des Moines IA 50309,120 2nd Ave A,Des Moines,IA,50309,Locality wide location,false,true,"From: 2022-10-19, To: 2022-10-21, Times: 08:00:00 - 17:00:00; From: 2022-10-24, To: 2022-10-28, Times: 08:00:00 - 17:00:00; From: 2022-10-31, To: 2022-11-04, Times: 08:00:00 - 17:00:00; From: 2022-11-05, To: 2022-11-05, Times: 08:00:00 - 17:00:00; From: 2022-11-07, To: 2022-11-07, Times: 08:00:00 - 17:00:00",,19153,"120 2nd Ave A, Des Moines, IA 50309, USA",DES MOINES,POLK,IOWA,IA,41.5844557,-93.6189761,,,,,False,,False
polk,Polk County Elections Office Ballot Drop Box,120 2nd Ave A Des Moines IA 50309,120 2nd Ave A,Des Moines,IA,50309,Locality wide location,true,false,"From: 2022-10-19, To: 2022-11-05, Times: 00:00:00 - 23:59:59; From: 2022-11-08, To: 2022-11-08, Times: 00:00:00 - 20:00:00; From: 2022-11-06, To: 2022-11-06, Times: 00:00:00 - 23:59:59; From: 2022-11-07, To: 2022-11-07, Times: 00:00:00 - 23:59:59",,19153,"120 2nd Ave A, Des Moines, IA 50309, USA",DES MOINES,POLK,IOWA,IA,41.5844557,-93.6189761,,,,,False,,False
pottawattamie,Pottawattamie County Auditor,227 S 6th St Council Bluffs IA 51501,227 S 6th St,Council Bluffs,IA,51501,Locality wide location,false,true,"From: 2022-10-19, To: 2022-10-21, Times: 08:00:00 - 16:30:00; From: 2022-10-24, To: 2022-10-28, Times: 08:00:00 - 16:30:00; From: 2022-10-31, To: 2022-11-04, Times: 08:00:00 - 16:30:00; From: 2022-11-05, To: 2022-11-05, Times: 09:00:00 - 17:00:00; From: 2022-11-07, To: 2022-11-07, Times: 08:00:00 - 16:30:00",1916860,19155,"227 S 6th St, Council Bluffs, IA 51501, USA",COUNCIL BLUFFS,POTTAWATTAMIE,IOWA,IA,41.2573468,-95.8525574,41.2576517,-95.8520411,41.2571242,-95.8527452,False,,False
pottawattamie,Pottawattamie County Courthouse Ballot Drop Box,227 S 6th St Council Bluffs IA 51501,227 S 6th St,Council Bluffs,IA,51501,Locality wide location,true,false,"From: 2022-10-19, To: 2022-11-05, Times: 00:00:00 - 23:59:59; From: 2022-11-08, To: 2022-11-08, Times: 00:00:00 - 20:00:00; From: 2022-11-06, To: 2022-11-06, Times: 00:00:00 - 23:59:59; From: 2022-11-07, To: 2022-11-07, Times: 00:00:00 - 23:59:59",1916860,19155,"227 S 6th St, Council Bluffs, IA 51501, USA",COUNCIL BLUFFS,POTTAWATTAMIE,IOWA,IA,41.2573468,-95.8525574,41.2576517,-95.8520411,41.2571242,-95.8527452,False,,False
poweshiek,Drake Library,930 Park St Grinnell IA 50112,930 Park St,Grinnell,IA,50112,Locality wide location,false,true,"From: 2022-10-28, To: 2022-10-28, Times: 09:00:00 - 15:00:00",1933105,19157,"930 Park St, Grinnell, IA 50112, USA",GRINNELL,POWESHIEK,IOWA,IA,41.7444508,-92.7219247,41.744564,-92.7212656,41.7440936,-92.7223346,False,,False
poweshiek,JRC Grinnell College,1115 8th Ave Grinnell IA 50112,1115 8th Ave,Grinnell,IA,50112,Locality wide location,false,true,"From: 2022-10-25, To: 2022-10-25, Times: 09:00:00 - 15:00:00",1933105,19157,"Joe Rosenfield ’25 Center, 1115 8th Ave, Grinnell, IA 50112, USA",GRINNELL,POWESHIEK,IOWA,IA,41.7494722,-92.71990439999999,41.7498037,-92.7193631,41.74922129999999,-92.7207926,False,,False
poweshiek,Poweshiek County Auditor,302 E Main St Montezuma IA 50171,302 E Main St,Montezuma,IA,50171,Locality wide location,false,true,"From: 2022-10-19, To: 2022-10-21, Times: 08:00:00 - 16:00:00; From: 2022-10-24, To: 2022-10-24, Times: 08:00:00 - 17:00:00; From: 2022-10-25, To: 2022-10-28, Times: 08:00:00 - 16:00:00; From: 2022-10-31, To: 2022-10-31, Times: 08:00:00 - 17:00:00; From: 2022-11-01, To: 2022-11-04, Times: 08:00:00 - 16:00:00; From: 2022-11-07, To: 2022-11-07, Times: 08:00:00 - 16:00:00",1953490,19157,"302 E Main St, Montezuma, IA 50171, USA",MONTEZUMA,POWESHIEK,IOWA,IA,41.58487239999999,-92.5242032,41.5850068,-92.52411359999999,41.58463700000001,-92.5243303,False,,False
ringgold,Ringgold County Auditor,109 W Madison St Mt Ayr IA 50854,109 W Madison St,Mt Ayr,IA,50854,Locality wide location,false,true,"From: 2022-10-19, To: 2022-10-21, Times: 08:00:00 - 16:00:00; From: 2022-10-24, To: 2022-10-24, Times: 08:00:00 - 17:00:00; From: 2022-10-25, To: 2022-10-28, Times: 08:00:00 - 16:00:00; From: 2022-10-31, To: 2022-11-03, Times: 08:00:00 - 16:00:00; From: 2022-11-04, To: 2022-11-04, Times: 08:00:00 - 17:00:00; From: 2022-11-05, To: 2022-11-05, Times: 08:00:00 - 17:00:00; From: 2022-11-07, To: 2022-11-07, Times: 08:00:00 - 16:00:00",,19159,"109 W Madison St, Mt Ayr, IA 50854, USA",MOUNT AYR,RINGGOLD,IOWA,IA,40.7143087,-94.2381017,40.7144151,-94.23796759999999,40.71418329999999,-94.2382935,False,,False
ringgold,Ringgold County Courthouse Ballot Drop Box,109 W Madison St Mt Ayr IA 50854,109 W Madison St,Mt Ayr,IA,50854,Locality wide location,true,false,"From: 2022-10-19, To: 2022-11-05, Times: 00:00:00 - 23:59:59; From: 2022-11-08, To: 2022-11-08, Times: 00:00:00 - 20:00:00; From: 2022-11-06, To: 2022-11-06, Times: 00:00:00 - 23:59:59; From: 2022-11-07, To: 2022-11-07, Times: 00:00:00 - 23:59:59",,19159,"109 W Madison St, Mt Ayr, IA 50854, USA",MOUNT AYR,RINGGOLD,IOWA,IA,40.7143087,-94.2381017,40.7144151,-94.23796759999999,40.71418329999999,-94.2382935,False,,False
sac,Sac County Auditor,100 NW State St Sac City IA 50583,100 NW State St,Sac City,IA,50583,Locality wide location,false,true,"From: 2022-10-19, To: 2022-10-21, Times: 08:00:00 - 16:30:00; From: 2022-10-24, To: 2022-10-28, Times: 08:00:00 - 16:30:00; From: 2022-10-29, To: 2022-10-29, Times: 09:00:00 - 17:00:00; From: 2022-10-31, To: 2022-11-04, Times: 08:00:00 - 16:30:00; From: 2022-11-05, To: 2022-11-05, Times: 09:00:00 - 17:00:00; From: 2022-11-07, To: 2022-11-07, Times: 08:00:00 - 16:30:00",1969645,19161,"100 N W State St, Sac City, IA 50583, USA",SAC CITY,SAC,IOWA,IA,42.422729,-94.9879019,42.4228239,-94.9876003,42.4226596,-94.9881691,False,,False
scott,Bettendorf Public Library,2950 Learning Campus Dr Bettendorf IA 52722,2950 Learning Campus Dr,Bettendorf,IA,52722,Locality wide location,false,true,"From: 2022-10-19, To: 2022-10-22, Times: 09:00:00 - 15:00:00; From: 2022-10-24, To: 2022-10-29, Times: 09:00:00 - 15:00:00; From: 2022-10-31, To: 2022-11-05, Times: 09:00:00 - 15:00:00",1906355,19163,"2950 Learning Campus Dr, Bettendorf, IA 52722, USA",BETTENDORF,SCOTT,IOWA,IA,41.5528179,-90.5008589,41.553069,-90.50059309999999,41.5523996,-90.50141909999999,False,,False
scott,Davenport Public Library Eastern,6000 Eastern Ave Davenport IA 52807,6000 Eastern Ave,Davenport,IA,52807,Locality wide location,false,true,"From: 2022-10-19, To: 2022-10-19, Times: 12:30:00 - 18:30:00; From: 2022-10-20, To: 2022-10-22, Times: 10:00:00 - 16:00:00; From: 2022-10-24, To: 2022-10-24, Times: 12:30:00 - 18:30:00; From: 2022-10-25, To: 2022-10-25, Times: 10:00:00 - 16:00:00; From: 2022-10-26, To: 2022-10-26, Times: 12:30:00 - 18:30:00; From: 2022-10-27, To: 2022-10-29, Times: 10:00:00 - 16:00:00; From: 2022-10-31, To: 2022-10-31, Times: 12:30:00 - 18:30:00; From: 2022-11-01, To: 2022-11-01, Times: 10:00:00 - 16:00:00; From: 2022-11-02, To: 2022-11-02, Times: 12:30:00 - 18:30:00; From: 2022-11-03, To: 2022-11-05, Times: 10:00:00 - 16:00:00",1919000,19163,"6000 Eastern Ave, Davenport, IA 52807, USA",DAVENPORT,SCOTT,IOWA,IA,41.5829311,-90.5533361,41.5832953,-90.5528276,41.5826645,-90.55364759999999,False,,False
scott,Davenport Public Library Fairmount,3000 N Fairmount St Davenport IA 52804,3000 N Fairmount St,Davenport,IA,52804,Locality wide location,false,true,"From: 2022-10-19, To: 2022-10-19, Times: 09:00:00 - 15:00:00; From: 2022-10-20, To: 2022-10-20, Times: 12:00:00 - 18:00:00; From: 2022-10-21, To: 2022-10-22, Times: 09:00:00 - 15:00:00; From: 2022-10-24, To: 2022-10-24, Times: 09:00:00 - 15:00:00; From: 2022-10-25, To: 2022-10-25, Times: 12:00:00 - 18:00:00; From: 2022-10-26, To: 2022-10-26, Times: 09:00:00 - 15:00:00; From: 2022-10-27, To: 2022-10-27, Times: 12:00:00 - 18:00:00; From: 2022-10-28, To: 2022-10-29, Times: 09:00:00 - 15:00:00; From: 2022-10-31, To: 2022-10-31, Times: 09:00:00 - 15:00:00; From: 2022-11-01, To: 2022-11-01, Times: 12:00:00 - 18:00:00; From: 2022-11-02, To: 2022-11-02, Times: 09:00:00 - 15:00:00; From: 2022-11-03, To: 2022-11-03, Times: 12:00:00 - 18:00:00; From: 2022-11-04, To: 2022-11-05, Times: 09:00:00 - 15:00:00",1919000,19163,"3000 N Fairmount St, Davenport, IA 52804, USA",DAVENPORT,SCOTT,IOWA,IA,41.5516339,-90.63159379999999,41.5519895,-90.63116169999999,41.551355,-90.6319322,False,,False
scott,Scott County Auditor,600 W 4th St Davenport IA 52801,600 W 4th St,Davenport,IA,52801,Locality wide location,false,true,"From: 2022-10-19, To: 2022-10-21, Times: 08:00:00 - 16:30:00; From: 2022-10-24, To: 2022-10-28, Times: 08:00:00 - 16:30:00; From: 2022-10-31, To: 2022-11-04, Times: 08:00:00 - 16:30:00; From: 2022-11-05, To: 2022-11-05, Times: 09:00:00 - 17:00:00; From: 2022-11-07, To: 2022-11-07, Times: 08:00:00 - 16:30:00",1919000,19163,"600 W 4th St, Davenport, IA 52801, USA",DAVENPORT,SCOTT,IOWA,IA,41.5243861,-90.5819087,41.5245,-90.5816468,41.5241658,-90.5822761,False,,False
scott,Scott County Courthouse Ballot Drop Box,600 W 4th St Davenport IA 52801,600 W 4th St,Davenport,IA,52801,Locality wide location,true,false,"From: 2022-10-19, To: 2022-10-19, Times: 08:00:00 - 23:59:59; From: 2022-10-20, To: 2022-11-05, Times: 00:00:00 - 23:59:59; From: 2022-11-08, To: 2022-11-08, Times: 00:00:00 - 20:00:00; From: 2022-11-06, To: 2022-11-06, Times: 00:00:00 - 23:59:59; From: 2022-11-07, To: 2022-11-07, Times: 00:00:00 - 23:59:59",1919000,19163,"600 W 4th St, Davenport, IA 52801, USA",DAVENPORT,SCOTT,IOWA,IA,41.5243861,-90.5819087,41.5245,-90.5816468,41.5241658,-90.5822761,False,,False
scott,Scott County Library,200 N 6th St Eldridge IA 52748,200 N 6th St,Eldridge,IA,52748,Locality wide location,false,true,"From: 2022-10-19, To: 2022-10-22, Times: 09:30:00 - 15:30:00; From: 2022-10-24, To: 2022-10-29, Times: 09:30:00 - 15:30:00; From: 2022-10-31, To: 2022-11-05, Times: 09:30:00 - 15:30:00",1924600,19163,"200 N 6th St, Eldridge, IA 52748, USA",ELDRIDGE,SCOTT,IOWA,IA,41.65654749999999,-90.5902663,,,,,False,,False
scott,St Ambrose University - Rogalski Center,518 W Locust St Davenport IA 52803,518 W Locust St,Davenport,IA,52803,Locality wide location,false,true,"From: 2022-10-24, To: 2022-10-28, Times: 09:00:00 - 15:00:00",1919000,19163,"518 W Locust St, Davenport, IA 52803, USA",DAVENPORT,SCOTT,IOWA,IA,41.5391024,-90.57994769999999,,,,,False,,False
shelby,Shelby County Auditor,612 Court St Harlan IA 51537,612 Court St,Harlan,IA,51537,Locality wide location,false,true,"From: 2022-10-19, To: 2022-10-21, Times: 08:00:00 - 16:30:00; From: 2022-10-24, To: 2022-10-24, Times: 08:00:00 - 17:00:00; From: 2022-10-25, To: 2022-10-28, Times: 08:00:00 - 16:30:00; From: 2022-10-31, To: 2022-11-04, Times: 08:00:00 - 16:30:00; From: 2022-11-05, To: 2022-11-05, Times: 09:00:00 - 17:00:00; From: 2022-11-07, To: 2022-11-07, Times: 08:00:00 - 17:00:00",1934500,19165,"612 Court St, Harlan, IA 51537, USA",HARLAN,SHELBY,IOWA,IA,41.6581528,-95.3183377,41.6582974,-95.31818299999999,41.65798909999999,-95.31845299999999,False,,False
sioux,Sioux County Auditor,210 Central Ave SW Orange City IA 51041,210 Central Ave SW,Orange City,IA,51041,Locality wide location,false,true,"From: 2022-10-19, To: 2022-10-21, Times: 08:00:00 - 16:30:00; From: 2022-10-24, To: 2022-10-28, Times: 08:00:00 - 16:30:00; From: 2022-10-31, To: 2022-11-04, Times: 08:00:00 - 16:30:00; From: 2022-11-05, To: 2022-11-05, Times: 08:00:00 - 17:00:00; From: 2022-11-07, To: 2022-11-07, Times: 08:00:00 - 16:30:00",1959475,19167,"210 Central Ave S, Orange City, IA 51041, USA",ORANGE CITY,SIOUX,IOWA,IA,43.0045305,-96.0589019,43.00467,-96.05872029999999,43.0044058,-96.05901120000001,False,,False
story,Ames Public Library - FT Brown Auditorium,515 Douglas Ave Ames IA 50010,515 Douglas Ave,Ames,IA,50010,Locality wide location,false,true,"From: 2022-10-29, To: 2022-10-29, Times: 09:00:00 - 16:00:00; From: 2022-11-05, To: 2022-11-05, Times: 09:00:00 - 16:00:00",1901855,19169,"515 Douglas Ave, Ames, IA 50010, USA",AMES,STORY,IOWA,IA,42.026462,-93.61254,,,,,False,,False
story,Memorial Union - Cardinal Room,2229 Lincoln Way Ames IA 50011,2229 Lincoln Way,Ames,IA,50011,Locality wide location,false,true,"From: 2022-10-21, To: 2022-10-21, Times: 09:00:00 - 16:00:00",1901855,19169,"2229 Lincoln Way, Ames, IA 50011, USA",AMES,STORY,IOWA,IA,42.0232268,-93.64599539999999,42.0241353,-93.6447184,42.0230371,-93.6463011,False,,False
story,Scheman Building - Room 004,1805 Center Dr Ames IA 50011,1805 Center Dr,Ames,IA,50011,Locality wide location,false,true,"From: 2022-10-31, To: 2022-10-31, Times: 09:00:00 - 16:00:00",1901855,19169,"Scheman Bldg, 1805 Center Dr, Ames, IA 50011, USA",AMES,STORY,IOWA,IA,42.021491,-93.6367398,42.0217132,-93.6359971,42.02126080000001,-93.6375233,False,,False
story,Story County Auditor,900 6th St Nevada IA 50201,900 6th St,Nevada,IA,50201,Locality wide location,false,true,"From: 2022-10-19, To: 2022-10-21, Times: 08:00:00 - 16:30:00; From: 2022-10-24, To: 2022-10-28, Times: 08:00:00 - 16:30:00; From: 2022-10-31, To: 2022-11-04, Times: 08:00:00 - 16:30:00; From: 2022-11-05, To: 2022-11-05, Times: 08:00:00 - 17:00:00; From: 2022-11-07, To: 2022-11-07, Times: 08:00:00 - 16:30:00",1955695,19169,"900 6th St, Nevada, IA 50201, USA",NEVADA,STORY,IOWA,IA,42.0199819,-93.45306889999999,42.0203357,-93.4526674,42.0197833,-93.4534233,False,,False
tama,Tama County Auditor,104 W State St Toledo IA 52342,104 W State St,Toledo,IA,52342,Locality wide location,false,true,"From: 2022-10-19, To: 2022-10-21, Times: 08:00:00 - 16:30:00; From: 2022-10-24, To: 2022-10-28, Times: 08:00:00 - 16:30:00; From: 2022-10-31, To: 2022-11-04, Times: 08:00:00 - 16:30:00; From: 2022-11-05, To: 2022-11-05, Times: 09:00:00 - 17:00:00; From: 2022-11-07, To: 2022-11-07, Times: 08:00:00 - 16:30:00",1978510,19171,"104 W State St, Toledo, IA 52342, USA",TOLEDO,TAMA,IOWA,IA,41.9969555,-92.5788609,41.997155,-92.5787271,41.9967862,-92.5790219,False,,False
taylor,Taylor County Auditor,405 Jefferson St Bedford IA 50833,405 Jefferson St,Bedford,IA,50833,Locality wide location,false,true,"From: 2022-10-19, To: 2022-10-21, Times: 08:00:00 - 16:30:00; From: 2022-10-24, To: 2022-10-24, Times: 08:00:00 - 17:00:00; From: 2022-10-25, To: 2022-10-28, Times: 08:00:00 - 16:30:00; From: 2022-10-31, To: 2022-11-03, Times: 08:00:00 - 16:30:00; From: 2022-11-04, To: 2022-11-04, Times: 08:00:00 - 17:00:00; From: 2022-11-05, To: 2022-11-05, Times: 08:00:00 - 17:00:00; From: 2022-11-07, To: 2022-11-07, Times: 08:00:00 - 16:30:00",1905365,19173,"405 Jefferson St, Bedford, IA 50833, USA",BEDFORD,TAYLOR,IOWA,IA,40.6683524,-94.7201947,40.6684871,-94.7200136,40.6682864,-94.72034509999999,False,,False
union,Union County Auditor,300 N Pine St Creston IA 50801,300 N Pine St,Creston,IA,50801,Locality wide location,false,true,"From: 2022-10-19, To: 2022-10-21, Times: 08:30:00 - 16:30:00; From: 2022-10-24, To: 2022-10-28, Times: 08:30:00 - 16:30:00; From: 2022-10-31, To: 2022-11-04, Times: 08:30:00 - 16:30:00; From: 2022-11-05, To: 2022-11-05, Times: 09:00:00 - 17:00:00; From: 2022-11-07, To: 2022-11-07, Times: 08:30:00 - 16:30:00",1917265,19175,"300 N Pine St, Creston, IA 50801, USA",CRESTON,UNION,IOWA,IA,41.0599727,-94.361772,41.0600631,-94.3617244,41.0599288,-94.36197419999999,False,,False
van_buren,Farmington Community Center,204 S 4th St Farmington IA 52626,204 S 4th St,Farmington,IA,52626,Locality wide location,false,true,"From: 2022-10-29, To: 2022-10-29, Times: 12:00:00 - 18:00:00",1926895,,"204 S 4th St, Farmington, IA 52626, USA",FARMINGTON,VAN BUREN,IOWA,IA,40.6400981,-91.74024709999999,,,,,False,,False
van_buren,Milton American Legion Center,320 N Main St Milton IA 52570,320 N Main St,Milton,IA,52570,Locality wide location,false,true,"From: 2022-11-05, To: 2022-11-05, Times: 12:00:00 - 18:00:00",,,"320 N Main St, Milton, IA 52570, USA",MILTON,VAN BUREN,IOWA,IA,40.6725022,-92.1615441,40.6725285,-92.1614166,40.67246950000001,-92.1616734,False,,False
van_buren,Van Buren County Auditor,406 Dodge St Keosauqua IA 52565,406 Dodge St,Keosauqua,IA,52565,Locality wide location,false,true,"From: 2022-10-19, To: 2022-10-21, Times: 08:00:00 - 16:30:00; From: 2022-10-24, To: 2022-10-24, Times: 08:00:00 - 17:00:00; From: 2022-10-25, To: 2022-10-28, Times: 08:00:00 - 16:30:00; From: 2022-10-31, To: 2022-11-03, Times: 08:00:00 - 16:30:00; From: 2022-11-04, To: 2022-11-04, Times: 08:00:00 - 17:00:00; From: 2022-11-05, To: 2022-11-05, Times: 09:00:00 - 17:00:00; From: 2022-11-07, To: 2022-11-07, Times: 08:00:00 - 16:30:00",1940935,,"406 Dodge St, Keosauqua, IA 52565, USA",KEOSAUQUA,VAN BUREN,IOWA,IA,40.73315849999999,-91.9636977,,,,,False,,False
wapello,Wapello County Auditor,101 W 4th St Ottumwa IA 52501,101 W 4th St,Ottumwa,IA,52501,Locality wide location,false,true,"From: 2022-10-19, To: 2022-10-21, Times: 08:00:00 - 16:30:00; From: 2022-10-24, To: 2022-10-24, Times: 08:00:00 - 17:00:00; From: 2022-10-25, To: 2022-10-28, Times: 08:00:00 - 16:30:00; From: 2022-10-31, To: 2022-11-04, Times: 08:00:00 - 16:30:00; From: 2022-11-05, To: 2022-11-05, Times: 09:00:00 - 17:00:00; From: 2022-11-07, To: 2022-11-07, Times: 08:00:00 - 16:30:00",1960465,19179,"101 W 4th St, Ottumwa, IA 52501, USA",OTTUMWA,WAPELLO,IOWA,IA,41.0199907,-92.41072059999999,41.0201394,-92.41048529999999,41.0198318,-92.4109438,False,,False
warren,Kent Campus Center,701 N C St Indianola IA 50125,701 N C St,Indianola,IA,50125,Locality wide location,false,true,"From: 2022-10-25, To: 2022-10-25, Times: 09:00:00 - 15:00:00",1938280,19181,"Kent Campus Center, 701 N C St, Indianola, IA 50125, USA",INDIANOLA,WARREN,IOWA,IA,41.366707,-93.5655326,41.36698519999999,-93.5652485,41.366292,-93.5659445,False,,False
warren,Warren County Auditor,301 N Buxton St Indianola IA 50125,301 N Buxton St,Indianola,IA,50125,Locality wide location,false,true,"From: 2022-10-19, To: 2022-10-21, Times: 08:00:00 - 16:30:00; From: 2022-10-24, To: 2022-10-28, Times: 08:00:00 - 16:30:00; From: 2022-10-31, To: 2022-11-04, Times: 08:00:00 - 16:30:00; From: 2022-11-05, To: 2022-11-05, Times: 08:00:00 - 17:00:00; From: 2022-11-07, To: 2022-11-07, Times: 08:00:00 - 16:30:00",1938280,19181,"301 N Buxton St, Indianola, IA 50125, USA",INDIANOLA,WARREN,IOWA,IA,41.3628793,-93.56284439999999,41.3631027,-93.5626453,41.362626,-93.5632575,False,,False
washington,Washington County Auditor,222 W Main St Washington IA 52353,222 W Main St,Washington,IA,52353,Locality wide location,false,true,"From: 2022-10-19, To: 2022-10-21, Times: 08:00:00 - 16:30:00; From: 2022-10-24, To: 2022-10-24, Times: 08:00:00 - 17:00:00; From: 2022-10-25, To: 2022-10-28, Times: 08:00:00 - 16:30:00; From: 2022-10-31, To: 2022-11-03, Times: 08:00:00 - 16:30:00; From: 2022-11-04, To: 2022-11-04, Times: 08:00:00 - 17:00:00; From: 2022-11-05, To: 2022-11-05, Times: 09:00:00 - 17:00:00; From: 2022-11-07, To: 2022-11-07, Times: 08:00:00 - 16:30:00",,19183,"222 W Main St, Washington, IA 52353, USA",WASHINGTON,WASHINGTON,IOWA,IA,41.2996752,-91.6939446,,,,,False,,False
wayne,Wayne County Auditor,100 N Lafayette St Corydon IA 50060,100 N Lafayette St,Corydon,IA,50060,Locality wide location,false,true,"From: 2022-10-19, To: 2022-10-21, Times: 08:00:00 - 16:00:00; From: 2022-10-24, To: 2022-10-24, Times: 08:00:00 - 17:00:00; From: 2022-10-25, To: 2022-10-28, Times: 08:00:00 - 16:00:00; From: 2022-10-31, To: 2022-11-03, Times: 08:00:00 - 16:00:00; From: 2022-11-04, To: 2022-11-04, Times: 08:00:00 - 17:00:00; From: 2022-11-05, To: 2022-11-05, Times: 09:00:00 - 17:00:00; From: 2022-11-07, To: 2022-11-07, Times: 08:00:00 - 16:00:00",1916635,19185,"100 N Lafayette St, Corydon, IA 50060, USA",CORYDON,WAYNE,IOWA,IA,40.7578046,-93.31768489999999,40.7579613,-93.3175435,40.75766309999999,-93.31776409999999,False,,False
webster,Webster County Absentee Precinct,701 Central Ave Fort Dodge IA 50501,701 Central Ave,Fort Dodge,IA,50501,Locality wide location,false,true,"From: 2022-10-19, To: 2022-10-21, Times: 08:00:00 - 16:30:00; From: 2022-10-24, To: 2022-10-28, Times: 08:00:00 - 16:30:00; From: 2022-10-31, To: 2022-11-04, Times: 08:00:00 - 16:30:00; From: 2022-11-05, To: 2022-11-05, Times: 09:00:00 - 17:00:00; From: 2022-11-07, To: 2022-11-07, Times: 08:00:00 - 16:30:00",,19187,"701 Central Ave, Fort Dodge, IA 50501, USA",FORT DODGE,WEBSTER,IOWA,IA,42.5047314,-94.18825819999999,42.5048889,-94.18810649999999,42.5045197,-94.18853399999999,False,,False
winnebago,Winnebago County Auditor,126 S Clark St Forest City IA 50436,126 S Clark St,Forest City,IA,50436,Locality wide location,false,true,"From: 2022-10-19, To: 2022-10-21, Times: 08:00:00 - 16:30:00; From: 2022-10-24, To: 2022-10-24, Times: 08:00:00 - 17:00:00; From: 2022-10-25, To: 2022-10-28, Times: 08:00:00 - 16:30:00; From: 2022-10-31, To: 2022-11-03, Times: 08:00:00 - 16:30:00; From: 2022-11-04, To: 2022-11-04, Times: 08:00:00 - 17:00:00; From: 2022-11-05, To: 2022-11-05, Times: 09:00:00 - 17:00:00; From: 2022-11-07, To: 2022-11-07, Times: 08:00:00 - 16:30:00",1928380,19189,"126 S Clark St, Forest City, IA 50436, USA",FOREST CITY,WINNEBAGO,IOWA,IA,43.2628058,-93.63907859999999,43.2631451,-93.6388174,43.2627623,-93.63916259999999,False,,False
winneshiek,Winneshiek County Auditor,201 W Main St Decorah IA 52101,201 W Main St,Decorah,IA,52101,Locality wide location,false,true,"From: 2022-10-19, To: 2022-10-21, Times: 08:00:00 - 16:00:00; From: 2022-10-24, To: 2022-10-28, Times: 08:00:00 - 16:00:00; From: 2022-10-31, To: 2022-11-04, Times: 08:00:00 - 16:00:00; From: 2022-11-05, To: 2022-11-05, Times: 09:00:00 - 17:00:00; From: 2022-11-07, To: 2022-11-07, Times: 08:00:00 - 16:00:00",1919405,19191,"201 W Main St, Decorah, IA 52101, USA",DECORAH,WINNESHIEK,IOWA,IA,43.3027909,-91.7877401,43.3029592,-91.78756829999999,43.30266839999999,-91.7879926,False,,False
woodbury,Carpenters Local 948,2200 W 19th St Sioux City IA 51103,2200 W 19th St,Sioux City,IA,51103,Locality wide location,false,true,"From: 2022-11-05, To: 2022-11-05, Times: 09:00:00 - 16:00:00",,19193,"2200 W 19th St, Sioux City, IA 51103, USA",SIOUX CITY,WOODBURY,IOWA,IA,42.509704,-96.43748339999999,42.5098136,-96.4371807,42.5094554,-96.4378851,False,,False
woodbury,Long Lines Family Center,401 Gordon Dr Sioux City IA 51102,401 Gordon Dr,Sioux City,IA,51102,Locality wide location,false,true,"From: 2022-10-19, To: 2022-11-05, Times: 08:00:00 - 16:30:00; From: 2022-11-06, To: 2022-11-07, Times: 08:00:00 - 16:30:00",,19193,"401 Gordon Dr, Sioux City, IA 51102, USA",SIOUX CITY,WOODBURY,IOWA,IA,42.4907653,-96.4062762,42.4912129,-96.405987,42.4904328,-96.4067998,False,,False
woodbury,Olsen Student Center at Morningside University,3609 Peters Ave Sioux City IA 51106,3609 Peters Ave,Sioux City,IA,51106,Locality wide location,false,true,"From: 2022-10-20, To: 2022-10-20, Times: 09:00:00 - 16:00:00",,19193,"3609 Peters Ave, Sioux City, IA 51106, USA",SIOUX CITY,WOODBURY,IOWA,IA,42.4758113,-96.3609328,,,,,False,,False
woodbury,Western Iowa Tech Community College - Accessible Entrance,4647 Stone Ave Sioux City IA 51106,4647 Stone Ave,Sioux City,IA,51106,Locality wide location,false,true,"From: 2022-10-25, To: 2022-10-26, Times: 09:00:00 - 16:00:00",,19193,"4647 Stone Ave, Sioux City, IA 51106, USA",SIOUX CITY,WOODBURY,IOWA,IA,42.4837656,-96.3510467,42.4838611,-96.3508756,42.4836543,-96.35116699999999,False,,False
woodbury,Western Iowa Tech Community College - Cafeteria Area,4647 Stone Ave Sioux City IA 51106,4647 Stone Ave,Sioux City,IA,51106,Locality wide location,false,true,"From: 2022-10-25, To: 2022-10-26, Times: 09:00:00 - 16:00:00",,19193,"4647 Stone Ave, Sioux City, IA 51106, USA",SIOUX CITY,WOODBURY,IOWA,IA,42.4837656,-96.3510467,42.4838611,-96.3508756,42.4836543,-96.35116699999999,False,,True
woodbury,Woodbury County Auditor,620 Douglas St Sioux City IA 51101,620 Douglas St,Sioux City,IA,51101,Locality wide location,false,true,"From: 2022-10-19, To: 2022-10-21, Times: 08:00:00 - 16:30:00; From: 2022-10-24, To: 2022-10-24, Times: 08:00:00 - 17:00:00; From: 2022-10-25, To: 2022-10-28, Times: 08:00:00 - 16:30:00; From: 2022-10-31, To: 2022-11-03, Times: 08:00:00 - 16:30:00; From: 2022-11-04, To: 2022-11-04, Times: 08:00:00 - 17:00:00; From: 2022-11-05, To: 2022-11-05, Times: 09:00:00 - 17:00:00; From: 2022-11-07, To: 2022-11-07, Times: 08:00:00 - 16:30:00",,19193,"620 Douglas St, Sioux City, IA 51101, USA",SIOUX CITY,WOODBURY,IOWA,IA,42.49715339999999,-96.4060444,42.4973453,-96.4057096,42.4969063,-96.4062896,False,,False
woodbury,Woodbury County Courthouse Drive-Up Ballot Dropbox,620 Douglas St Sioux City IA 51101,620 Douglas St,Sioux City,IA,51101,Locality wide location,true,false,"From: 2022-10-19, To: 2022-11-05, Times: 00:00:00 - 23:59:59; From: 2022-11-08, To: 2022-11-08, Times: 00:00:00 - 20:00:00; From: 2022-11-06, To: 2022-11-06, Times: 00:00:00 - 23:59:59; From: 2022-11-07, To: 2022-11-07, Times: 00:00:00 - 23:59:59",,19193,"620 Douglas St, Sioux City, IA 51101, USA",SIOUX CITY,WOODBURY,IOWA,IA,42.49715339999999,-96.4060444,42.4973453,-96.4057096,42.4969063,-96.4062896,False,,False
worth,Worth County Auditor,1000 Central Ave Northwood IA 50459,1000 Central Ave,Northwood,IA,50459,Locality wide location,false,true,"From: 2022-10-19, To: 2022-10-21, Times: 08:00:00 - 16:00:00; From: 2022-10-24, To: 2022-10-24, Times: 08:00:00 - 17:00:00; From: 2022-10-25, To: 2022-10-28, Times: 08:00:00 - 16:00:00; From: 2022-10-31, To: 2022-11-03, Times: 08:00:00 - 16:00:00; From: 2022-11-04, To: 2022-11-04, Times: 08:00:00 - 17:00:00; From: 2022-11-05, To: 2022-11-05, Times: 09:00:00 - 17:00:00; From: 2022-11-07, To: 2022-11-07, Times: 08:00:00 - 16:00:00",1957630,19195,"1000 Central Ave, Northwood, IA 50459, USA",NORTHWOOD,WORTH,IOWA,IA,43.4445018,-93.21787289999999,43.4447077,-93.2176315,43.44439450000001,-93.21818239999999,False,,False
wright,Wright County Auditor,115 N Main St Clarion IA 50525,115 N Main St,Clarion,IA,50525,Locality wide location,false,true,"From: 2022-10-19, To: 2022-10-21, Times: 08:00:00 - 16:00:00; From: 2022-10-24, To: 2022-10-28, Times: 08:00:00 - 16:00:00; From: 2022-10-31, To: 2022-11-04, Times: 08:00:00 - 16:00:00; From: 2022-11-05, To: 2022-11-05, Times: 09:00:00 - 17:00:00; From: 2022-11-07, To: 2022-11-07, Times: 08:00:00 - 16:00:00",1913620,19197,"115 N Main St, Clarion, IA 50525, USA",CLARION,WRIGHT,IOWA,IA,42.7320629,-93.7321638,42.7322299,-93.7319931,42.7319604,-93.7323442,False,,False
