Locality,Location Name,Address Full,Address Line,Address City,Address State,Address Zip,Precincts (Or Locality-wide),Is Drop Off,Is Early Voting,Schedules,Precinct FIPS,Locality FIPS,Google Address,City,County,State Long,State,Latitude,Longitude,NE Latitude,NE Longitude,SW Latitude,SW Longitude,Review Required,Problem,Duplicate
albany,Albany County Election Building,525 Grand Avenue Laramie WY 82070,525 Grand Avenue,Laramie,WY,82070,Locality wide location,false,true,"From: 2022-09-23, To: 2022-09-23, Times: 09:00:00 - 17:00:00; From: 2022-09-26, To: 2022-09-30, Times: 09:00:00 - 17:00:00; From: 2022-10-03, To: 2022-10-07, Times: 09:00:00 - 17:00:00; From: 2022-10-11, To: 2022-10-14, Times: 09:00:00 - 17:00:00; From: 2022-10-17, To: 2022-10-21, Times: 09:00:00 - 17:00:00; From: 2022-10-24, To: 2022-10-28, Times: 09:00:00 - 17:00:00; From: 2022-10-31, To: 2022-11-04, Times: 09:00:00 - 17:00:00; From: 2022-11-07, To: 2022-11-07, Times: 09:00:00 - 17:00:00",,56001,"Albany County Court House, 525 Grand Ave, Laramie, WY 82070, USA",LARAMIE,ALBANY,WYOMING,WY,41.3112755,-105.5902627,41.3113834,-105.5900265,41.311188,-105.5905438,False,,False
albany,Albany County Election Building,525 Grand Avenue Laramie WY 82070,525 Grand Avenue,Laramie,WY,82070,Locality wide location,true,false,"From: 2022-09-23, To: 2022-11-05, Times: 00:00:00 - 23:59:59; From: 2022-11-08, To: 2022-11-08, Times: 00:00:00 - 19:00:00; From: 2022-11-06, To: 2022-11-06, Times: 00:00:00 - 23:59:59; From: 2022-11-07, To: 2022-11-07, Times: 00:00:00 - 23:59:59",,56001,"Albany County Court House, 525 Grand Ave, Laramie, WY 82070, USA",LARAMIE,ALBANY,WYOMING,WY,41.3112755,-105.5902627,41.3113834,-105.5900265,41.311188,-105.5905438,False,,False
big_horn,Big Horn County Clerk's Office,420 West C Street Basin WY 82410,420 West C Street,Basin,WY,82410,Locality wide location,false,true,"From: 2022-09-23, To: 2022-09-23, Times: 08:00:00 - 17:00:00; From: 2022-09-26, To: 2022-09-30, Times: 08:00:00 - 17:00:00; From: 2022-10-03, To: 2022-10-07, Times: 08:00:00 - 17:00:00; From: 2022-10-11, To: 2022-10-14, Times: 08:00:00 - 17:00:00; From: 2022-10-17, To: 2022-10-21, Times: 08:00:00 - 17:00:00; From: 2022-10-24, To: 2022-10-28, Times: 08:00:00 - 17:00:00; From: 2022-10-31, To: 2022-11-04, Times: 08:00:00 - 17:00:00; From: 2022-11-07, To: 2022-11-07, Times: 08:00:00 - 17:00:00",5605320,,"420 C St, Basin, WY 82410, USA",BASIN,BIG HORN,WYOMING,WY,44.3817686,-108.0404413,,,,,True,Unexpected address size change,False
campbell,Campbell County Elections Office,500 S. Gillette Avenue Gillette WY 82716,500 S. Gillette Avenue,Gillette,WY,82716,Locality wide location,false,true,"From: 2022-09-23, To: 2022-09-23, Times: 08:00:00 - 17:00:00; From: 2022-09-26, To: 2022-09-30, Times: 08:00:00 - 17:00:00; From: 2022-10-03, To: 2022-10-07, Times: 08:00:00 - 17:00:00; From: 2022-10-11, To: 2022-10-14, Times: 08:00:00 - 17:00:00; From: 2022-10-17, To: 2022-10-21, Times: 08:00:00 - 17:00:00; From: 2022-10-24, To: 2022-10-28, Times: 08:00:00 - 17:00:00; From: 2022-10-31, To: 2022-11-04, Times: 08:00:00 - 17:00:00; From: 2022-11-07, To: 2022-11-07, Times: 08:00:00 - 17:00:00",5631855,56005,"500 S Gillette Ave, Gillette, WY 82716, USA",GILLETTE,CAMPBELL,WYOMING,WY,44.2898925,-105.5045553,44.29051399999999,-105.5041928,44.2893428,-105.5052882,False,,False
carbon,Carbon Building – Courthouse Annex,215 W. Buffalo Street Rawlins WY 82301,215 W. Buffalo Street,Rawlins,WY,82301,Locality wide location,true,false,"From: 2022-09-23, To: 2022-11-05, Times: 00:00:00 - 23:59:59; From: 2022-11-08, To: 2022-11-08, Times: 00:00:00 - 19:00:00; From: 2022-11-06, To: 2022-11-06, Times: 00:00:00 - 23:59:59; From: 2022-11-07, To: 2022-11-07, Times: 00:00:00 - 23:59:59",5663900,56007,"215 W Buffalo St, Rawlins, WY 82301, USA",RAWLINS,CARBON,WYOMING,WY,41.789503,-107.23765,,,,,False,,False
carbon,Carbon County Clerk's Office,215 W. Buffalo Street Rawlins WY 82301,215 W. Buffalo Street,Rawlins,WY,82301,Locality wide location,false,true,"From: 2022-09-23, To: 2022-09-23, Times: 08:00:00 - 17:00:00; From: 2022-09-26, To: 2022-09-30, Times: 08:00:00 - 17:00:00; From: 2022-10-03, To: 2022-10-07, Times: 08:00:00 - 17:00:00; From: 2022-10-10, To: 2022-10-14, Times: 08:00:00 - 17:00:00; From: 2022-10-17, To: 2022-10-21, Times: 08:00:00 - 17:00:00; From: 2022-10-24, To: 2022-10-28, Times: 08:00:00 - 17:00:00; From: 2022-10-31, To: 2022-11-04, Times: 08:00:00 - 17:00:00; From: 2022-11-07, To: 2022-11-07, Times: 08:00:00 - 17:00:00",5663900,56007,"215 W Buffalo St, Rawlins, WY 82301, USA",RAWLINS,CARBON,WYOMING,WY,41.789503,-107.23765,,,,,False,,False
converse,Converse County Clerk Office,107 N 5th St Douglas WY 82633,107 N 5th St,Douglas,WY,82633,Locality wide location,false,true,"From: 2022-09-26, To: 2022-09-30, Times: 08:00:00 - 17:00:00; From: 2022-10-03, To: 2022-10-07, Times: 08:00:00 - 17:00:00; From: 2022-10-11, To: 2022-10-14, Times: 08:00:00 - 17:00:00; From: 2022-10-17, To: 2022-10-21, Times: 08:00:00 - 17:00:00; From: 2022-10-24, To: 2022-10-28, Times: 08:00:00 - 17:00:00; From: 2022-10-31, To: 2022-11-04, Times: 08:00:00 - 17:00:00; From: 2022-11-07, To: 2022-11-07, Times: 08:00:00 - 17:00:00",5621125,56009,"107 N 5th St, Douglas, WY 82633, USA",DOUGLAS,CONVERSE,WYOMING,WY,42.7599318,-105.3809101,42.76014869999999,-105.3807208,42.7596622,-105.3811259,False,,False
converse,Converse County Courthouse Dropbox,107 N 5th St Douglas WY 82633,107 N 5th St,Douglas,WY,82633,Locality wide location,true,false,"From: 2022-09-26, To: 2022-11-05, Times: 00:00:00 - 23:59:59; From: 2022-11-08, To: 2022-11-08, Times: 00:00:00 - 19:00:00; From: 2022-11-06, To: 2022-11-06, Times: 00:00:00 - 23:59:59; From: 2022-11-07, To: 2022-11-07, Times: 00:00:00 - 23:59:59",5621125,56009,"107 N 5th St, Douglas, WY 82633, USA",DOUGLAS,CONVERSE,WYOMING,WY,42.7599318,-105.3809101,42.76014869999999,-105.3807208,42.7596622,-105.3811259,False,,False
crook,Crook County Courthouse,309 Cleveland St Sundance WY 82729,309 Cleveland St,Sundance,WY,82729,Locality wide location,false,true,"From: 2022-09-26, To: 2022-09-30, Times: 08:00:00 - 17:00:00; From: 2022-10-03, To: 2022-10-07, Times: 08:00:00 - 17:00:00; From: 2022-10-11, To: 2022-10-14, Times: 08:00:00 - 17:00:00; From: 2022-10-17, To: 2022-10-21, Times: 08:00:00 - 17:00:00; From: 2022-10-24, To: 2022-10-28, Times: 08:00:00 - 17:00:00; From: 2022-10-31, To: 2022-11-04, Times: 08:00:00 - 17:00:00; From: 2022-11-07, To: 2022-11-07, Times: 08:00:00 - 17:00:00",5674195,56011,"309 E Cleveland St, Sundance, WY 82729, USA",SUNDANCE,CROOK,WYOMING,WY,44.4054137,-104.3784057,44.4057311,-104.3780885,44.4050778,-104.3790331,False,,False
fremont,Fremont County Election Office,450 N 2nd St Lander WY 82520,450 N 2nd St,Lander,WY,82520,Locality wide location,false,true,"From: 2022-09-23, To: 2022-09-23, Times: 08:00:00 - 17:00:00; From: 2022-09-26, To: 2022-09-30, Times: 08:00:00 - 17:00:00; From: 2022-10-03, To: 2022-10-07, Times: 08:00:00 - 17:00:00; From: 2022-10-11, To: 2022-10-14, Times: 08:00:00 - 17:00:00; From: 2022-10-17, To: 2022-10-21, Times: 08:00:00 - 17:00:00; From: 2022-10-24, To: 2022-10-28, Times: 08:00:00 - 17:00:00; From: 2022-10-31, To: 2022-11-04, Times: 08:00:00 - 17:00:00; From: 2022-11-07, To: 2022-11-07, Times: 08:00:00 - 17:00:00",5644760,56013,"Fremont County court House, 450 N 2nd St, Lander, WY 82520, USA",LANDER,FREMONT,WYOMING,WY,42.835977,-108.7264051,42.8364966,-108.7259751,42.8356,-108.7267556,False,,False
goshen,Goshen County Clerk's Office,2125 E A St Torrington WY 82240,2125 E A St,Torrington,WY,82240,Locality wide location,false,true,"From: 2022-09-23, To: 2022-09-23, Times: 07:30:00 - 16:00:00; From: 2022-09-26, To: 2022-09-30, Times: 07:30:00 - 16:00:00; From: 2022-10-03, To: 2022-10-07, Times: 07:30:00 - 16:00:00; From: 2022-10-11, To: 2022-10-14, Times: 07:30:00 - 16:00:00; From: 2022-10-17, To: 2022-10-21, Times: 07:30:00 - 16:00:00; From: 2022-10-24, To: 2022-10-28, Times: 07:30:00 - 16:00:00; From: 2022-10-31, To: 2022-11-04, Times: 07:30:00 - 16:00:00; From: 2022-11-07, To: 2022-11-07, Times: 07:30:00 - 16:00:00",5677530,56015,"2125 E A St, Torrington, WY 82240, USA",TORRINGTON,GOSHEN,WYOMING,WY,42.0655267,-104.182649,42.065737,-104.1821614,42.0653805,-104.1828302,False,,False
hot_springs,Hot Springs County Clerks Office,415 Arapahoe St Thermopolis WY 82443,415 Arapahoe St,Thermopolis,WY,82443,Locality wide location,false,true,"From: 2022-09-23, To: 2022-09-23, Times: 08:00:00 - 17:00:00; From: 2022-09-26, To: 2022-09-30, Times: 08:00:00 - 17:00:00; From: 2022-10-03, To: 2022-10-07, Times: 08:00:00 - 17:00:00; From: 2022-10-11, To: 2022-10-14, Times: 08:00:00 - 17:00:00; From: 2022-10-17, To: 2022-10-21, Times: 08:00:00 - 17:00:00; From: 2022-10-24, To: 2022-10-28, Times: 08:00:00 - 17:00:00; From: 2022-10-31, To: 2022-11-04, Times: 08:00:00 - 17:00:00; From: 2022-11-07, To: 2022-11-07, Times: 08:00:00 - 17:00:00",,,"415 Arapahoe St, Thermopolis, WY 82443, USA",THERMOPOLIS,HOT SPRINGS,WYOMING,WY,43.6469309,-108.2093405,43.647106,-108.2087115,43.6467496,-108.2096269,False,,False
johnson,Johnson County Clerks Office,76 N Main Street Buffalo WY 82834,76 N Main Street,Buffalo,WY,82834,Locality wide location,false,true,"From: 2022-09-23, To: 2022-09-23, Times: 08:00:00 - 17:00:00; From: 2022-09-26, To: 2022-09-30, Times: 08:00:00 - 17:00:00; From: 2022-10-03, To: 2022-10-07, Times: 08:00:00 - 17:00:00; From: 2022-10-11, To: 2022-10-14, Times: 08:00:00 - 17:00:00; From: 2022-10-17, To: 2022-10-21, Times: 08:00:00 - 17:00:00; From: 2022-10-24, To: 2022-10-28, Times: 08:00:00 - 17:00:00; From: 2022-10-31, To: 2022-11-04, Times: 08:00:00 - 17:00:00; From: 2022-11-07, To: 2022-11-07, Times: 08:00:00 - 17:00:00",5610685,56019,"76 N Main St, Buffalo, WY 82834, USA",BUFFALO,JOHNSON,WYOMING,WY,44.3478061,-106.6995739,44.3478934,-106.6993256,44.34768380000001,-106.6997715,False,,False
laramie,Laramie County Clerks Office,309 West 20th Street Cheyenne WY 82001,309 West 20th Street,Cheyenne,WY,82001,Locality wide location,false,true,"From: 2022-09-23, To: 2022-09-23, Times: 08:00:00 - 17:00:00; From: 2022-09-26, To: 2022-09-30, Times: 08:00:00 - 17:00:00; From: 2022-10-03, To: 2022-10-07, Times: 08:00:00 - 17:00:00; From: 2022-10-11, To: 2022-10-14, Times: 08:00:00 - 17:00:00; From: 2022-10-17, To: 2022-10-21, Times: 08:00:00 - 17:00:00; From: 2022-10-24, To: 2022-10-28, Times: 08:00:00 - 17:00:00; From: 2022-10-31, To: 2022-11-04, Times: 08:00:00 - 17:00:00; From: 2022-11-07, To: 2022-11-07, Times: 08:00:00 - 17:00:00",5613900,56021,"309 W 20th St, Cheyenne, WY 82001, USA",CHEYENNE,LARAMIE,WYOMING,WY,41.135528,-104.8191609,,,,,False,,False
laramie,Laramie County Clerks Office,309 West 20th Street Cheyenne WY 82001,309 West 20th Street,Cheyenne,WY,82001,Locality wide location,true,false,"From: 2022-09-23, To: 2022-11-05, Times: 00:00:00 - 23:59:59; From: 2022-11-08, To: 2022-11-08, Times: 07:00:00 - 19:00:00; From: 2022-11-06, To: 2022-11-06, Times: 00:00:00 - 23:59:59; From: 2022-11-07, To: 2022-11-07, Times: 00:00:00 - 23:59:59",5613900,56021,"309 W 20th St, Cheyenne, WY 82001, USA",CHEYENNE,LARAMIE,WYOMING,WY,41.135528,-104.8191609,,,,,False,,False
lincoln,Lincoln County Clerk's Office,925 Sage Ave. Kemmerer WY 83101,925 Sage Ave.,Kemmerer,WY,83101,Locality wide location,false,true,"From: 2022-09-26, To: 2022-09-30, Times: 08:00:00 - 17:00:00; From: 2022-10-03, To: 2022-10-07, Times: 08:00:00 - 17:00:00; From: 2022-10-10, To: 2022-10-14, Times: 08:00:00 - 17:00:00; From: 2022-10-17, To: 2022-10-21, Times: 08:00:00 - 17:00:00; From: 2022-10-24, To: 2022-10-28, Times: 08:00:00 - 17:00:00; From: 2022-10-31, To: 2022-11-04, Times: 08:00:00 - 17:00:00; From: 2022-11-07, To: 2022-11-07, Times: 08:00:00 - 17:00:00",5642005,56023,"925 Sage Ave, Kemmerer, WY 83101, USA",KEMMERER,LINCOLN,WYOMING,WY,41.7925171,-110.5402141,41.7927649,-110.5399167,41.7922803,-110.540464,False,,False
natrona,Natrona County Elections Office,200 N. Center St Casper WY 82601,200 N. Center St,Casper,WY,82601,Locality wide location,false,true,"From: 2022-09-23, To: 2022-09-23, Times: 08:00:00 - 17:00:00; From: 2022-09-26, To: 2022-09-30, Times: 08:00:00 - 17:00:00; From: 2022-10-03, To: 2022-10-07, Times: 08:00:00 - 17:00:00; From: 2022-10-10, To: 2022-10-14, Times: 08:00:00 - 17:00:00; From: 2022-10-17, To: 2022-10-21, Times: 08:00:00 - 17:00:00; From: 2022-10-24, To: 2022-10-28, Times: 08:00:00 - 17:00:00; From: 2022-10-31, To: 2022-11-04, Times: 08:00:00 - 17:00:00; From: 2022-11-07, To: 2022-11-07, Times: 08:00:00 - 17:00:00",5613150,56025,"200 N Center St, Casper, WY 82601, USA",CASPER,NATRONA,WYOMING,WY,42.8515604,-106.3254158,,,,,False,,False
niobrara,Niobrara County Clerk's Office,424 S. Elm St. Lusk WY 82225,424 S. Elm St.,Lusk,WY,82225,Locality wide location,false,true,"From: 2022-09-26, To: 2022-09-30, Times: 08:00:00 - 16:00:00; From: 2022-10-03, To: 2022-10-07, Times: 08:00:00 - 16:00:00; From: 2022-10-11, To: 2022-10-14, Times: 08:00:00 - 16:00:00; From: 2022-10-17, To: 2022-10-21, Times: 08:00:00 - 16:00:00; From: 2022-10-24, To: 2022-10-28, Times: 08:00:00 - 16:00:00; From: 2022-10-31, To: 2022-11-04, Times: 08:00:00 - 16:00:00; From: 2022-11-07, To: 2022-11-07, Times: 08:00:00 - 16:00:00",5648530,56027,"424 S Elm St, Lusk, WY 82225, USA",LUSK,NIOBRARA,WYOMING,WY,42.7602684,-104.4510141,42.7604232,-104.450913,42.7601149,-104.4511802,False,,False
park,Park County Clerk's Office,1002 Sheridan Ave Cody WY 82414,1002 Sheridan Ave,Cody,WY,82414,Locality wide location,false,true,"From: 2022-09-23, To: 2022-09-23, Times: 08:00:00 - 17:00:00; From: 2022-09-26, To: 2022-09-30, Times: 08:00:00 - 17:00:00; From: 2022-10-03, To: 2022-10-07, Times: 08:00:00 - 17:00:00; From: 2022-10-11, To: 2022-10-14, Times: 08:00:00 - 17:00:00; From: 2022-10-17, To: 2022-10-21, Times: 08:00:00 - 17:00:00; From: 2022-10-24, To: 2022-10-28, Times: 08:00:00 - 17:00:00; From: 2022-10-31, To: 2022-11-04, Times: 08:00:00 - 17:00:00; From: 2022-11-07, To: 2022-11-07, Times: 08:00:00 - 17:00:00",5615760,56029,"1002 Sheridan Ave, Cody, WY 82414, USA",CODY,PARK,WYOMING,WY,44.525506,-109.0673746,44.5257334,-109.0669739,44.5251518,-109.0676284,False,,False
platte,Platte County Courthouse,2020 S St Wheatland WY 82201,2020 S St,Wheatland,WY,82201,Locality wide location,false,true,"From: 2022-09-23, To: 2022-09-23, Times: 07:00:00 - 17:00:00; From: 2022-09-26, To: 2022-09-30, Times: 07:00:00 - 17:00:00; From: 2022-10-03, To: 2022-10-07, Times: 07:00:00 - 17:00:00; From: 2022-10-11, To: 2022-10-14, Times: 07:00:00 - 17:00:00; From: 2022-10-17, To: 2022-10-21, Times: 07:00:00 - 17:00:00; From: 2022-10-24, To: 2022-10-28, Times: 07:00:00 - 17:00:00; From: 2022-10-31, To: 2022-11-04, Times: 07:00:00 - 17:00:00; From: 2022-11-07, To: 2022-11-07, Times: 07:00:00 - 17:00:00",5683040,56031,"2020 South St, Wheatland, WY 82201, USA",WHEATLAND,PLATTE,WYOMING,WY,42.052217,-104.9724233,,,,,False,,False
sheridan,Sheridan County Election's Office,224 S Main St Sheridan WY 82801,224 S Main St,Sheridan,WY,82801,Locality wide location,false,true,"From: 2022-09-23, To: 2022-09-23, Times: 08:00:00 - 17:00:00; From: 2022-09-26, To: 2022-09-30, Times: 08:00:00 - 17:00:00; From: 2022-10-03, To: 2022-10-07, Times: 08:00:00 - 17:00:00; From: 2022-10-11, To: 2022-10-14, Times: 08:00:00 - 17:00:00; From: 2022-10-17, To: 2022-10-21, Times: 08:00:00 - 17:00:00; From: 2022-10-24, To: 2022-10-28, Times: 08:00:00 - 17:00:00; From: 2022-10-31, To: 2022-11-04, Times: 08:00:00 - 17:00:00; From: 2022-11-07, To: 2022-11-07, Times: 08:00:00 - 17:00:00",5669845,56033,"224 S Main St, Sheridan, WY 82801, USA",SHERIDAN,SHERIDAN,WYOMING,WY,44.7949879,-106.9565726,44.79512649999999,-106.9563947,44.7949169,-106.9567157,False,,False
sublette,Sublette County District Court,21 S Tyler Ave Pinedale WY 82941,21 S Tyler Ave,Pinedale,WY,82941,Locality wide location,false,true,"From: 2022-09-23, To: 2022-09-23, Times: 08:30:00 - 16:30:00; From: 2022-09-26, To: 2022-09-30, Times: 08:30:00 - 16:30:00; From: 2022-10-03, To: 2022-10-07, Times: 08:30:00 - 16:30:00; From: 2022-10-10, To: 2022-10-14, Times: 08:30:00 - 16:30:00; From: 2022-10-17, To: 2022-10-21, Times: 08:30:00 - 16:30:00; From: 2022-10-24, To: 2022-10-28, Times: 08:30:00 - 16:30:00; From: 2022-10-31, To: 2022-11-04, Times: 08:30:00 - 16:30:00; From: 2022-11-07, To: 2022-11-07, Times: 08:30:00 - 16:30:00",5661580,56035,"21 S Tyler Ave, Pinedale, WY 82941, USA",PINEDALE,SUBLETTE,WYOMING,WY,42.8659599,-109.8601872,42.8664519,-109.8599867,42.8657688,-109.8610605,False,,False
sweetwater,Sweetwater County Clerk's Office,80 W Flaming Gorge Way Green River WY 82935,80 W Flaming Gorge Way,Green River,WY,82935,Locality wide location,false,true,"From: 2022-09-23, To: 2022-09-23, Times: 08:00:00 - 17:00:00; From: 2022-09-26, To: 2022-09-30, Times: 08:00:00 - 17:00:00; From: 2022-10-03, To: 2022-10-07, Times: 08:00:00 - 17:00:00; From: 2022-10-10, To: 2022-10-13, Times: 08:00:00 - 17:00:00; From: 2022-10-17, To: 2022-10-21, Times: 08:00:00 - 17:00:00; From: 2022-10-24, To: 2022-10-28, Times: 08:00:00 - 17:00:00; From: 2022-10-31, To: 2022-11-04, Times: 08:00:00 - 17:00:00; From: 2022-11-07, To: 2022-11-07, Times: 08:00:00 - 17:00:00",5633740,56037,"Sweetwater County Courthouse, 80 W Flaming Gorge Way, Green River, WY 82935, USA",GREEN RIVER,SWEETWATER,WYOMING,WY,41.529817,-109.4678359,41.530327,-109.4673797,41.5295287,-109.4681218,False,,False
sweetwater,Sweetwater County Clerk's Office,80 W Flaming Gorge Way Green River WY 82935,80 W Flaming Gorge Way,Green River,WY,82935,Locality wide location,true,false,"From: 2022-09-23, To: 2022-09-23, Times: 00:00:00 - 23:59:59; From: 2022-09-26, To: 2022-09-30, Times: 00:00:00 - 23:59:59; From: 2022-10-03, To: 2022-10-07, Times: 00:00:00 - 23:59:59; From: 2022-10-10, To: 2022-10-13, Times: 00:00:00 - 23:59:59; From: 2022-10-17, To: 2022-10-21, Times: 00:00:00 - 23:59:59; From: 2022-10-24, To: 2022-10-28, Times: 00:00:00 - 23:59:59; From: 2022-10-31, To: 2022-11-04, Times: 00:00:00 - 23:59:59; From: 2022-11-07, To: 2022-11-08, Times: 00:00:00 - 23:59:59",5633740,56037,"Sweetwater County Courthouse, 80 W Flaming Gorge Way, Green River, WY 82935, USA",GREEN RIVER,SWEETWATER,WYOMING,WY,41.529817,-109.4678359,41.530327,-109.4673797,41.5295287,-109.4681218,False,,False
teton,Teton County Administration Building,200 S Willow St Jackson WY 83001,200 S Willow St,Jackson,WY,83001,Locality wide location,false,true,"From: 2022-09-23, To: 2022-09-23, Times: 08:00:00 - 17:00:00; From: 2022-09-26, To: 2022-09-30, Times: 08:00:00 - 17:00:00; From: 2022-10-03, To: 2022-10-07, Times: 08:00:00 - 17:00:00; From: 2022-10-10, To: 2022-10-13, Times: 08:00:00 - 17:00:00; From: 2022-10-17, To: 2022-10-21, Times: 08:00:00 - 17:00:00; From: 2022-10-24, To: 2022-10-28, Times: 08:00:00 - 17:00:00; From: 2022-10-31, To: 2022-11-04, Times: 08:00:00 - 17:00:00; From: 2022-11-07, To: 2022-11-07, Times: 08:00:00 - 17:00:00",5640120,56039,"TETON COUNTY ADMINISTRATION BUILDING, 200 S Willow St, Jackson, WY 83001, USA",JACKSON,TETON,WYOMING,WY,43.4772633,-110.7581895,43.477353,-110.7580802,43.4770259,-110.7587455,False,,False
uinta,Uinta County Courthouse,225 9th Street Evanston WY 82930-3473,225 9th Street,Evanston,WY,82930-3473,Locality wide location,false,true,"From: 2022-09-23, To: 2022-09-23, Times: 08:00:00 - 17:00:00; From: 2022-09-26, To: 2022-09-30, Times: 08:00:00 - 17:00:00; From: 2022-10-03, To: 2022-10-07, Times: 08:00:00 - 17:00:00; From: 2022-10-11, To: 2022-10-14, Times: 08:00:00 - 17:00:00; From: 2022-10-17, To: 2022-10-21, Times: 08:00:00 - 17:00:00; From: 2022-10-24, To: 2022-10-28, Times: 08:00:00 - 17:00:00; From: 2022-10-31, To: 2022-11-04, Times: 08:00:00 - 17:00:00; From: 2022-11-07, To: 2022-11-07, Times: 08:00:00 - 17:00:00",5625620,56041,"225 9th St, Evanston, WY 82930, USA",EVANSTON,UINTA,WYOMING,WY,41.2662821,-110.9647276,41.2666781,-110.9642968,41.266002,-110.9653091,True,Unexpected address size change,False
washakie,Washakie Clerk Office,1001 Big Horn Ave Worland WY 82401,1001 Big Horn Ave,Worland,WY,82401,Locality wide location,false,true,"From: 2022-09-23, To: 2022-09-23, Times: 08:00:00 - 17:00:00; From: 2022-09-26, To: 2022-09-30, Times: 08:00:00 - 17:00:00; From: 2022-10-03, To: 2022-10-07, Times: 08:00:00 - 17:00:00; From: 2022-10-11, To: 2022-10-14, Times: 08:00:00 - 17:00:00; From: 2022-10-17, To: 2022-10-21, Times: 08:00:00 - 17:00:00; From: 2022-10-24, To: 2022-10-28, Times: 08:00:00 - 17:00:00; From: 2022-10-31, To: 2022-11-04, Times: 08:00:00 - 17:00:00; From: 2022-11-07, To: 2022-11-07, Times: 08:00:00 - 17:00:00",5684925,56043,"1001 Big Horn Ave, Worland, WY 82401, USA",WORLAND,WASHAKIE,WYOMING,WY,44.01730209999999,-107.9551428,44.017449,-107.954988,44.0172184,-107.9553659,False,,False
weston,Weston County Courthouse,1 West Main Newcastle WY 82701,1 West Main,Newcastle,WY,82701,Locality wide location,false,true,"From: 2022-09-23, To: 2022-09-23, Times: 08:00:00 - 16:30:00; From: 2022-09-26, To: 2022-09-30, Times: 08:00:00 - 16:30:00; From: 2022-10-03, To: 2022-10-07, Times: 08:00:00 - 16:30:00; From: 2022-10-11, To: 2022-10-14, Times: 08:00:00 - 16:30:00; From: 2022-10-17, To: 2022-10-21, Times: 08:00:00 - 16:30:00; From: 2022-10-24, To: 2022-10-28, Times: 08:00:00 - 16:30:00; From: 2022-10-31, To: 2022-11-04, Times: 08:00:00 - 16:30:00; From: 2022-11-07, To: 2022-11-07, Times: 08:00:00 - 16:30:00",5656215,56045,"1 W Main St, Newcastle, WY 82701, USA",NEWCASTLE,WESTON,WYOMING,WY,43.8559166,-104.2025818,43.8560474,-104.2024189,43.855813,-104.2027803,False,,False
