Locality,Location Name,Address Full,Address Line,Address City,Address State,Address Zip,Precincts (Or Locality-wide),Is Drop Off,Is Early Voting,Google Address,City,County,State Long,State,Latitude,Longitude,NE Latitude,NE Longitude,SW Latitude,SW Longitude,Review Required,Problem,Duplicate
Oregon,A-Boy Supply,7365 SW Barbur Blvd Portland OR 97219,,,,,Oregon,true,false,"7365 SW Barbur Blvd, Portland, OR 97219, USA",PORTLAND,MULTNOMAH,OREGON,OR,45.4718328,-122.6841446,45.4719779,-122.683696,45.4715551,-122.6847414,False,,False
Oregon,Adair Village City Hall,6030 NE William R Carr Ave Adair Village OR 97330,,,,,Oregon,true,false,"6030 NE William R Carr Ave, Adair Village, OR 97330, USA",ADAIR VILLAGE,BENTON,OREGON,OR,44.670143,-123.2221981,44.6702589,-123.2221291,44.6700473,-123.2222929,False,,False
Oregon,Albany Public Library,2450 14th Ave SE Albany OR 97322,,,,,Oregon,true,false,"2450 14th Ave SE, Albany, OR 97322, USA",ALBANY,LINN,OREGON,OR,44.6281872,-123.075023,44.6284997,-123.0745957,44.6281073,-123.0757564,False,,False
Oregon,Albina Library,216 NE Knott St Portland OR 97212,,,,,Oregon,true,false,"216 NE Knott St, Portland, OR 97212, USA",PORTLAND,MULTNOMAH,OREGON,OR,45.5413005,-122.6631491,45.5417491,-122.6627906,45.5410063,-122.6635579,False,,False
Oregon,Aloha Community Library,17455 SW Farmington Rd Ste 26A Aloha OR 97078,,,,,Oregon,true,false,"17455 SW Farmington Rd #26a, Beaverton, OR 97007, USA",BEAVERTON,WASHINGTON,OREGON,OR,45.4801478,-122.8573392,45.4802385,-122.8571998,45.4800314,-122.8575314,False,,False
Oregon,Alsea Community Library,"19192 Alsea Hwy, Alsea, OR 97324",,,,,Oregon,true,false,"19192 Alsea Hwy, Alsea, OR 97324, USA",ALSEA,BENTON,OREGON,OR,44.3818509,-123.5936275,44.3819914,-123.5933798,44.3816912,-123.5938255,False,,False
Oregon,Amazon Pool,2600 Hilyard St Eugene OR 97405,,,,,Oregon,true,false,"2600 Hilyard St, Eugene, OR 97405, USA",EUGENE,LANE,OREGON,OR,44.0292334,-123.082105,44.0292711,-123.0820583,44.0291958,-123.0821651,False,,False
Oregon,Amity City Library,307 S Trade St Amity OR 97101,,,,,Oregon,true,false,"307 S Trade St, Amity, OR 97101, USA",AMITY,YAMHILL,OREGON,OR,45.117197,-123.205875,45.1172346,-123.2057931,45.1171587,-123.2059585,False,,False
Oregon,Arlington Municipal Building,500 W 1st St Arlington OR 97812,,,,,Oregon,true,false,"500 W 1st St, Arlington, OR 97812, USA",ARLINGTON,GILLIAM,OREGON,OR,45.717259,-120.2033039,,,,,False,,False
Oregon,Ashland Library,410 Siskiyou Blvd Ashland OR 97520,,,,,Oregon,true,false,"410 Siskiyou Blvd, Ashland, OR 97520, USA",ASHLAND,JACKSON,OREGON,OR,42.1939636,-122.7096505,42.1940821,-122.7094518,42.1937716,-122.7099429,False,,False
Oregon,Athena City Hall,"302 E Currant St Athena, OR 97813",,,,,Oregon,true,false,"302 E Currant St, Athena, OR 97813, USA",ATHENA,UMATILLA,OREGON,OR,45.8105837,-118.4902875,45.81068399999999,-118.4901831,45.810525,-118.4903924,False,,False
Oregon,Aumsville City Hall,595 Main St Aumsville OR 97325,,,,,Oregon,true,false,"595 Main St, Aumsville, OR 97325, USA",AUMSVILLE,MARION,OREGON,OR,44.8413164,-122.8706207,44.8414286,-122.8704585,44.8412272,-122.8708365,False,,False
Oregon,Baker County Courthouse & Clerk's Office,1995 3rd St #150 Baker City OR 97814,,,,,Oregon,true,false,"1995 3rd St #150, Baker City, OR 97814, USA",BAKER CITY,BAKER,OREGON,OR,44.7766354,-117.8339833,44.7768282,-117.833785,44.7764924,-117.8342957,False,,False
Oregon,Bandon City Library,1204 11th St SE Bandon OR 97411,,,,,Oregon,true,false,"1204 11th St SE, Bandon, OR 97411, USA",BANDON,COOS,OREGON,OR,43.1130995,-124.395633,,,,,False,,False
Oregon,Banks City Hall & Library,42461 NW Market St Banks OR 97106,,,,,Oregon,true,false,"42461 NW Market St, Banks, OR 97106, USA",BANKS,WASHINGTON,OREGON,OR,45.61985139999999,-123.1138123,,,,,False,,False
Oregon,Beaverton City Library,12375 SW 5th St Beaverton OR 97005,,,,,Oregon,true,false,"12375 SW 5th St, Beaverton, OR 97005, USA",BEAVERTON,WASHINGTON,OREGON,OR,45.4841084,-122.8040228,45.4844211,-122.8036644,45.4838733,-122.8044396,False,,False
Oregon,Beaverton Library Murry Scholls,"11200 SW Murray Scholls Pl #120, Beaverton, OR 97007",,,,,Oregon,true,false,"11200 SW Murray Scholls Pl #120, Beaverton, OR 97007, USA",BEAVERTON,WASHINGTON,OREGON,OR,45.4387867,-122.827739,45.4391359,-122.8270048,45.4383109,-122.8283807,False,,False
Oregon,Belmont Library,1038 Cesar E Chavez Blvd Portland OR 97214,,,,,Oregon,true,false,"1038 César E. Chávez Blvd, Portland, OR 97214, USA",PORTLAND,MULTNOMAH,OREGON,OR,45.515226,-122.6226823,,,,,False,,False
Oregon,Benton County Courthouse,120 NW 4th St Corvallis OR 97330,,,,,Oregon,true,false,"COUNTY COURT HOUSE, 120 NW 4th St, Corvallis, OR 97330, USA",CORVALLIS,BENTON,OREGON,OR,44.5652867,-123.2623226,44.5654385,-123.2620944,44.5651221,-123.2626349,False,,False
Oregon,Benton County Law Enforcement Building,180 NW 5th St Corvallis OR 97330,,,,,Oregon,true,false,"180 NW 5th St, Corvallis, OR 97330, USA",CORVALLIS,BENTON,OREGON,OR,44.565763,-123.2630878,44.5659786,-123.2627165,44.5655677,-123.2635244,False,,False
Oregon,Benton County Records & Elections Kalapuya Building,"4500 SW Research Way, 2nd Floor, Corvallis OR 97333",,,,,Oregon,true,false,"4500 SW Research Way #2nd, Corvallis, OR 97333, USA",CORVALLIS,BENTON,OREGON,OR,44.5508516,-123.3015445,44.5511479,-123.3013593,44.5503689,-123.3018394,False,,False
Oregon,Bethany Library,15325 NW Central Dr Ste J8 Portland OR 97229,,,,,Oregon,true,false,"15325 NW Central Dr j8, Portland, OR 97229, USA",PORTLAND,WASHINGTON,OREGON,OR,45.554699,-122.8349158,45.5548946,-122.8344366,45.5546341,-122.8354895,False,,False
Oregon,Bethel Library,1990 Echo Hollow Rd Eugene OR 97402,,,,,Oregon,true,false,"1990 Echo Hollow Rd, Eugene, OR 97402, USA",EUGENE,LANE,OREGON,OR,44.0842079,-123.1696234,44.0843407,-123.1695156,44.084123,-123.1697371,False,,False
Oregon,Bonanza Town Hall,2900 4th Ave Bonanza OR 97623,,,,,Oregon,true,false,"2900 4th Ave, Bonanza, OR 97623, USA",BONANZA,KLAMATH,OREGON,OR,42.1993598,-121.4056784,42.199404,-121.4055802,42.19930230000001,-121.4057231,False,,False
Oregon,Boring - Clackamas County Bank,"28500 SE Hwy 212, Boring OR 97009",,,,,Oregon,true,false,"28500 SE Hwy 212, Boring, OR 97009, USA",BORING,CLACKAMAS,OREGON,OR,45.4321154,-122.369901,45.4322084,-122.3697424,45.4320093,-122.3700338,False,,False
Oregon,Bradbury Park & Ride,1000 SW Bradbury Dr Bend OR 97702,,,,,Oregon,true,false,"1000 SW Bradbury Wy, Bend, OR 97702, USA",BEND,DESCHUTES,OREGON,OR,44.0487772,-121.3251865,44.0489472,-121.3248917,44.0485789,-121.3254822,False,,False
Oregon,Brookings City Hall,898 Elk Dr Brookings OR 97415,,,,,Oregon,true,false,"898 Elk Dr, Brookings, OR 97415, USA",BROOKINGS,CURRY,OREGON,OR,42.0553838,-124.2874822,42.0555105,-124.2870747,42.0551636,-124.287752,False,,False
Oregon,Brownsville City Hall,255 N Main St Brownsville OR 97327,,,,,Oregon,true,false,"255 N Main St, Brownsville, OR 97327, USA",BROWNSVILLE,LINN,OREGON,OR,44.3933956,-122.9842098,44.3934294,-122.9840439,44.39337,-122.9842996,False,,False
Oregon,Canby - Arneson Garden,"249 Sequoia Pkwy Canby, OR 97013",,,,,Oregon,true,false,"249 Sequoia Pkwy, Canby, OR 97013, USA",CANBY,CLACKAMAS,OREGON,OR,45.265418,-122.675007,,,,,False,,False
Oregon,Canby Civic Building,222 NE 2nd Ave Canby OR 97013,,,,,Oregon,true,false,"222 NE 2nd Ave, Canby, OR 97013, USA",CANBY,CLACKAMAS,OREGON,OR,45.26435439999999,-122.6916747,,,,,False,,False
Oregon,Cannon Beach City Hall,163 E Gower Cannon Beach OR 97110,,,,,Oregon,true,false,"163 E Gower Ave, Cannon Beach, OR 97110, USA",CANNON BEACH,CLATSOP,OREGON,OR,45.8897837,-123.9607731,45.889952,-123.9605716,45.8896994,-123.960936,False,,False
Oregon,Canyonville City Hall,250 N Main St Canyonville OR 97417,,,,,Oregon,true,false,"250 N Main St, Canyonville, OR 97417, USA",CANYONVILLE,DOUGLAS,OREGON,OR,42.9300048,-123.281436,42.9301963,-123.2812682,42.92985669999999,-123.2816117,False,,False
Oregon,Capitol Hill Library,10723 SW Capitol Highway Portland OR 97219,,,,,Oregon,true,false,"Capitol Hill Library, 10723 SW Capitol Hwy, Portland, OR 97219, USA",PORTLAND,MULTNOMAH,OREGON,OR,45.4480452,-122.7253809,45.4481738,-122.7252615,45.4479286,-122.7256024,False,,False
Oregon,Carlton City Hall,191 East Main St Carlton OR 97111,,,,,Oregon,true,false,"191 E Main St, Carlton, OR 97111, USA",CARLTON,YAMHILL,OREGON,OR,45.2944121,-123.1758387,45.2944732,-123.1756838,45.2943871,-123.1759811,False,,False
Oregon,Cascade Locks City Hall,140 Wa Na Pa St Cascade Locks OR 97014,,,,,Oregon,true,false,"municipal bldg, 140 Wa Na Pa St, Cascade Locks, OR 97014, USA",CASCADE LOCKS,HOOD RIVER,OREGON,OR,45.66964309999999,-121.8894322,45.6698758,-121.8891799,45.6694009,-121.8896746,True,Invalid final address,False
Oregon,Cave Junction City Building,222 W Lister St Cave Junction OR 97523,,,,,Oregon,true,false,"222 Lister St, Cave Junction, OR 97523, USA",CAVE JUNCTION,JOSEPHINE,OREGON,OR,42.16778,-123.6484393,42.1678651,-123.6482972,42.1676349,-123.6485707,False,,False
Oregon,Cedar Mill Community Library,12505 NW Cornell Rd Ste 13 Portland OR 97229,,,,,Oregon,true,false,"12505 NW Cornell Rd #13, Portland, OR 97229, USA",PORTLAND,WASHINGTON,OREGON,OR,45.52738979999999,-122.8058744,45.527555,-122.8054155,45.5272329,-122.8064375,False,,False
Oregon,Central Library,801 SW 10th Ave Portland OR 97205,,,,,Oregon,true,false,"801 SW 10th Ave, Portland, OR 97205, USA",PORTLAND,MULTNOMAH,OREGON,OR,45.5191246,-122.6830841,45.5194516,-122.6827638,45.518869,-122.6836325,False,,False
Oregon,Central Point Library,116 S 3rd St Central Point OR 97502,,,,,Oregon,true,false,"116 S 3rd St, Central Point, OR 97502, USA",CENTRAL POINT,JACKSON,OREGON,OR,42.3739677,-122.9146477,42.374156,-122.9144238,42.3738077,-122.9149278,False,,False
Oregon,Chemeketa Community College Yamhill Valley Campus,288 NE Norton Ln McMinnville OR 97128,,,,,Oregon,true,false,"288 NE Norton Ln, McMinnville, OR 97128, USA",MCMINNVILLE,YAMHILL,OREGON,OR,45.2015058,-123.1639906,45.2018768,-123.1634529,45.2013954,-123.1642697,False,,False
Oregon,Christmas Valley Annex Building,87541 Christmas Valley Hwy Christmas Valley OR 97641,,,,,Oregon,true,false,"87541 Christmas Valley Hwy, Christmas Valley, OR 97641, USA",CHRISTMAS VALLEY,LAKE,OREGON,OR,43.2381207,-120.6787641,43.2381852,-120.6786435,43.2380912,-120.6788764,False,,False
Oregon,City Hall in Bay City,5525 B St Bay City OR 97107,,,,,Oregon,true,false,"5525 B St, Bay City, OR 97107, USA",BAY CITY,TILLAMOOK,OREGON,OR,45.5243851,-123.8908552,45.5245103,-123.8906454,45.5242852,-123.890991,False,,False
Oregon,City Hall in Island City,10605 Island Ave Island City OR 97850,,,,,Oregon,true,false,"10605 Island Ave, Island City, OR 97850, USA",ISLAND CITY,UNION,OREGON,OR,45.3398586,-118.0513213,45.3399668,-118.0511105,45.3397117,-118.0515468,False,,False
Oregon,City Hall in King City,15300 SW 116th Ave King City OR 97224,,,,,Oregon,true,false,"15300 SW 116th Ave, King City, OR 97224, USA",KING CITY,WASHINGTON,OREGON,OR,45.4089416,-122.7951393,45.4090676,-122.7949426,45.408782,-122.7952899,False,,False
Oregon,City Hall in Lincoln City,801 SW Hwy 101 Lincoln City OR 97367,,,,,Oregon,true,false,"801 SE Hwy 101, Lincoln City, OR 97367, USA",LINCOLN CITY,LINCOLN,OREGON,OR,44.960999,-124.015814,,,,,False,,False
Oregon,City Hall in Mill City,444 S 1st Ave Mill City OR 97360,,,,,Oregon,true,false,"444 S 1st Ave, Mill City, OR 97360, USA",MILL CITY,LINN,OREGON,OR,44.7516144,-122.4772145,44.7517632,-122.4770491,44.75148739999999,-122.4773461,False,,False
Oregon,City Limits Market,5800 NW Hwy 99 Corvallis OR 97330,,,,,Oregon,true,false,"5800 NW Hwy 99, Corvallis, OR 97330, USA",CORVALLIS,BENTON,OREGON,OR,44.6291913,-123.2418261,,,,,False,,False
Oregon,City of Creswell,50 S 1st Creswell OR 97426,,,,,Oregon,true,false,"50 S 1st St, Creswell, OR 97426, USA",CRESWELL,LANE,OREGON,OR,43.9173144,-123.0199418,,,,,False,,False
Oregon,City of Ione,260 Spring St Ione OR 97843,,,,,Oregon,true,false,"260 Spring St, Ione, OR 97843, USA",IONE,MORROW,OREGON,OR,45.4999531,-119.8291361,45.50002019999999,-119.8290583,45.4998994,-119.8292439,False,,False
Oregon,Clackamas County Elections Division,1710 Red Soils Ct Ste 100 Oregon City OR 97045,,,,,Oregon,true,false,"1710 Red Soils Ct UNIT 100, Oregon City, OR 97045, USA",OREGON CITY,CLACKAMAS,OREGON,OR,45.33207530000001,-122.5957127,,,,,False,,False
Oregon,Clatskanie Library,11 Lillich St Clatskanie OR 97016,,,,,Oregon,true,false,"11 Lillich St, Clatskanie, OR 97016, USA",CLATSKANIE,COLUMBIA,OREGON,OR,46.10499799999999,-123.2017771,46.1051153,-123.2016424,46.1049026,-123.2019506,False,,False
Oregon,Clatsop County Clerk & Elections Office,820 Exchange St Ste 220 Astoria OR 97103,,,,,Oregon,true,false,"820 Exchange St # 220, Astoria, OR 97103, USA",ASTORIA,CLATSOP,OREGON,OR,46.18786739999999,-123.8343362,,,,,False,,False
Oregon,Cloverdale Chamber of Commerce,34370 Hwy 101 S Cloverdale OR 97112,,,,,Oregon,true,false,"34370 U.S. 101 S, Cloverdale, OR 97112, USA",CLOVERDALE,TILLAMOOK,OREGON,OR,45.206882,-123.8891346,45.2069224,-123.8890815,45.2068219,-123.889188,False,,False
Oregon,Coburg City Hall,91136 N Willamette St Coburg OR 97408,,,,,Oregon,true,false,"91136 N Willamette St, Eugene, OR 97408, USA",EUGENE,LANE,OREGON,OR,44.139177,-123.0675968,44.1392599,-123.0674104,44.1390359,-123.0678436,False,,False
Oregon,ColtonTel,20983 S Hwy 211 Colton OR 97017,,,,,Oregon,true,false,"20983 OR-211, Colton, OR 97017, USA",COLTON,CLACKAMAS,OREGON,OR,45.17231169999999,-122.4351056,,,,,False,,False
Oregon,Columbia County Courthouse & Elections Office,230 Strand St  Helens OR 97051,,,,,Oregon,true,false,"230 Strand St, St Helens, OR 97051, USA",ST. HELENS,COLUMBIA,OREGON,OR,45.8635952,-122.7970007,45.8640211,-122.7966782,45.8631271,-122.7973366,False,,False
Oregon,Community Connections of Baker City,2810 Cedar St Baker City OR 97814,,,,,Oregon,true,false,"2810 Cedar St, Baker City, OR 97814, USA",BAKER CITY,BAKER,OREGON,OR,44.7840298,-117.8184319,44.7841671,-117.8181634,44.7839461,-117.8187544,False,,False
Oregon,Confederate Tribes Nixyáawii Governance Center,"46411 Tim`ine Way Pendleton, OR 97801",,,,,Oregon,true,false,"46411 Ti'mine Way, Pendleton, OR 97801, USA",PENDLETON,UMATILLA,OREGON,OR,45.6653922,-118.6862812,45.6660524,-118.6858341,45.6647949,-118.6867827,False,,False
Oregon,Cook Memorial Library in La Grande,2006 Fourth St La Grande OR 97850,,,,,Oregon,true,false,"2006 Fourth St, La Grande, OR 97850, USA",LA GRANDE,UNION,OREGON,OR,45.3303344,-118.0967919,45.3305388,-118.0966026,45.3298817,-118.0969954,False,,False
Oregon,Coos Bay City Hall,500 Central Ave Coos Bay OR 97420,,,,,Oregon,true,false,"500 Central Ave, Coos Bay, OR 97420, USA",COOS BAY,COOS,OREGON,OR,43.368126,-124.2173939,43.3682615,-124.2172133,43.3676299,-124.2176418,False,,False
Oregon,Coos County Courthouse & County Clerk's Office,250 N Baxter St Coquille OR 97423,,,,,Oregon,true,false,"COOS COUNTY COURT HOUSE, 250 N Baxter St, Coquille, OR 97423, USA",COQUILLE,COOS,OREGON,OR,43.1764201,-124.1864507,43.1767753,-124.1860257,43.1763385,-124.1865681,False,,False
Oregon,Cornelius City Hall & Library,1355 N Barlow St Cornelius OR 97113,,,,,Oregon,true,false,"1355 N Barlow St, Cornelius, OR 97113, USA",CORNELIUS,WASHINGTON,OREGON,OR,45.5216297,-123.0549928,45.5216866,-123.0548721,45.52141959999999,-123.055281,False,,False
Oregon,Corvallis Community Center (C3),2601 NW Tyler Ave Corvallis OR 97330,,,,,Oregon,true,false,"2601 NW Tyler Ave, Corvallis, OR 97330, USA",CORVALLIS,BENTON,OREGON,OR,44.5730888,-123.2804185,44.5732279,-123.2801338,44.5728829,-123.2807802,False,,False
Oregon,Corvallis Public Library,645 NW Monroe Ave Corvallis OR 97330,,,,,Oregon,true,false,"645 NW Monroe Ave, Corvallis, OR 97330, USA",CORVALLIS,BENTON,OREGON,OR,44.56565519999999,-123.2642788,44.566017,-123.2639263,44.5653861,-123.2648731,False,,False
Oregon,Cottage Grove Community Center,700 E Gibbs Ave Cottage Grove OR 97424,,,,,Oregon,true,false,"700 E Gibbs Ave, Cottage Grove, OR 97424, USA",COTTAGE GROVE,LANE,OREGON,OR,43.7991399,-123.0609185,43.7993975,-123.0605493,43.7988917,-123.0611389,False,,False
Oregon,County Road Department Crane Station,64319 Main Ave Crane OR 97732,,,,,Oregon,true,false,"64319 Main Ave, Crane, OR 97732, USA",CRANE,HARNEY,OREGON,OR,43.415207,-118.5770445,43.4152795,-118.5769238,43.415145,-118.5771438,False,,False
Oregon,Cove City Hall,504 Alder St Cove OR 97824,,,,,Oregon,true,false,"504 Alder St, Cove, OR 97824, USA",COVE,UNION,OREGON,OR,45.3008561,-117.8131198,45.3009614,-117.8130276,45.3007594,-117.8132092,False,,False
Oregon,Crook County Courthouse & Clerk's Office,300 NE 3rd St Rm 23 Prineville OR 97754,,,,,Oregon,true,false,"300 NE 3rd St UNIT 23, Prineville, OR 97754, USA",PRINEVILLE,CROOK,OREGON,OR,44.302533,-120.8441207,,,,,False,,False
Oregon,Crook County Library,175 NW Meadow Lakes Dr Prineville OR 97754,,,,,Oregon,true,false,"175 NW Meadow Lakes Dr, Prineville, OR 97754, USA",PRINEVILLE,CROOK,OREGON,OR,44.3016629,-120.8575157,44.3018939,-120.8571627,44.3012806,-120.8576903,False,,False
Oregon,Crooked River Ranch Administration Area,5195 SW Clubhouse Rd Terrebonne OR 97760,,,,,Oregon,true,false,"5195 SW Club House Rd, Terrebonne, OR 97760, USA",TERREBONNE,JEFFERSON,OREGON,OR,44.4237586,-121.2393641,44.4238838,-121.2391114,44.42352270000001,-121.2395618,False,,False
Oregon,Culver City Hall,200 W 1st St Culver OR 97734,,,,,Oregon,true,false,,,,,,,,,,,,True,Unexpected result from geocode api [],False
Oregon,Curry County Courthouse & Clerk's Office,"29821 Ellensburg Ave, 2nd Floor Gold Beach OR 97444",,,,,Oregon,true,false,"29821 Ellensburg Ave #2nd, Gold Beach, OR 97444, USA",GOLD BEACH,CURRY,OREGON,OR,42.4167481,-124.419015,42.4169041,-124.4187593,42.4165676,-124.4192702,False,,False
Oregon,Damascus Square,19850 SE Hwy 212 Damascus OR 97089,,,,,Oregon,true,false,"19850 SE Hwy 212, Damascus, OR 97089, USA",DAMASCUS,CLACKAMAS,OREGON,OR,45.4172593,-122.4577884,45.4174033,-122.4577026,45.41714220000001,-122.4578931,False,,False
Oregon,Dayton City Hall,416 Ferry St Dayton OR 97114,,,,,Oregon,true,false,"416 Ferry St, Dayton, OR 97114, USA",DAYTON,YAMHILL,OREGON,OR,45.2209283,-123.0766078,45.220975,-123.076535,45.22086669999999,-123.0766938,False,,False
Oregon,Depoe Bay City Hall,570 SE Shell Depoe Bay OR 97341,,,,,Oregon,true,false,"570 SE Shell Ave, Depoe Bay, OR 97341, USA",DEPOE BAY,LINCOLN,OREGON,OR,44.80500869999999,-124.060016,44.80511389999999,-124.0599681,44.8049195,-124.0601079,False,,False
Oregon,Deschutes County Road Department,61150 SE 27th St Bend OR 97702,,,,,Oregon,true,false,"61150 SE 27th St, Bend, OR 97702, USA",BEND,DESCHUTES,OREGON,OR,44.0200599,-121.2613156,,,,,False,,False
Oregon,Deschutes County Services Building & Elections Office,"1300 NW Wall St, Suite 202 Bend OR 97703",,,,,Oregon,true,false,"1300 NW Wall St STE 202, Bend, OR 97703, USA",BEND,DESCHUTES,OREGON,OR,44.06241079999999,-121.3082645,,,,,False,,False
Oregon,Donald City Hall,10710 Main St Donald OR 97020,,,,,Oregon,true,false,"Donald, OR 97020, USA",DONALD,MARION,OREGON,OR,45.2228229,-122.8395263,45.227053,-122.829594,45.21917,-122.8473124,True,Unexpected address size change,False
Oregon,Douglas County Annex,680 Fir Ave Reedsport OR 97467,,,,,Oregon,true,false,"680 Fir Ave, Reedsport, OR 97467, USA",REEDSPORT,DOUGLAS,OREGON,OR,43.7011742,-124.1005189,43.7013653,-124.1001865,43.7009962,-124.1007873,False,,False
Oregon,Douglas County Courthouse & Clerk's Office,1036 SE Douglas Ave Roseburg OR 97470,,,,,Oregon,true,false,"1036 SE Douglas Ave, Roseburg, OR 97470, USA",ROSEBURG,DOUGLAS,OREGON,OR,43.2107529,-123.3413068,43.2110592,-123.3406607,43.2104267,-123.3418279,False,,False
Oregon,Drain City Hall,515 S Cedar St Drain OR 97435,,,,,Oregon,true,false,"515 S Cedar St, Drain, OR 97435, USA",DRAIN,DOUGLAS,OREGON,OR,43.6587889,-123.3184977,43.6588371,-123.3184059,43.6586989,-123.3186714,False,,False
Oregon,Dufur City Hall,175 NE 3rd Street Dufur OR 97021,,,,,Oregon,true,false,"175 NE 3rd St, Dufur, OR 97021, USA",DUFUR,WASCO,OREGON,OR,45.4533272,-121.1301453,45.4534095,-121.1299934,45.45328749999999,-121.1302888,False,,False
Oregon,Dundee City Hall,620 SW 5th St Dundee OR 97115,,,,,Oregon,true,false,"620 SW 5th St, Dundee, OR 97115, USA",DUNDEE,YAMHILL,OREGON,OR,45.2821218,-123.0138161,45.2822344,-123.0136713,45.282008,-123.0139645,False,,False
Oregon,Eagle Point Library,239 W Main St Eagle Point OR 97524,,,,,Oregon,true,false,"239 W Main St, Eagle Point, OR 97524, USA",EAGLE POINT,JACKSON,OREGON,OR,42.4733082,-122.8049097,42.4735037,-122.8047326,42.473165,-122.8052734,False,,False
Oregon,Echo City Hall,20 S Bonanza St Echo OR 97826,,,,,Oregon,true,false,"20 Bonanza St, Echo, OR 97826, USA",ECHO,UMATILLA,OREGON,OR,45.7418738,-119.1953813,45.74192250000001,-119.1952499,45.7416962,-119.1954781,False,,False
Oregon,Eddyville Community Church,6890 Crystal Creek Loop Eddyville OR 97343,,,,,Oregon,true,false,"6890 Crystal Crk Lp, Eddyville, OR 97343, USA",EDDYVILLE,LINCOLN,OREGON,OR,44.6350714,-123.7768844,,,,,False,,False
Oregon,Elgin City Hall,790 S 8th Ave Elgin OR 97827,,,,,Oregon,true,false,"790 S 8th Ave, Elgin, OR 97827, USA",ELGIN,UNION,OREGON,OR,45.5593419,-117.9181077,,,,,False,,False
Oregon,Estacada City Hall,475 SE Main St Estacada OR 97023,,,,,Oregon,true,false,"475 SE Main St, Estacada, OR 97023, USA",ESTACADA,CLACKAMAS,OREGON,OR,45.2862264,-122.3345709,45.2863148,-122.3344574,45.2859934,-122.3346997,False,,False
Oregon,Estacada Public Library,825 NW Wade St Estacada OR 97023,,,,,Oregon,true,false,"825 NW Wade St, Estacada, OR 97023, USA",ESTACADA,CLACKAMAS,OREGON,OR,45.2969482,-122.3386518,45.2971172,-122.3384313,45.2967003,-122.3388351,False,,False
Oregon,Fairview-Columbia Library,1520 NE Village St Fairview OR 97024,,,,,Oregon,true,false,"1520 NE Village St, Fairview, OR 97024, USA",FAIRVIEW,MULTNOMAH,OREGON,OR,45.532278,-122.4393248,,,,,False,,False
Oregon,Falls City Market,319 N Main St Falls City OR 97344,,,,,Oregon,true,false,"319 N Main St, Falls City, OR 97344, USA",FALLS CITY,POLK,OREGON,OR,44.8653099,-123.4361577,,,,,False,,False
Oregon,Florence Police Department,900 Greenwood St Florence OR 97439,,,,,Oregon,true,false,"900 Greenwood St, Florence, OR 97439, USA",FLORENCE,LANE,OREGON,OR,43.97502069999999,-124.1132747,43.9753173,-124.112798,43.9747704,-124.1136055,False,,False
Oregon,Forest Grove City Library,2114 Pacific Ave Forest Grove OR 97116,,,,,Oregon,true,false,"2114 Pacific Ave, Forest Grove, OR 97116, USA",FOREST GROVE,WASHINGTON,OREGON,OR,45.5194453,-123.1094161,45.51958219999999,-123.1085439,45.5192912,-123.1097374,False,,False
Oregon,Garden Home Community Library,"7475 SW Oleson Rd #6, Portland  97223",,,,,Oregon,true,false,,,,,,,,,,,,True,"Unexpected state from google in ../data/democracy_works/2022/original/vip_PollingLocation_41_2022-05-17.csv line 94: expected nd, but got OR from address 7475 SW Oleson Rd #6, Portland, OR 97223, USA",False
Oregon,Garibaldi City Hall,107 6th St Garibaldi OR 97118,,,,,Oregon,true,false,"107 6th St, Garibaldi, OR 97118, USA",GARIBALDI,TILLAMOOK,OREGON,OR,45.559845,-123.9142421,45.5599972,-123.9141023,45.55959180000001,-123.9143442,False,,False
Oregon,Gearhart City Hall,698 Pacific Way Gearhart OR 97138,,,,,Oregon,true,false,"698 Pacific Way, Gearhart, OR 97138, USA",GEARHART,CLATSOP,OREGON,OR,46.0244766,-123.9189516,46.0245751,-123.9188437,46.0243579,-123.9190272,False,,False
Oregon,Gervais City Hall,592 4th St Gervais OR 97026,,,,,Oregon,true,false,"592 4th St, Gervais, OR 97026, USA",GERVAIS,MARION,OREGON,OR,45.108448,-122.897496,,,,,False,,False
Oregon,Gilliam County Courthouse & Clerk's Office,221 S Oregon St Condon OR 97823,,,,,Oregon,true,false,"221 S Oregon St, Condon, OR 97823, USA",CONDON,GILLIAM,OREGON,OR,45.2354584,-120.1863632,45.2357422,-120.1862377,45.2353543,-120.18651,False,,False
Oregon,Gladstone Civic Center,18505 Portland Ave Gladstone OR 97027,,,,,Oregon,true,false,"18505 Portland Ave, Gladstone, OR 97027, USA",GLADSTONE,CLACKAMAS,OREGON,OR,45.388347,-122.6001991,45.3884382,-122.6000935,45.3882536,-122.6003251,False,,False
Oregon,Glendale City Hall,124 3rd St Glendale OR 97442,,,,,Oregon,true,false,"124 3rd St, Glendale, OR 97442, USA",GLENDALE,DOUGLAS,OREGON,OR,42.736627,-123.4274428,42.736725,-123.4273667,42.7365764,-123.4275365,False,,False
Oregon,Grant County Courthouse & Clerk's Office,"201 S Humbolt St , Suite 290 Canyon City OR 97820",,,,,Oregon,true,false,"201 S Humbolt St # 290, Canyon City, OR 97820, USA",CANYON CITY,GRANT,OREGON,OR,44.3874521,-118.9504711,,,,,False,,False
Oregon,Grass Valley City Hall,109 Mill St Grass Valley OR 97029,,,,,Oregon,true,false,"109 Mill St, Grass Valley, OR 97029, USA",GRASS VALLEY,SHERMAN,OREGON,OR,45.3598083,-120.7852534,45.35988930000001,-120.7851414,45.3597186,-120.7854259,False,,False
Oregon,Green Zebra Grocery,3011 N Lombard St Portland OR 97217,,,,,Oregon,true,false,"3011 N Lombard St, Portland, OR 97217, USA",PORTLAND,MULTNOMAH,OREGON,OR,45.5773743,-122.6976545,45.5775488,-122.697532,45.5772202,-122.6977629,False,,False
Oregon,Gregory Heights Library,7921 NE Sandy Blvd Portland OR 97213,,,,,Oregon,true,false,"Gregory Heights Library, 7921 NE Sandy Blvd, Portland, OR 97213, USA",PORTLAND,MULTNOMAH,OREGON,OR,45.5516666,-122.5813826,45.5517483,-122.581216,45.5515743,-122.581566,False,,False
Oregon,Gresham Library,385 NW Miller Ave Gresham OR 97030,,,,,Oregon,true,false,"Parking lot, 385 NW Miller Ave, Gresham, OR 97030, USA",GRESHAM,MULTNOMAH,OREGON,OR,45.5006201,-122.4329275,45.50069430000001,-122.4328854,45.5005424,-122.4329731,False,,False
Oregon,Gresham Voting Center Express - Multnomah County East Building,"600 NE 8th Street Gresham, OR 97030",,,,,Oregon,true,false,"600 NE 8th St, Gresham, OR 97030, USA",GRESHAM,MULTNOMAH,OREGON,OR,45.5026424,-122.4251079,45.502894,-122.4245009,45.5024279,-122.4260474,False,,False
Oregon,Halfway City Hall,155-B East Record St Halfway OR 97834,,,,,Oregon,true,false,"155 E Record St b, Halfway, OR 97834, USA",HALFWAY,BAKER,OREGON,OR,44.8770426,-117.1080759,44.8771306,-117.1079871,44.876936,-117.1081536,False,,False
Oregon,Halsey City Hall,100 Halsey St Harrisburg OR 97348,,,,,Oregon,true,false,"100 Halsey St, Halsey, OR 97348, USA",HALSEY,LINN,OREGON,OR,44.3895449,-123.110199,44.3897043,-123.110136,44.38940580000001,-123.1102752,False,,False
Oregon,Happy Valley City Hall,16000 SE Misty Dr Happy Valley OR 97086,,,,,Oregon,true,false,"16000 SE Misty Dr, Happy Valley, OR 97086, USA",HAPPY VALLEY,CLACKAMAS,OREGON,OR,45.4293831,-122.4975937,45.4295968,-122.4969987,45.4292169,-122.497845,False,,False
Oregon,Happy Valley Library,13793 SE Sieben Park Way Happy Valley OR 97015,,,,,Oregon,true,false,"13793 SE Sieben Park Way, Clackamas, OR 97015, USA",CLACKAMAS,CLACKAMAS,OREGON,OR,45.4226833,-122.5128388,45.4227602,-122.5127015,45.4224775,-122.5132459,False,,False
Oregon,Harmony - Clackamas Community College,7738 SE Harmony Rd Milwaukie OR 97222,,,,,Oregon,true,false,"7738 SE Harmony Rd, Milwaukie, OR 97222, USA",MILWAUKIE,CLACKAMAS,OREGON,OR,45.431889,-122.58226,,,,,False,,False
Oregon,Harney County Courthouse & Clerk's Office,450 N Buena Vista Burns OR 97720,,,,,Oregon,true,false,"450 N Buena Vista Ave, Burns, OR 97720, USA",BURNS,HARNEY,OREGON,OR,43.5895122,-119.0570218,43.5896315,-119.0569088,43.5893355,-119.0571828,False,,False
Oregon,Harrisburg City Hall,120 Smith St Harrisburg OR 97446,,,,,Oregon,true,false,"120 Smith St, Harrisburg, OR 97446, USA",HARRISBURG,LINN,OREGON,OR,44.27208160000001,-123.1735216,44.2722036,-123.1734165,44.2719454,-123.173573,False,,False
Oregon,Hayesville Roth's Fresh Markets,4746 Portland Rd NE Salem OR 97305,,,,,Oregon,true,false,"4746 Portland Rd NE, Salem, OR 97305, USA",SALEM,MARION,OREGON,OR,44.9903238,-122.9854536,44.99085410000001,-122.9848808,44.989911,-122.9859047,False,,False
Oregon,Hidden Valley Market,7200 Williams Hwy Grants Pass OR 97527,,,,,Oregon,true,false,"7200 Williams Hwy, Grants Pass, OR 97527, USA",GRANTS PASS,JOSEPHINE,OREGON,OR,42.3377377,-123.3327689,42.3379543,-123.3324352,42.337486,-123.3330442,False,,False
Oregon,Hillsboro Library Brookwood,2850 NE Brookwood Pkwy Hillsboro OR 97124,,,,,Oregon,true,false,"2850 NE Brookwood Pkwy, Hillsboro, OR 97124, USA",HILLSBORO,WASHINGTON,OREGON,OR,45.5429861,-122.9360104,45.5433364,-122.9356593,45.5424201,-122.9363031,False,,False
Oregon,Hillsboro Public Library Shute Park,775 SE 10th Ave Hillsboro OR 97123,,,,,Oregon,true,false,"775 SE 10th Ave, Hillsboro, OR 97123, USA",HILLSBORO,WASHINGTON,OREGON,OR,45.5145305,-122.9750085,45.5146989,-122.9744853,45.5142512,-122.9753339,False,,False
Oregon,Hillsdale Library,1525 SW Sunset Blvd Portland OR 97239,,,,,Oregon,true,false,"1525 SW Sunset Blvd, Portland, OR 97239, USA",PORTLAND,MULTNOMAH,OREGON,OR,45.4798082,-122.6940985,45.4800508,-122.6938224,45.4796565,-122.6943743,False,,False
Oregon,Hines City Hall,101 E Barnes Hines OR 97738,,,,,Oregon,true,false,"Hines, OR, USA",HINES,HARNEY,OREGON,OR,43.5640385,-119.0810482,43.5769729,-119.0649881,43.52923,-119.0918909,True,Unexpected address size change,False
Oregon,Holgate Library,7905 SE Holgate Blvd Portland OR 97206,,,,,Oregon,true,false,"Holgate Library, 7905 SE Holgate Blvd, Portland, OR 97206, USA",PORTLAND,MULTNOMAH,OREGON,OR,45.4905338,-122.5822838,45.490633,-122.5820848,45.490396,-122.5824293,False,,False
Oregon,Hollywood Library,4040 NE Tillamook St Portland OR 97212,,,,,Oregon,true,false,"Hollywood Library, 4040 NE Tillamook St, Portland, OR 97212, USA",PORTLAND,MULTNOMAH,OREGON,OR,45.5376514,-122.6211412,45.5376965,-122.6210714,45.5374033,-122.621862,False,,False
Oregon,Hood River County Administration Building,601 State St Hood River OR 97031,,,,,Oregon,true,false,"601 State St, Hood River, OR 97031, USA",HOOD RIVER,HOOD RIVER,OREGON,OR,45.7078984,-121.5167558,45.7080233,-121.5165206,45.7076112,-121.5169457,False,,False
Oregon,Hoodland Library,24525 E Welches Rd Welches OR 97067,,,,,Oregon,true,false,"24525 E Welches Rd, Welches, OR 97067, USA",MOUNT HOOD VILLAGE,CLACKAMAS,OREGON,OR,45.3461368,-121.9639328,45.3462074,-121.9637941,45.3460686,-121.9642561,False,,False
Oregon,Hubbard City Hall,3720 Second St Hubbard OR 97032,,,,,Oregon,true,false,"3720 2nd St, Hubbard, OR 97032, USA",HUBBARD,MARION,OREGON,OR,45.1825859,-122.8050547,45.1827172,-122.8048494,45.1824591,-122.8052324,False,,False
Oregon,Huntington City Hall,50 E Adams Huntington OR 97907,,,,,Oregon,true,false,"E Adams St, Huntington, OR 97907, USA",HUNTINGTON,BAKER,OREGON,OR,44.3508695,-117.2625424,44.3509708,-117.2620968,44.3507875,-117.2628523,True,Invalid final address,False
Oregon,Imbler City Hall,180 Ruckman Ave Imbler OR 97841,,,,,Oregon,true,false,"180 Ruckman Ave, Imbler, OR 97841, USA",IMBLER,UNION,OREGON,OR,45.4575738,-117.9629468,45.4576648,-117.9628749,45.4575453,-117.9630539,False,,False
Oregon,Independence City Hall,555 S Main St Independence OR 97351,,,,,Oregon,true,false,"555 S Main St, Independence, OR 97351, USA",INDEPENDENCE,POLK,OREGON,OR,44.8486862,-123.1843045,44.8489708,-123.1839589,44.848543,-123.1844127,False,,False
Oregon,Jackson County Elections Office,1101 W Main St Suite 201 Medford OR 97501,,,,,Oregon,true,false,"1101 W Main St #201, Medford, OR 97501, USA",MEDFORD,JACKSON,OREGON,OR,42.3233068,-122.8843165,,,,,False,,False
Oregon,Jaquith Park,1215 North Main St Newberg OR,,,,,Oregon,true,false,,,,,,,,,,,,True,"Unexpected state from google in ../data/democracy_works/2022/original/vip_PollingLocation_41_2022-05-17.csv line 129: expected None, but got OR from address 1215 N Main St, Newberg, OR 97132, USA",False
Oregon,Jefferson City Hall & Library,"150 N 2nd St, Jefferson, OR 97352",,,,,Oregon,true,false,"150 N 2nd St, Jefferson, OR 97352, USA",JEFFERSON,MARION,OREGON,OR,44.7179801,-123.0107235,44.7181124,-123.0105654,44.7178756,-123.0108023,False,,False
Oregon,Jefferson County Administration Building & Clerk's Office,66 SE D St Madras OR 97741-1739,,,,,Oregon,true,false,"66 SE D St, Madras, OR 97741, USA",MADRAS,JEFFERSON,OREGON,OR,44.6337438,-121.1283245,44.6338862,-121.1281321,44.633613,-121.1284263,False,,False
Oregon,Jewell School,83874 Hwy 103 Seaside OR 97138,,,,,Oregon,true,false,"83874 OR-103, Seaside, OR 97138, USA",SEASIDE,CLATSOP,OREGON,OR,45.9291511,-123.4980133,,,,,False,,False
Oregon,Jordan Valley,501 Yturri Blvd Jordan Valley OR 97910,,,,,Oregon,true,false,"501 Yturri Blvd, Jordan Valley, OR 97910, USA",JORDAN VALLEY,MALHEUR,OREGON,OR,42.9736591,-117.052665,,,,,False,,False
Oregon,Joseph City Hall,201 N Main St Joseph OR 97846,,,,,Oregon,true,false,"201 N Main St, Joseph, OR 97846, USA",JOSEPH,WALLOWA,OREGON,OR,45.353572,-117.2302563,45.3536473,-117.2301364,45.3535103,-117.2303935,False,,False
Oregon,Josephine County Courthouse & Clerk's Office,500 NW 6th St Room 170 Grants Pass OR 97528,,,,,Oregon,true,false,"500 NW 6th St #170, Grants Pass, OR 97526, USA",GRANTS PASS,JOSEPHINE,OREGON,OR,42.4428959,-123.3255264,42.4432045,-123.3252211,42.4423433,-123.326173,False,,False
Oregon,Josephine County Library,200 NW C St Grants Pass OR 97526,,,,,Oregon,true,false,"200 NW C St, Grants Pass, OR 97526, USA",GRANTS PASS,JOSEPHINE,OREGON,OR,42.4429759,-123.326704,42.4432642,-123.3263989,42.4427469,-123.3269303,False,,False
Oregon,Junction City Library,726 Greenwood St Junction City OR 97448,,,,,Oregon,true,false,"726 Greenwood St, Junction City, OR 97448, USA",JUNCTION CITY,LANE,OREGON,OR,44.22032249999999,-123.2023723,44.2204229,-123.202302,44.2201978,-123.2024796,False,,False
Oregon,Juvenile Justice Center,2727 MLK Jr Blvd Eugene OR 97401,,,,,Oregon,true,false,"2727 Martin Luther King Jr Blvd, Eugene, OR 97401, USA",EUGENE,LANE,OREGON,OR,44.0613597,-123.06769,44.06175169999999,-123.0663144,44.0609762,-123.0686406,False,,False
Oregon,Keizer City Hall,930 Chemawa Rd NE Keizer OR 97303,,,,,Oregon,true,false,"930 Chemawa Rd NE, Keizer, OR 97303, USA",KEIZER,MARION,OREGON,OR,44.996396,-123.0203884,44.99664749999999,-123.0195434,44.9956131,-123.020853,False,,False
Oregon,Kenton Library,8226 N Denver Ave Portland OR 97217,,,,,Oregon,true,false,"Kenton Library, 8226 N Denver Ave, Portland, OR 97217, USA",PORTLAND,MULTNOMAH,OREGON,OR,45.5828486,-122.6864923,45.5828973,-122.6861678,45.5827506,-122.6867365,False,,False
Oregon,Klamath Basin Senior Center,2045 Arthur St Klamath Falls OR 97603,,,,,Oregon,true,false,"2045 Arthur St, Klamath Falls, OR 97603, USA",KLAMATH FALLS,KLAMATH,OREGON,OR,42.2094728,-121.7482985,42.2096778,-121.7481879,42.2092304,-121.7484932,False,,False
Oregon,Klamath Community College - Founder's Hall (Building 9),7390 S 6th St Klamath Falls OR 97603,,,,,Oregon,true,false,"7390 S 6th St, Klamath Falls, OR 97603, USA",KLAMATH FALLS,KLAMATH,OREGON,OR,42.197618,-121.7010954,,,,,False,,False
Oregon,Klamath County Government Center & Clerk's Office,305 Main St Klamath Falls OR 97601,,,,,Oregon,true,false,"305 Main St, Klamath Falls, OR 97601, USA",KLAMATH FALLS,KLAMATH,OREGON,OR,42.2232441,-121.7847407,42.2235424,-121.7843488,42.222839,-121.7852225,False,,False
Oregon,Knappa High School,41535 Old Hwy 30 Knappa OR 97103,,,,,Oregon,true,false,"41535 Old US Hwy 30, Astoria, OR 97103, USA",ASTORIA,CLATSOP,OREGON,OR,46.1958356,-123.7653274,,,,,False,,False
Oregon,LBCC Benton Center,757 NW Polk Ave Corvallis OR 97330,,,,,Oregon,true,false,"757 NW Polk Ave, Corvallis, OR 97330, USA",CORVALLIS,BENTON,OREGON,OR,44.5709585,-123.2628131,44.5712207,-123.2622992,44.57067540000001,-123.2632003,False,,False
Oregon,La Pine Public Library,16425 1st St La Pine OR 97739,,,,,Oregon,true,false,"16425 1st St, La Pine, OR 97739, USA",LA PINE,DESCHUTES,OREGON,OR,43.6742336,-121.5049224,43.6744146,-121.5047891,43.674058,-121.5050899,False,,False
Oregon,Lafayette City Hall,486 3rd St Lafayette OR 97127,,,,,Oregon,true,false,"486 3rd St, Lafayette, OR 97127, USA",LAFAYETTE,YAMHILL,OREGON,OR,45.2439811,-123.113246,45.2441043,-123.1131308,45.2438454,-123.1133855,False,,False
Oregon,Lake County Courthouse & Clerk's Office,513 Center St Lakeview OR 97630,,,,,Oregon,true,false,"513 Center St, Lakeview, OR 97630, USA",LAKEVIEW,LAKE,OREGON,OR,42.1890412,-120.3451756,42.1892869,-120.3451043,42.1888171,-120.3456988,False,,False
Oregon,Lake Oswego City Hall,380 A Ave Lake Oswego OR 97034,,,,,Oregon,true,false,"380 A Ave, Lake Oswego, OR 97034, USA",LAKE OSWEGO,CLACKAMAS,OREGON,OR,45.4193963,-122.6676371,45.419581,-122.6674179,45.4192166,-122.6679492,False,,False
Oregon,Lakeside City Hall,915 N Lake Rd Lakeside OR 97449,,,,,Oregon,true,false,"915 N Lake Rd, Lakeside, OR 97449, USA",LAKESIDE,COOS,OREGON,OR,43.57595120000001,-124.1729103,43.5760667,-124.1725661,43.575793,-124.1733176,False,,False
Oregon,Lane County Elections & Clerk's Office,275 W 10th Ave Eugene OR 97401,,,,,Oregon,true,false,"275 W 10th Ave, Eugene, OR 97401, USA",EUGENE,LANE,OREGON,OR,44.0490383,-123.0968593,44.0491736,-123.0966454,44.0489207,-123.0971398,False,,False
Oregon,Lane County Public Works,3050 N Delta Hwy Eugene OR 97408,,,,,Oregon,true,false,"3050 N Delta Hwy, Eugene, OR 97408, USA",EUGENE,LANE,OREGON,OR,44.0987648,-123.0949296,44.099129,-123.094548,44.0983842,-123.0952813,False,,False
Oregon,Lebanon Police Department,40 N 2nd St Suite 100 Lebanon OR 97355,,,,,Oregon,true,false,"40 N 2nd St #100, Lebanon, OR 97355, USA",LEBANON,LINN,OREGON,OR,44.5456533,-122.9104134,,,,,False,,False
Oregon,Lebanon Public Library,55 Academy St Lebanon OR 97355,,,,,Oregon,true,false,"55 Academy St, Lebanon, OR 97355, USA",LEBANON,LINN,OREGON,OR,44.5449129,-122.908914,44.5451364,-122.9085003,44.5448059,-122.9092595,False,,False
Oregon,Lincoln County Courthouse & Clerk's Office,225 W Olive St Rm 201 Newport OR 97365,,,,,Oregon,true,false,"225 W Olive St # 201, Newport, OR 97365, USA",NEWPORT,LINCOLN,OREGON,OR,44.63624069999999,-124.0549791,,,,,False,,False
Oregon,Lincoln Health Center,121 SE Viewmont Ave Corvallis OR 97333,,,,,Oregon,true,false,"121 SE Viewmont Ave, Corvallis, OR 97333, USA",CORVALLIS,BENTON,OREGON,OR,44.5439248,-123.26514,44.5440121,-123.2650384,44.5437778,-123.2652504,False,,False
Oregon,Linn County Courthouse & Clerk's Office,300 4th Ave SW Rm 205 Albany OR 97321,,,,,Oregon,true,false,"Albany, OR, USA",ALBANY,LINN,OREGON,OR,44.6365107,-123.1059282,44.676747,-123.032518,44.5776241,-123.1474031,True,Unexpected address size change,False
Oregon,Linn County Sheriff Lebanon Substation,2590 S Main Rd Lebanon OR 97355,,,,,Oregon,true,false,"2590 S Main Rd, Lebanon, OR 97355, USA",LEBANON,LINN,OREGON,OR,44.5216303,-122.9075999,44.5217218,-122.9074822,44.5215346,-122.9076802,False,,False
Oregon,Lowell City Hall,107 E 3rd St Lowell OR 97452,,,,,Oregon,true,false,"107 E 3rd St, Lowell, OR 97452, USA",LOWELL,LANE,OREGON,OR,43.92206660000001,-122.7816448,,,,,False,,False
Oregon,Lyons City Hall,449 5th St Lyons OR 97358,,,,,Oregon,true,false,"449 5th St, Lyons, OR 97358, USA",LYONS,LINN,OREGON,OR,44.7773564,-122.616575,44.777423,-122.616433,44.7773268,-122.6166993,False,,False
Oregon,Malheur County Courthouse & Clerk's Office,"251 B St W #101, Vale, OR 97918",,,,,Oregon,true,false,"251 B St W #101, Vale, OR 97918, USA",VALE,MALHEUR,OREGON,OR,43.9806793,-117.241099,43.9810777,-117.240698,43.9805172,-117.2420114,False,,False
Oregon,Malin City Hall,2432 4th St Malin OR 97632,,,,,Oregon,true,false,"2432 4th St, Malin, OR 97632, USA",MALIN,KLAMATH,OREGON,OR,42.0137578,-121.4093764,42.0138303,-121.4091219,42.0137049,-121.4095035,False,,False
Oregon,Manzanita City Hall,543 Laneda Ave Manzanita OR 97130,,,,,Oregon,true,false,"543 Laneda Ave, Manzanita, OR 97130, USA",MANZANITA,TILLAMOOK,OREGON,OR,45.7193631,-123.932506,45.71943470000001,-123.9324147,45.7192538,-123.932606,False,,False
Oregon,Marion County Health,3180 Center St NE Salem OR 97301,,,,,Oregon,true,false,"3180 Center St NE, Salem, OR 97301, USA",SALEM,MARION,OREGON,OR,44.9383326,-122.9962466,44.9386577,-122.9958551,44.9381425,-122.9964852,False,,False
Oregon,Marion County Public Works,5155 Silverton Rd NE Salem OR 97305,,,,,Oregon,true,false,"5155 Silverton Rd NE, Salem, OR 97305, USA",SALEM,MARION,OREGON,OR,44.9741021,-122.9560091,44.9743218,-122.9556236,44.9738038,-122.9563938,False,,False
Oregon,Marion Courthouse Square Building & County Clerk's Office,"555 Court St NE, Ste 2130, Salem OR 97301",,,,,Oregon,true,false,"555 Court St NE #2130, Salem, OR 97301, USA",SALEM,MARION,OREGON,OR,44.94077230000001,-123.0357403,44.9410065,-123.0350104,44.94045269999999,-123.0362512,False,,False
Oregon,Maupin Civic Center,507 Grant Ave Maupin OR 97037,,,,,Oregon,true,false,"507 Grant Ave, Maupin, OR 97037, USA",MAUPIN,WASCO,OREGON,OR,45.1754859,-121.0817806,45.175632,-121.0815739,45.1753472,-121.0820599,False,,False
Oregon,McCoy Park,4677 N Trenton St Portland OR 97203,,,,,Oregon,true,false,"4677 N Trenton St, Portland, OR 97203, USA",PORTLAND,MULTNOMAH,OREGON,OR,45.5895648,-122.7162286,45.5911959,-122.7156223,45.5886583,-122.7168776,False,,False
Oregon,McDonald's Restaurant,2010 NE Cesar E Chavez Blvd Portland OR 97212,,,,,Oregon,true,false,"2010 NE Cesar E Chavez Blvd, Portland, OR 97212, USA",PORTLAND,MULTNOMAH,OREGON,OR,45.5372595,-122.6223706,45.5373493,-122.6222301,45.5371872,-122.6226785,False,,False
Oregon,McMinnville Public Library,225 NW Adams Street McMinnville OR 97128,,,,,Oregon,true,false,"225 NE Adams St, McMinnville, OR 97128, USA",MCMINNVILLE,YAMHILL,OREGON,OR,45.2097646,-123.199747,45.2099536,-123.1993314,45.2096893,-123.2000362,False,,False
Oregon,Medford Library,205 S Central Ave Medford OR 97501,,,,,Oregon,true,false,"205 S Central Ave, Medford, OR 97501, USA",MEDFORD,JACKSON,OREGON,OR,42.32486979999999,-122.8700936,42.3252266,-122.8695485,42.3242547,-122.8704524,False,,False
Oregon,Merrill City Hall,300 E 1st Merrill OR 97632,,,,,Oregon,true,false,"Malin, OR 97632, USA",MALIN,KLAMATH,OREGON,OR,42.021989,-121.3450422,42.122628,-121.285107,41.9962809,-121.5461929,True,Unexpected address size change,False
Oregon,Metolius City Hall,636 Jefferson St Metolius OR 97741,,,,,Oregon,true,false,"636 Jefferson Ave, Metolius, OR 97741, USA",METOLIUS,JEFFERSON,OREGON,OR,44.586543,-121.177512,44.58663790000001,-121.177399,44.5864807,-121.1776125,False,,False
Oregon,Midland Library,805 SE 122nd Ave Portland OR 97233,,,,,Oregon,true,false,"805 SE 122nd Ave, Portland, OR 97233, USA",PORTLAND,MULTNOMAH,OREGON,OR,45.5162916,-122.5384414,45.5163318,-122.5383549,45.516272,-122.5385189,False,,False
Oregon,Millersburg City Hall,4222 Old Salem Rd NE Albany OR 97321,,,,,Oregon,true,false,"4222 Old Salem Rd NE, Albany, OR 97321, USA",ALBANY,LINN,OREGON,OR,44.6815357,-123.0612288,44.6817726,-123.0608689,44.6814665,-123.0616039,False,,False
Oregon,Milton-Freewater City Hall & Police Department,722 S Main Milton-Freewater OR 97862,,,,,Oregon,true,false,"722 S Main St, Milton-Freewater, OR 97862, USA",MILTON-FREEWATER,UMATILLA,OREGON,OR,45.9281161,-118.3857612,,,,,False,,False
Oregon,Milwaukie City Hall,10722 SE Main St Milwaukie OR 97222,,,,,Oregon,true,false,"10722 SE Main St, Milwaukie, OR 97222, USA",MILWAUKIE,CLACKAMAS,OREGON,OR,45.4452513,-122.6411871,45.44536670000001,-122.6409949,45.4450544,-122.641266,False,,False
Oregon,Milwaukie Public Services Building,3200 SE Harrison St Milwaukie OR 97222,,,,,Oregon,true,false,"3200 SE Harrison St, Milwaukie, OR 97222, USA",MILWAUKIE,CLACKAMAS,OREGON,OR,45.446158,-122.6286449,45.4463804,-122.6282031,45.4459263,-122.6292273,False,,False
Oregon,Mist-Birkenfeld RFPD,12525 OR-202 Clatskanie OR 97016,,,,,Oregon,true,false,"12525 OR-202, Clatskanie, OR 97016, USA",CLATSKANIE,COLUMBIA,OREGON,OR,46.0130823,-123.3096926,46.0132222,-123.3093027,46.0129727,-123.3099415,False,,False
Oregon,Mitchell Emergency Services Building,202 SE High St Mitchell OR 97750,,,,,Oregon,true,false,"202 SE High St, Mitchell, OR 97750, USA",MITCHELL,WHEELER,OREGON,OR,44.5656417,-120.1530984,,,,,False,,False
Oregon,Molalla Public Library,201 E 5th St Molalla OR 97038,,,,,Oregon,true,false,"201 E 5th St, Molalla, OR 97038, USA",MOLALLA,CLACKAMAS,OREGON,OR,45.1441348,-122.5771712,45.14441009999999,-122.5764543,45.14392489999999,-122.5775192,False,,False
Oregon,Monmouth Roth's Fresh Markets,1517 Monmouth Independence Hwy Monmouth OR 97361,,,,,Oregon,true,false,"1517 Monmouth Independence Hwy, Monmouth, OR 97361, USA",MONMOUTH,POLK,OREGON,OR,44.850088,-123.2179588,44.8503017,-123.2175396,44.8497853,-123.2184132,False,,False
Oregon,Monroe Community Library,380 N 5th St Monroe OR 97456,,,,,Oregon,true,false,"380 N 5th St, Monroe, OR 97456, USA",MONROE,BENTON,OREGON,OR,44.31939140000001,-123.2985259,44.3195755,-123.2983327,44.3192069,-123.2989677,False,,False
Oregon,Morrow County Bartholomew Building & Clerk's Office,100 S Court St RM 102 Heppner OR 97836,,,,,Oregon,true,false,"100 S Court St #102, Heppner, OR 97836, USA",HEPPNER,MORROW,OREGON,OR,45.353496,-119.550308,45.3535633,-119.5500516,45.3533251,-119.5504151,False,,False
Oregon,Morrow County Boardman Building,101 Boardman Ave NW Boardman OR 97818,,,,,Oregon,true,false,"101 Boardman Ave NW, Boardman, OR 97818, USA",BOARDMAN,MORROW,OREGON,OR,45.8396099,-119.7027936,45.83971289999999,-119.7026318,45.839507,-119.7029645,False,,False
Oregon,Morrow County Justice Court and Planning,"205 3rd St NE, Irrigon, OR 97844",,,,,Oregon,true,false,"205 3rd St NE, Irrigon, OR 97844, USA",IRRIGON,MORROW,OREGON,OR,45.8958988,-119.4980082,,,,,False,,False
Oregon,Morrow County Public Works,"365 OR-74, Lexington, OR 97839",,,,,Oregon,true,false,"365 OR-74, Lexington, OR 97839, USA",LEXINGTON,MORROW,OREGON,OR,45.4482451,-119.6912321,45.4482869,-119.6911278,45.4481985,-119.6913655,False,,False
Oregon,Mosier City Hall,208 Washington Street Mosier OR 97040,,,,,Oregon,true,false,"208 Washington St, Mosier, OR 97040, USA",MOSIER,WASCO,OREGON,OR,45.6828792,-121.3984643,45.6829201,-121.3983978,45.6828315,-121.3985595,False,,False
Oregon,Mt. Angel Public Library,290 E Charles St Mt. Angel OR 97362,,,,,Oregon,true,false,"290 E Charles St, Mt Angel, OR 97362, USA",MOUNT ANGEL,MARION,OREGON,OR,45.0680625,-122.7978369,45.0682044,-122.7975993,45.0679243,-122.7979887,False,,False
Oregon,Multnomah County Duniway-Lovejoy Elections Building,1040 SE Morrison St Portland OR 97214,,,,,Oregon,true,false,"1040 SE Morrison St, Portland, OR 97214, USA",PORTLAND,MULTNOMAH,OREGON,OR,45.51688,-122.6549801,,,,,False,,False
Oregon,Myrtle Creek City Hall,207 NW Pleasant St Myrtle Creek OR 97457,,,,,Oregon,true,false,"207 NW Pleasant St, Myrtle Creek, OR 97457, USA",MYRTLE CREEK,DOUGLAS,OREGON,OR,43.02657809999999,-123.288473,,,,,False,,False
Oregon,Myrtle Point City Hall,424 5th St Myrtle Point OR 97458,,,,,Oregon,true,false,"424 5th St, Myrtle Point, OR 97458, USA",MYRTLE POINT,COOS,OREGON,OR,43.0639778,-124.1424315,,,,,False,,False
Oregon,Newberg Public Safety Building,401 E 3rd St Newberg OR 97132,,,,,Oregon,true,false,"401 E 3rd St, Newberg, OR 97132, USA",NEWBERG,YAMHILL,OREGON,OR,45.298913,-122.9755368,45.299013,-122.9752267,45.2987184,-122.9760293,False,,False
Oregon,Newport City Hall,169 SW Coast Hwy Newport OR 97365,,,,,Oregon,true,false,"169 SW Coast Hwy, Newport, OR 97365, USA",NEWPORT,LINCOLN,OREGON,OR,44.6343249,-124.0534437,44.6346114,-124.0529893,44.6340078,-124.0537137,False,,False
Oregon,North Albany Shopping Center,621 Hickory Ave NW Albany OR 97321,,,,,Oregon,true,false,"621 NW Hickory St, Albany, OR 97321, USA",ALBANY,BENTON,OREGON,OR,44.6461597,-123.1125235,44.6465215,-123.1115511,44.6458742,-123.1132303,False,,False
Oregon,North Bend City Library,1800 Sherman Ave North Bend OR 97459,,,,,Oregon,true,false,"1800 Sherman Ave, North Bend, OR 97459, USA",NORTH BEND,COOS,OREGON,OR,43.4087304,-124.2246244,43.409067,-124.2242806,43.4084963,-124.2249287,False,,False
Oregon,North Plains City Hall,31360 NW Commercial St North Plains OR 97133,,,,,Oregon,true,false,"31360 NW Commercial St, North Plains, OR 97133, USA",NORTH PLAINS,WASHINGTON,OREGON,OR,45.5973784,-122.9996193,45.5974686,-122.9995257,45.5972957,-122.9997555,False,,False
Oregon,North Portland Library,512 N Killingsworth St Portland OR 97217,,,,,Oregon,true,false,"North Portland Library, 512 N Killingsworth St, Portland, OR 97217, USA",PORTLAND,MULTNOMAH,OREGON,OR,45.5625007,-122.6715145,45.5626176,-122.6713058,45.5623588,-122.6716877,False,,False
Oregon,North Powder City Hall,635 3rd St North Powder OR 97867,,,,,Oregon,true,false,"635 3rd St, North Powder, OR 97867, USA",NORTH POWDER,UNION,OREGON,OR,45.02924669999999,-117.9204723,45.0292845,-117.9204046,45.0291642,-117.9205848,False,,False
Oregon,Northwest Library,2300 NW Thurman St Portland OR 97210,,,,,Oregon,true,false,"2300 NW Thurman St, Portland, OR 97210, USA",PORTLAND,MULTNOMAH,OREGON,OR,45.5353403,-122.6992131,45.535408,-122.6989445,45.5352822,-122.6993124,False,,False
Oregon,Nyssa City Library,319 Main St Nyssa OR 97913,,,,,Oregon,true,false,"319 Main St, Nyssa, OR 97913, USA",NYSSA,MALHEUR,OREGON,OR,43.8766202,-116.997252,43.8766807,-116.99713,43.8764282,-116.9973651,False,,False
Oregon,OSU Gill Coliseum,"660 SW 26th St, Corvallis, OR 97331",,,,,Oregon,true,false,"660 SW 26th St, Corvallis, OR 97331, USA",CORVALLIS,BENTON,OREGON,OR,44.56128469999999,-123.2805689,44.5616961,-123.2800544,44.5608532,-123.2811217,False,,False
Oregon,Oak Lodge Library,16201 SE McLoughlin Blvd Oak Grove OR 97267,,,,,Oregon,true,false,"16201 SE McLoughlin Blvd, Milwaukie, OR 97267, USA",MILWAUKIE,CLACKAMAS,OREGON,OR,45.4057599,-122.6248655,,,,,False,,False
Oregon,Oakridge Police Department,76435 Ash St Oakridge OR 97463,,,,,Oregon,true,false,"76435 Ash St, Oakridge, OR 97463, USA",OAKRIDGE,LANE,OREGON,OR,43.7472813,-122.4570894,,,,,False,,False
Oregon,Old Mill District - Hilton Garden Inn,459 SW Bluff Dr Bend OR 97703,,,,,Oregon,true,false,"459 SW Bluff Dr, Bend, OR 97702, USA",BEND,DESCHUTES,OREGON,OR,44.04509849999999,-121.3133761,,,,,False,,False
Oregon,Ontario Community Library,388 SW 2nd Ave Ontario OR 97914,,,,,Oregon,true,false,"388 SW 2nd Ave, Ontario, OR 97914, USA",ONTARIO,MALHEUR,OREGON,OR,44.0252726,-116.968304,44.0255315,-116.9680746,44.0250692,-116.9685443,False,,False
Oregon,Oregon City - City Hall,625 Center St Oregon City OR 97045,,,,,Oregon,true,false,"625 C St, Oregon City, OR 97045, USA",OREGON CITY,CLACKAMAS,OREGON,OR,45.3568447,-122.6067716,,,,,False,,False
Oregon,"Oregon Institute of Technology College Union Info Desk, 1st Floor",3201 Campus Dr Klamath Falls OR 97601,,,,,Oregon,true,false,"3201 Campus Dr, Klamath Falls, OR 97601, USA",KLAMATH FALLS,KLAMATH,OREGON,OR,42.2539585,-121.7854792,42.2539769,-121.7854226,42.2539353,-121.7855099,False,,False
Oregon,Pacific City Kiawanda Community Center,34600 Cape Kiwanda Dr Pacific City OR 97135,,,,,Oregon,true,false,"34600 Cape Kiwanda Dr, Cloverdale, OR 97112, USA",CLOVERDALE,TILLAMOOK,OREGON,OR,45.2048142,-123.9671456,45.2049527,-123.9668878,45.2046672,-123.9672874,False,,False
Oregon,Paisley Community Center,705 Chewaucan St Paisley OR 97636,,,,,Oregon,true,false,"705 Chewaucan St, Paisley, OR 97636, USA",PAISLEY,LAKE,OREGON,OR,42.6942496,-120.5448312,,,,,False,,False
Oregon,Parkdale Elementary School,4880 Van Nuys Dr Mount Hood Parkdale OR 97041,,,,,Oregon,true,false,"4880 Van Nuys Dr, Mt Hood, OR 97041, USA",MOUNT HOOD,HOOD RIVER,OREGON,OR,45.5221995,-121.5936578,,,,,True,Unexpected address size change,False
Oregon,Parkrose Neighborhood,"4390 NE 102nd Ave, Portland 97220",,,,,Oregon,true,false,,,,,,,,,,,,True,"Unexpected state from google in ../data/democracy_works/2022/original/vip_PollingLocation_41_2022-05-17.csv line 212: expected nd, but got OR from address 4390 NE 102nd Ave, Portland, OR 97220, USA",False
Oregon,Pearl Street,777 Pearl St Eugene OR 97401,,,,,Oregon,true,false,"777 Pearl St, Eugene, OR 97401, USA",EUGENE,LANE,OREGON,OR,44.0518215,-123.0886634,44.0520088,-123.0883047,44.0511144,-123.089541,False,,False
Oregon,Philomath Public Library,1050 Applegate St Philomath OR 97370,,,,,Oregon,true,false,"1050 Applegate St, Philomath, OR 97370, USA",PHILOMATH,BENTON,OREGON,OR,44.5386202,-123.3712607,44.5387958,-123.3711294,44.5385119,-123.3714079,False,,False
Oregon,Phoenix Library,510 W 1st St Phoenix OR 97535,,,,,Oregon,true,false,"510 W 1st St, Phoenix, OR 97535, USA",PHOENIX,JACKSON,OREGON,OR,42.2715305,-122.8201391,42.2716926,-122.819864,42.2713195,-122.8204146,False,,False
Oregon,Pilot Rock City Hall,144 N Alder Pl Pilot Rock OR 97868,,,,,Oregon,true,false,"144 N Alder Pl, Pilot Rock, OR 97868, USA",PILOT ROCK,UMATILLA,OREGON,OR,45.48305879999999,-118.8334798,45.4831227,-118.8333091,45.4828554,-118.8335938,False,,False
Oregon,Pine Nursery Park,3750 NE Purcell Blvd Bend OR 97701,,,,,Oregon,true,false,"3750 NE Purcell Blvd, Bend, OR 97701, USA",BEND,DESCHUTES,OREGON,OR,44.0907555,-121.2660403,44.0945931,-121.2632621,44.08829009999999,-121.2688775,False,,False
Oregon,Pioneer Courthouse Square Walk up Drop Box,701 SW 6th Ave Portland OR 97205,,,,,Oregon,true,false,"701 SW 6th Ave, Portland, OR 97204, USA",PORTLAND,MULTNOMAH,OREGON,OR,45.5185947,-122.6792741,45.5186208,-122.6791975,45.5185683,-122.6793458,False,,False
Oregon,Polk County Courthouse & Clerk's Office,850 Main St 2nd Floor Dallas OR 97338,,,,,Oregon,true,false,"850 Main St #2nd, Dallas, OR 97338, USA",DALLAS,POLK,OREGON,OR,44.9212491,-123.3157821,44.9213317,-123.3156577,44.9207134,-123.3159099,False,,False
Oregon,Port Orford City Hall,555 W 20th St Port Orford OR 97465,,,,,Oregon,true,false,"555 20th St, Port Orford, OR 97465, USA",PORT ORFORD,CURRY,OREGON,OR,42.7540188,-124.4985002,,,,,False,,False
Oregon,Portland Community College Newberg Center,"135 Werth Blvd, Newberg, OR 97132",,,,,Oregon,true,false,"135 Werth Blvd, Newberg, OR 97132, USA",NEWBERG,YAMHILL,OREGON,OR,45.2992105,-122.9403267,45.2992332,-122.9402895,45.2991841,-122.9403698,False,,False
Oregon,Powell Butte Charter School,13650 OR-126 Powell Butte OR 97753,,,,,Oregon,true,false,"13650 OR-126, Powell Butte, OR 97753, USA",POWELL BUTTE,CROOK,OREGON,OR,44.247099,-121.0172392,44.2473073,-121.0168995,44.2469635,-121.0175673,False,,False
Oregon,Powers City Hall,275 Fir St Powers OR 97466,,,,,Oregon,true,false,"275 Fir St, Powers, OR 97466, USA",POWERS,COOS,OREGON,OR,42.881308,-124.0705857,42.88136859999999,-124.0704786,42.8812703,-124.0707146,False,,False
Oregon,Rainier City Hall,106 W B St Rainier OR 97048,,,,,Oregon,true,false,"106 W B St, Rainier, OR 97048, USA",RAINIER,COLUMBIA,OREGON,OR,46.0889901,-122.9363922,46.08909149999999,-122.936171,46.0888686,-122.9365418,False,,False
Oregon,Redmond Public Library,827 SW Deschutes Ave Redmond OR 97756,,,,,Oregon,true,false,"827 SW Deschutes Ave, Redmond, OR 97756, USA",REDMOND,DESCHUTES,OREGON,OR,44.274137,-121.176966,44.2744536,-121.1766674,44.2739387,-121.1772299,False,,False
Oregon,Regal Cinemas Movie Theater / M & M Car Wash,16603 SE Division Portland OR 97236,,,,,Oregon,true,false,"16603 SE Division St, Portland, OR 97236, USA",PORTLAND,MULTNOMAH,OREGON,OR,45.5057002,-122.4921173,45.5063141,-122.4916497,45.505314,-122.4925074,False,,False
Oregon,Richland City Hall,89 Main St Richland OR 97870,,,,,Oregon,true,false,"89 Main St, Richland, OR 97870, USA",RICHLAND,BAKER,OREGON,OR,44.7694029,-117.167713,,,,,False,,False
Oregon,Riddle City Hall,647 1st Ave Riddle OR 97469,,,,,Oregon,true,false,"647 1st Ave, Riddle, OR 97469, USA",RIDDLE,DOUGLAS,OREGON,OR,42.9520229,-123.3570191,42.9521542,-123.3569284,42.9518725,-123.3571461,False,,False
Oregon,River Road Park & Recreation Center,1400 Lake Dr Eugene OR 97404,,,,,Oregon,true,false,"1400 Lake Dr, Eugene, OR 97404, USA",EUGENE,LANE,OREGON,OR,44.0842609,-123.138463,44.0844961,-123.1381063,44.08400229999999,-123.1387736,False,,False
Oregon,Rockaway Beach City Hall,276 US-101 Rockaway Beach OR 97136,,,,,Oregon,true,false,"276 US-101, Rockaway Beach, OR 97136, USA",ROCKAWAY BEACH,TILLAMOOK,OREGON,OR,45.6100094,-123.9441762,45.6102499,-123.9440453,45.6098739,-123.9442693,False,,False
Oregon,Rockwood Library,17917 SE Stark St Portland OR 97233,,,,,Oregon,true,false,"17917 SE Stark St, Portland, OR 97233, USA",PORTLAND,MULTNOMAH,OREGON,OR,45.51952259999999,-122.4789874,45.519652,-122.4788038,45.51938699999999,-122.4792769,False,,False
Oregon,Rogue River Library,412 E Main St Rogue River OR 97537,,,,,Oregon,true,false,"412 E Main St, Rogue River, OR 97537, USA",ROGUE RIVER,JACKSON,OREGON,OR,42.4323323,-123.1655847,42.4324596,-123.1653398,42.4321719,-123.1659421,False,,False
Oregon,Roseburg City Library,1409 NE Diamond Lake Blvd Roseburg OR 97471,,,,,Oregon,true,false,"1409 NE Diamond Lake Blvd, Roseburg, OR 97470, USA",ROSEBURG,DOUGLAS,OREGON,OR,43.2126958,-123.3405782,43.2130373,-123.3400385,43.2124529,-123.3412003,False,,False
Oregon,Rufus City Hall,"304 W 2nd Street, Rufus, OR 97050",,,,,Oregon,true,false,"304 2nd St, Rufus, OR 97050, USA",RUFUS,SHERMAN,OREGON,OR,45.6934506,-120.7391582,45.6936757,-120.7388235,45.69318759999999,-120.7394763,False,,False
Oregon,Sandy City Hall,39250 Pioneer Blvd Sandy OR 97055,,,,,Oregon,true,false,"39250 Pioneer Blvd, Sandy, OR 97055, USA",SANDY,CLACKAMAS,OREGON,OR,45.3962271,-122.2588812,45.3963276,-122.2585961,45.3961569,-122.2590125,False,,False
Oregon,Sandy Public Library,38980 Proctor Blvd Sandy OR 97055,,,,,Oregon,true,false,"38980 Proctor Blvd, Sandy, OR 97055, USA",SANDY,CLACKAMAS,OREGON,OR,45.39697959999999,-122.2619356,45.3971937,-122.2616695,45.3967774,-122.2620967,False,,False
Oregon,Scappoose City Hall,33568 E Columbia Ave Scappoose OR 97056,,,,,Oregon,true,false,"Scappoose City Hall, 33568 E Columbia Ave, Scappoose, OR 97056, USA",SCAPPOOSE,COLUMBIA,OREGON,OR,45.7574541,-122.876777,45.7575336,-122.8765574,45.7574107,-122.8770044,False,,False
Oregon,Scio City Hall,38957 NW 1st Ave Scio OR 97374,,,,,Oregon,true,false,"38957 NW 1st Ave, Scio, OR 97374, USA",SCIO,LINN,OREGON,OR,44.7049332,-122.849776,44.7051116,-122.8496782,44.7048068,-122.8498964,False,,False
Oregon,Seaside City Hall,989 Broadway St Seaside OR 97138,,,,,Oregon,true,false,"989 Broadway St, Seaside, OR 97138, USA",SEASIDE,CLATSOP,OREGON,OR,45.9927846,-123.9203936,45.9930153,-123.9201743,45.9926213,-123.9205766,False,,False
Oregon,Sellwood-Moreland Library,7860 SE 13th Ave Portland OR 97202,,,,,Oregon,true,false,"7860 SE 13th Ave, Portland, OR 97202, USA",PORTLAND,MULTNOMAH,OREGON,OR,45.4677028,-122.6526389,,,,,False,,False
Oregon,Sheldon Library,1566 Coburg Rd Eugene OR 97401,,,,,Oregon,true,false,"1566 Coburg Rd, Eugene, OR 97401, USA",EUGENE,LANE,OREGON,OR,44.07933209999999,-123.0693767,,,,,False,,False
Oregon,Sheridan City Hall,120 SW Mill St Sheridan OR 97378,,,,,Oregon,true,false,"120 SW Mill St, Sheridan, OR 97378, USA",SHERIDAN,YAMHILL,OREGON,OR,45.0967162,-123.3958392,45.0967753,-123.3955691,45.0966306,-123.3960569,False,,False
Oregon,Sherman County Courthouse & Clerk's Office,500 Court St Moro OR 97039,,,,,Oregon,true,false,"500 Court St, Moro, OR 97039, USA",MORO,SHERMAN,OREGON,OR,45.4873004,-120.7312764,45.4874278,-120.7311636,45.48722619999999,-120.7315293,False,,False
Oregon,Sherwood City Hall,22560 SW Pine St Sherwood OR 97140,,,,,Oregon,true,false,"22560 SW Pine St, Sherwood, OR 97140, USA",SHERWOOD,WASHINGTON,OREGON,OR,45.3567779,-122.8401462,45.3570246,-122.8397675,45.35638489999999,-122.8404426,False,,False
Oregon,Siletz City Hall,215 W Buford Siletz OR 97380,,,,,Oregon,true,false,"215 W Buford Ave, Siletz, OR 97380, USA",SILETZ,LINCOLN,OREGON,OR,44.7217422,-123.9195649,44.7217867,-123.9194259,44.7216979,-123.9196846,False,,False
Oregon,Silverton Lewis St Parking Lot,Lewis St and S 1st St Silverton OR 97381,,,,,Oregon,true,false,"S 1st St, Silverton, OR 97381, USA",SILVERTON,MARION,OREGON,OR,45.0038319,-122.7806254,45.0056873,-122.7782834,45.0017271,-122.7823286,True,Unexpected address size change,False
Oregon,Sisters City Hall,520 E Cascade Ave Sisters OR 97759,,,,,Oregon,true,false,"520 E Cascade Ave, Sisters, OR 97759, USA",SISTERS,DESCHUTES,OREGON,OR,44.2917366,-121.5441771,44.2918542,-121.5439823,44.2915644,-121.5443625,False,,False
Oregon,Splash! At Lively Park,6100 Thurston Rd Springfield OR 97478,,,,,Oregon,true,false,"6100 Thurston Rd, Springfield, OR 97478, USA",SPRINGFIELD,LANE,OREGON,OR,44.0564343,-122.9203726,44.0565113,-122.9202623,44.0563408,-122.9206005,False,,False
Oregon,Spray Grange Hall,807 Winlock St Spray OR 97874,,,,,Oregon,true,false,"807 Winlock St, Spray, OR 97874, USA",SPRAY,WHEELER,OREGON,OR,44.8353899,-119.791728,44.8354676,-119.7915274,44.8353425,-119.7919299,False,,False
Oregon,Springfield City Hall,550 A St Springfield OR 97477,,,,,Oregon,true,false,"550 A St, Springfield, OR 97477, USA",SPRINGFIELD,LANE,OREGON,OR,44.0473175,-123.0187491,,,,,False,,False
Oregon,St Johns Library,7510 N Charleston Ave Portland OR 97203,,,,,Oregon,true,false,"St. Johns Library, 7510 N Charleston Ave, Portland, OR 97203, USA",PORTLAND,MULTNOMAH,OREGON,OR,45.590031,-122.7510418,45.5901728,-122.7508494,45.58993539999999,-122.7512151,False,,False
Oregon,Stafford Hansell Government Center in Hermiston,915 SE Columbia Dr Hermiston OR 97838,,,,,Oregon,true,false,"915 SE Columbia Dr, Hermiston, OR 97838, USA",HERMISTON,UMATILLA,OREGON,OR,45.8285108,-119.2736176,45.8287108,-119.2734576,45.8282065,-119.2741231,False,,False
Oregon,Stanfield City Hall,160 S Main St Stanfield OR 97875,,,,,Oregon,true,false,"160 S Main St, Stanfield, OR 97875, USA",STANFIELD,UMATILLA,OREGON,OR,45.7800251,-119.2173862,45.7800615,-119.2172753,45.77994959999999,-119.2175175,False,,False
Oregon,Stayton Public Library,515 N First Ave Stayton OR 97383,,,,,Oregon,true,false,"515 N First Ave, Stayton, OR 97383, USA",STAYTON,MARION,OREGON,OR,44.798755,-122.7953376,44.7989827,-122.7951216,44.79851540000001,-122.7955728,False,,False
Oregon,Sublimity City Hall,245 NW Johnson St Sublimity OR 97385,,,,,Oregon,true,false,"245 NW Johnson St, Sublimity, OR 97385, USA",SUBLIMITY,MARION,OREGON,OR,44.8303832,-122.7957993,44.83043199999999,-122.795717,44.8302764,-122.7958952,False,,False
Oregon,Sunnyslope Roth's Fresh Markets,4555 Liberty Rd S Salem OR 97302,,,,,Oregon,true,false,"4555 Liberty Rd S, Salem, OR 97302, USA",SALEM,MARION,OREGON,OR,44.8920474,-123.060575,,,,,False,,False
Oregon,Sunriver Public Library,56855 Venture Ln Sunriver OR 97707,,,,,Oregon,true,false,"56855 Venture Ln, Sunriver, OR 97707, USA",SUNRIVER,DESCHUTES,OREGON,OR,43.86584269999999,-121.4353247,43.8660651,-121.435059,43.8656739,-121.4355089,False,,False
Oregon,Sutherlin City Hall,126 E Central Ave Sutherlin OR 97479,,,,,Oregon,true,false,"126 E Central Ave, Sutherlin, OR 97479, USA",SUTHERLIN,DOUGLAS,OREGON,OR,43.3900396,-123.3120229,43.3902035,-123.3117516,43.3899496,-123.3123568,False,,False
Oregon,Sweet Home City Hall,3225 Main St Sweet Home OR 97386,,,,,Oregon,true,false,"3225 Main St, Sweet Home, OR 97386, USA",SWEET HOME,LINN,OREGON,OR,44.4021797,-122.6999816,,,,,False,,False
Oregon,Sweet Home Police Department,1950 Main St Sweet Home OR 97386,,,,,Oregon,true,false,"1950 Main St, Sweet Home, OR 97386, USA",SWEET HOME,LINN,OREGON,OR,44.3999953,-122.7210708,44.4002086,-122.7208085,44.399809,-122.7213893,False,,False
Oregon,The Confederated Tribes of Grand Ronde,"9615 Grand Ronde Rd, Grand Ronde, OR 97347",,,,,Oregon,true,false,"9615 Grand Ronde Rd, Grand Ronde, OR 97347, USA",GRAND RONDE,POLK,OREGON,OR,45.0734021,-123.6128869,45.0737019,-123.6124572,45.0730058,-123.6133082,False,,False
Oregon,Three Warriors Market,7700 Hwy 3 Warm Springs OR 97761,,,,,Oregon,true,false,"7700 Hwy 3, Warm Springs, OR 97761, USA",WARM SPRINGS,WASCO,OREGON,OR,44.9732134,-121.3508727,44.9732376,-121.3508237,44.9731706,-121.3509256,False,,False
Oregon,Tigard City Hall,13125 SW Hall Blvd Tigard OR 97223,,,,,Oregon,true,false,"13125 SW Hall Blvd, Portland, OR 97223, USA",PORTLAND,WASHINGTON,OREGON,OR,45.4251662,-122.7670533,,,,,False,,False
Oregon,Tillamook City Library Main Branch,1716 3rd St Tillamook OR97141,,,,,Oregon,true,false,"1716 3rd St, Tillamook, OR 97141, USA",TILLAMOOK,TILLAMOOK,OREGON,OR,45.4566251,-123.846324,45.4568778,-123.8461194,45.4564049,-123.8466356,False,,False
Oregon,Tillamook County Courthouse & Clerk's Office,201 Laurel Ave Tillamook OR 97141,,,,,Oregon,true,false,"201 Laurel Ave, Tillamook, OR 97141, USA",TILLAMOOK,TILLAMOOK,OREGON,OR,45.456975,-123.8415756,45.4571615,-123.841358,45.45656820000001,-123.8416906,False,,False
Oregon,Toledo Police Station,250 NE Hwy 20 Toledo OR 97391,,,,,Oregon,true,false,"250 NE Hwy 20, Toledo, OR 97391, USA",TOLEDO,LINCOLN,OREGON,OR,44.62448209999999,-123.9399034,44.6245488,-123.9397943,44.6243631,-123.9400446,False,,False
Oregon,Troutdale Branch Library,2451 SW Cherry Park Rd Troutdale OR 97060,,,,,Oregon,true,false,"2451 SW Cherry Park Rd, Troutdale, OR 97060, USA",TROUTDALE,MULTNOMAH,OREGON,OR,45.5295939,-122.4095948,45.5297202,-122.4094066,45.52941939999999,-122.4098299,False,,False
Oregon,Tualatin City Hall & Council Building,18880 SW Martinazzi Tualatin OR 97062,,,,,Oregon,true,false,"18880 SW Martinazzi Ave, Tualatin, OR 97062, USA",TUALATIN,WASHINGTON,OREGON,OR,45.3843097,-122.7583852,45.3847361,-122.7579086,45.3840715,-122.7587657,False,,False
Oregon,Turner City Hall,5255 Chicago St SE Turner OR 97392,,,,,Oregon,true,false,"5255 Chicago St SE, Turner, OR 97392, USA",TURNER,MARION,OREGON,OR,44.842572,-122.9522678,44.8426554,-122.9520867,44.8425147,-122.9524465,False,,False
Oregon,Umatilla City Hall,700 6th St Umatilla OR 97882,,,,,Oregon,true,false,"700 6th St, Umatilla, OR 97882, USA",UMATILLA,UMATILLA,OREGON,OR,45.9170137,-119.3441239,45.9171393,-119.3437784,45.9168962,-119.3444742,False,,False
Oregon,Umatilla County Courthouse & Clerk's Office,216 SE 4th St Rm 18 Pendleton OR 97801,,,,,Oregon,true,false,"216 SE 4th St # 18, Pendleton, OR 97801, USA",PENDLETON,UMATILLA,OREGON,OR,45.67368630000001,-118.7833562,,,,,False,,False
Oregon,Umpqua Bank,3600 Merlin Rd Grants Pass OR 97526,,,,,Oregon,true,false,"3600 Merlin Rd, Grants Pass, OR 97526, USA",GRANTS PASS,JOSEPHINE,OREGON,OR,42.4966788,-123.3681983,42.4968365,-123.3679581,42.49655569999999,-123.3683959,False,,False
Oregon,Umpqua Community College,1140 Umpqua College Rd Roseburg OR 97470,,,,,Oregon,true,false,"1140 Umpqua College Rd, Roseburg, OR 97470, USA",ROSEBURG,DOUGLAS,OREGON,OR,43.2936567,-123.3366918,43.2936859,-123.3366311,43.2936084,-123.336752,False,,False
Oregon,Union City Hall,342 S Main St Union OR 97883,,,,,Oregon,true,false,"342 S Main St, Union, OR 97883, USA",UNION,UNION,OREGON,OR,45.207377,-117.8657832,45.2074584,-117.865638,45.2073107,-117.8659019,False,,False
Oregon,Union County Clerk's Office,"1001 Fourth Street Suite D La Grande, OR 97850",,,,,Oregon,true,false,,,,,,,,,,,,True,"Missing county from Google [{'address_components': [{'long_name': '97850', 'short_name': '97850', 'types': ['postal_code']}, {'long_name': 'La Grande', 'short_name': 'La Grande', 'types': ['locality', 'political']}, {'long_name': 'Oregon', 'short_name': 'OR', 'types': ['administrative_area_level_1', 'political']}, {'long_name': 'United States', 'short_name': 'US', 'types': ['country', 'political']}], 'formatted_address': 'La Grande, OR 97850, USA', 'geometry': {'bounds': {'northeast': {'lat': 45.5345911, 'lng': -117.8625841}, 'southwest': {'lat': 45.120205, 'lng': -118.613889}}, 'location': {'lat': 45.3598917, 'lng': -118.1761862}, 'location_type': 'APPROXIMATE', 'viewport': {'northeast': {'lat': 45.5345911, 'lng': -117.8625841}, 'southwest': {'lat': 45.120205, 'lng': -118.613889}}}, 'partial_match': True, 'place_id': 'ChIJ_fBbSNFlo1QRBxvVmSGf8uk', 'postcode_localities': ['Camp Elkanah', 'Hilgard', 'Hot Lake', 'Island City', 'La Grande', 'Perry', 'Starkey'], 'types': ['postal_code']}, {'address_components': [{'long_name': 'La Grande', 'short_name': 'La Grande', 'types': ['locality', 'political']}, {'long_name': 'Union County', 'short_name': 'Union County', 'types': ['administrative_area_level_2', 'political']}, {'long_name': 'Oregon', 'short_name': 'OR', 'types': ['administrative_area_level_1', 'political']}, {'long_name': 'United States', 'short_name': 'US', 'types': ['country', 'political']}, {'long_name': '97850', 'short_name': '97850', 'types': ['postal_code']}], 'formatted_address': 'La Grande, OR 97850, USA', 'geometry': {'bounds': {'northeast': {'lat': 45.3460169, 'lng': -118.0530759}, 'southwest': {'lat': 45.3022679, 'lng': -118.1166949}}, 'location': {'lat': 45.3245771, 'lng': -118.0877188}, 'location_type': 'APPROXIMATE', 'viewport': {'northeast': {'lat': 45.3460169, 'lng': -118.0530759}, 'southwest': {'lat': 45.3022679, 'lng': -118.1166949}}}, 'partial_match': True, 'place_id': 'ChIJm9pvTE5jo1QRjiu3cNe7Rhk', 'types': ['locality', 'political']}]",False
Oregon,University of Oregon - Erb Memorial Union,1222 E 13th Ave Eugene OR 97403,,,,,Oregon,true,false,"1222 E 13th Ave, Eugene, OR 97403, USA",EUGENE,LANE,OREGON,OR,44.0440452,-123.0735918,,,,,False,,False
Oregon,Veneta City Hall,88184 8th St Veneta OR 97487,,,,,Oregon,true,false,"88184 8th St, Veneta, OR 97487, USA",VENETA,LANE,OREGON,OR,44.05129729999999,-123.3607749,44.0514508,-123.360605,44.0511723,-123.3609871,False,,False
Oregon,Vernonia Public Library,701 Weed Ave Vernonia OR 97064,,,,,Oregon,true,false,"701 Weed Ave, Vernonia, OR 97064, USA",VERNONIA,COLUMBIA,OREGON,OR,45.8563444,-123.1969145,,,,,False,,False
Oregon,Vista Roth's Fresh Markets,3045 Commercial St SE Salem OR 97302,,,,,Oregon,true,false,"3045 Commercial St SE, Salem, OR 97302, USA",SALEM,MARION,OREGON,OR,44.91071849999999,-123.0456438,44.9109457,-123.0452226,44.9104569,-123.0459905,False,,False
Oregon,WaFd Bank,290 Union Ave Grants Pass OR 97526,,,,,Oregon,true,false,"290 Union Ave, Grants Pass, OR 97527, USA",GRANTS PASS,JOSEPHINE,OREGON,OR,42.422778,-123.334815,42.4228648,-123.3346659,42.4226768,-123.3349622,False,,False
Oregon,Waldport City Hall,"355 NW Alder St, Waldport, OR 97394",,,,,Oregon,true,false,"355 NW Alder St, Waldport, OR 97394, USA",WALDPORT,LINCOLN,OREGON,OR,44.4279387,-124.0627269,44.4280239,-124.0626173,44.4278434,-124.0628546,False,,False
Oregon,Walker Range FPA,135393 Highway 97 Crescent OR 97733,,,,,Oregon,true,false,"135393 US-97, Crescent, OR 97733, USA",CRESCENT,KLAMATH,OREGON,OR,43.4509479,-121.7037599,43.4510618,-121.7036156,43.4508425,-121.7039088,False,,False
Oregon,Wallowa City Hall,211 E 2nd St Wallowa,,,,,Oregon,true,false,,,,,,,,,,,,True,"Unexpected state from google in ../data/democracy_works/2022/original/vip_PollingLocation_41_2022-05-17.csv line 283: expected None, but got OR from address Wallowa, OR 97885, USA",False
Oregon,Wallowa County Courthouse & Clerk's Office,101 S River St Enterprise OR 97828,,,,,Oregon,true,false,"101 S River St, Enterprise, OR 97828, USA",ENTERPRISE,WALLOWA,OREGON,OR,45.4250593,-117.2768826,45.4251827,-117.2767366,45.42494749999999,-117.2771377,False,,False
Oregon,Walmart,4550 W 11th Ave Eugene OR 97402,,,,,Oregon,true,false,"4550 W 11th Ave, Eugene, OR 97402, USA",EUGENE,LANE,OREGON,OR,44.0460165,-123.1693322,44.0464538,-123.1679694,44.045314,-123.1705135,False,,False
Oregon,Warm Springs,2112 Wasco St Warm Springs OR 97761,,,,,Oregon,true,false,"2112 Wasco St, Madras, OR 97741, USA",MADRAS,JEFFERSON,OREGON,OR,44.7649236,-121.2744257,,,,,False,,False
Oregon,Warrenton City Hall,225 S Main Ave Warrenton OR 97146,,,,,Oregon,true,false,"225 S Main Ave, Warrenton, OR 97146, USA",WARRENTON,CLATSOP,OREGON,OR,46.16366259999999,-123.9258397,46.1639305,-123.9254622,46.16335979999999,-123.9262658,False,,False
Oregon,Wasco City Hall,1017 Clark St Wasco OR 97065,,,,,Oregon,true,false,"1017 Clark St, Wasco, OR 97065, USA",WASCO,SHERMAN,OREGON,OR,45.5911819,-120.6975264,,,,,False,,False
Oregon,Wasco County Courthouse & Clerk's Office,511 Washington St #201 The Dalles OR 97058,,,,,Oregon,true,false,"511 Washington St #201, The Dalles, OR 97058, USA",THE DALLES,WASCO,OREGON,OR,45.5997999,-121.1839576,,,,,False,,False
Oregon,Washington County Elections Office,"2925 NE Aloclek Dr Hillsboro, OR 97124",,,,,Oregon,true,false,"2925 NE Aloclek Dr, Hillsboro, OR 97124, USA",HILLSBORO,WASHINGTON,OREGON,OR,45.541383,-122.8947337,45.5425329,-122.8937666,45.5411049,-122.8948207,False,,False
Oregon,Washington County Service Center East,3700 SW Murray Blvd Beaverton OR 97005,,,,,Oregon,true,false,"3700 SW Murray Blvd, Beaverton, OR 97005, USA",BEAVERTON,WASHINGTON,OREGON,OR,45.49338059999999,-122.8255057,45.49376729999999,-122.8252977,45.4929391,-122.8257042,False,,False
Oregon,Washington County Sheriff's Office & Jail Parking Lot,"236 SW Dennis Ave Hillsboro, OR 97124",,,,,Oregon,true,false,"236 SW Dennis Ave, Hillsboro, OR 97123, USA",HILLSBORO,WASHINGTON,OREGON,OR,45.5208235,-122.9932633,,,,,False,,False
Oregon,Wells Fargo Bank - Timberhill Shopping Center,2543 NW Kings Blvd Corvallis OR 97330,,,,,Oregon,true,false,"2543 NW Kings Blvd, Corvallis, OR 97330, USA",CORVALLIS,BENTON,OREGON,OR,44.5920656,-123.2749251,44.5921678,-123.2748213,44.591958,-123.2750166,False,,False
Oregon,West Linn City Hall,22500 Salamo Rd West Linn OR 97068,,,,,Oregon,true,false,"22500 Salamo Rd, West Linn, OR 97068, USA",WEST LINN,CLACKAMAS,OREGON,OR,45.3625549,-122.6474145,45.3627538,-122.6472891,45.3623779,-122.6477186,False,,False
Oregon,West Linn Public Library,1595 Burns St West Linn OR 97068,,,,,Oregon,true,false,"1595 Burns St, West Linn, OR 97068, USA",WEST LINN,CLACKAMAS,OREGON,OR,45.36763089999999,-122.6141418,45.367812,-122.6138546,45.36741,-122.6145965,False,,False
Oregon,West Roseburg Bi-Mart,"1381 NW Garden Valley Blvd, Roseburg, OR 97471",,,,,Oregon,true,false,"1381 NW Garden Valley Blvd, Roseburg, OR 97471, USA",ROSEBURG,DOUGLAS,OREGON,OR,43.23248479999999,-123.3748574,43.232766,-123.3745601,43.232131,-123.3754,False,,False
Oregon,West Salem Roth's Fresh Market,1130 Wallace Rd NW Salem OR 97304,,,,,Oregon,true,false,"1130 Wallace Rd NW, Salem, OR 97304, USA",SALEM,POLK,OREGON,OR,44.9506924,-123.0497732,44.9510567,-123.0493682,44.95040900000001,-123.0500306,False,,False
Oregon,West Slope Community Library,3678 SW 78th Ave Portland OR 97225,,,,,Oregon,true,false,"3678 SW 78th Ave, Portland, OR 97225, USA",PORTLAND,WASHINGTON,OREGON,OR,45.4934235,-122.7572158,45.493486,-122.7570448,45.4931758,-122.7573483,False,,False
Oregon,"Western Oregon University, Werner University Center",345 N Monmouth Ave Monmouth OR 97361,,,,,Oregon,true,false,"345 S Monmouth Ave, Monmouth, OR 97361, USA",MONMOUTH,POLK,OREGON,OR,44.8459705,-123.2369206,,,,,False,,False
Oregon,Westlake Park in Lake Oswego,14165 Bunick Dr Lake Oswego OR 97035,,,,,Oregon,true,false,"14165 Bunick Dr, Lake Oswego, OR 97035, USA",LAKE OSWEGO,CLACKAMAS,OREGON,OR,45.42511160000001,-122.7271496,45.4260423,-122.724544,45.423796,-122.7287638,False,,False
Oregon,Westside Commons,801 NE 34th Ave Hillsboro 97124,,,,,Oregon,true,false,,,,,,,,,,,,True,"Unexpected state from google in ../data/democracy_works/2022/original/vip_PollingLocation_41_2022-05-17.csv line 301: expected ro, but got OR from address 801 NE 34th Ave, Hillsboro, OR 97124, USA",False
Oregon,Wheeler County Courthouse & Clerk's Office,701 Adams St Ste 204 Fossil OR 97830,,,,,Oregon,true,false,"701 Adams St # 204, Fossil, OR 97830, USA",FOSSIL,WHEELER,OREGON,OR,44.9982867,-120.2170808,,,,,False,,False
Oregon,Willamina City Hall,411 NE C St Willamina OR 97396,,,,,Oregon,true,false,"411 NE C St, Willamina, OR 97396, USA",WILLAMINA,YAMHILL,OREGON,OR,45.0798117,-123.4852803,45.0798843,-123.4852229,45.0797169,-123.4854055,False,,False
Oregon,Wilsonville City Hall,"29799 Town Center Loop E Wilsonville, OR 97070",,,,,Oregon,true,false,"29799 Town Center Loop E, Wilsonville, OR 97070, USA",WILSONVILLE,CLACKAMAS,OREGON,OR,45.30475819999999,-122.7599938,45.30497620000001,-122.7597578,45.3043784,-122.7602438,False,,False
Oregon,Winston City Hall,201 NW Douglas Blvd Winston OR 97496,,,,,Oregon,true,false,"201 NW Douglas Blvd, Winston, OR 97496, USA",WINSTON,DOUGLAS,OREGON,OR,43.1217057,-123.4160103,43.1218499,-123.4158047,43.1216209,-123.4161816,False,,False
Oregon,Woodburn Public Library,280 Garfield St Woodburn OR 97071,,,,,Oregon,true,false,"280 Garfield St, Woodburn, OR 97071, USA",WOODBURN,MARION,OREGON,OR,45.1428334,-122.8584289,45.1430857,-122.8581146,45.1425049,-122.8588988,False,,False
Oregon,Woodstock Library,6008 SE 49th Ave Portland OR 97206,,,,,Oregon,true,false,"Woodstock Library, 6008 SE 49th Ave, Portland, OR 97206, USA",PORTLAND,MULTNOMAH,OREGON,OR,45.4789574,-122.6120503,45.4790596,-122.6118982,45.4788325,-122.6122832,False,,False
Oregon,Yachats City Hall,276 W 6th St Yachats OR 97498,,,,,Oregon,true,false,"W 6th St, Yachats, OR 97498, USA",YACHATS,LINCOLN,OREGON,OR,44.313748,-124.1053823,44.3138499,-124.1047295,44.3136611,-124.1059576,True,Invalid final address,False
Oregon,Yamhill City Hall,205 S Maple St Yamhill OR 97148,,,,,Oregon,true,false,"205 S Maple St, Yamhill, OR 97148, USA",YAMHILL,YAMHILL,OREGON,OR,45.3406288,-123.1876817,,,,,False,,False
Oregon,Yamhill County Clerk's Office,414 NE Evans St McMinnville OR 97128,,,,,Oregon,true,false,"414 NE Evans St, McMinnville, OR 97128, USA",MCMINNVILLE,YAMHILL,OREGON,OR,45.2109348,-123.1941659,45.2110224,-123.1940564,45.2108577,-123.1943237,False,,False
Oregon,Yamhill County Courthouse,535 NE 5th St McMinnville OR 97128,,,,,Oregon,true,false,"Yamhill County Courthouse, 535 NE 5th St, McMinnville, OR 97128, USA",MCMINNVILLE,YAMHILL,OREGON,OR,45.2118625,-123.1934594,45.2121352,-123.1924378,45.21154139999999,-123.1942872,False,,False
Oregon,Yoncalla City Hall,2640 Eagle Valley Rd Yoncalla OR 97499,,,,,Oregon,true,false,"2640 Eagle Valley Rd, Yoncalla, OR 97499, USA",YONCALLA,DOUGLAS,OREGON,OR,43.5991273,-123.2825353,43.5992659,-123.2824225,43.5990061,-123.2826188,False,,False
