Locality,Location Name,Address Full,Address Line,Address City,Address State,Address Zip,Precincts (Or Locality-wide),Is Drop Off,Is Early Voting,Schedules,Precinct FIPS,Locality FIPS,Google Address,City,County,State Long,State,Latitude,Longitude,NE Latitude,NE Longitude,SW Latitude,SW Longitude,Review Required,Problem,Duplicate
aurora,Aurora County Courthouse,401 N Main St Plankinton SD 57368,401 N Main St,Plankinton,SD,57368,Locality wide location,false,true,"From: 2022-09-23, To: 2022-09-23, Times: 08:00:00 - 12:00:00; From: 2022-09-23, To: 2022-09-23, Times: 12:30:00 - 16:30:00; From: 2022-09-26, To: 2022-09-30, Times: 08:00:00 - 12:00:00; From: 2022-09-26, To: 2022-09-30, Times: 12:30:00 - 16:30:00; From: 2022-10-03, To: 2022-10-07, Times: 08:00:00 - 12:00:00; From: 2022-10-03, To: 2022-10-07, Times: 12:30:00 - 16:30:00; From: 2022-10-11, To: 2022-10-14, Times: 08:00:00 - 12:00:00; From: 2022-10-11, To: 2022-10-14, Times: 12:30:00 - 16:30:00; From: 2022-10-17, To: 2022-10-21, Times: 08:00:00 - 12:00:00; From: 2022-10-17, To: 2022-10-21, Times: 12:30:00 - 16:30:00; From: 2022-10-24, To: 2022-10-28, Times: 08:00:00 - 12:00:00; From: 2022-10-24, To: 2022-10-28, Times: 12:30:00 - 16:30:00; From: 2022-10-31, To: 2022-11-04, Times: 08:00:00 - 12:00:00; From: 2022-10-31, To: 2022-11-04, Times: 12:30:00 - 16:30:00; From: 2022-11-07, To: 2022-11-07, Times: 08:00:00 - 12:00:00; From: 2022-11-07, To: 2022-11-07, Times: 12:30:00 - 16:30:00",,46003,"401 N Main St, Plankinton, SD 57368, USA",PLANKINTON,AURORA,SOUTH DAKOTA,SD,43.7176477,-98.4856614,43.7177485,-98.4855402,43.7175056,-98.4857777,False,,False
beadle,Beadle County Courthouse,450 3rd St SW Huron SD 57350,450 3rd St SW,Huron,SD,57350,Locality wide location,false,true,"From: 2022-09-23, To: 2022-09-23, Times: 08:00:00 - 17:00:00; From: 2022-09-26, To: 2022-09-30, Times: 08:00:00 - 17:00:00; From: 2022-10-03, To: 2022-10-07, Times: 08:00:00 - 17:00:00; From: 2022-10-11, To: 2022-10-14, Times: 08:00:00 - 17:00:00; From: 2022-10-17, To: 2022-10-21, Times: 08:00:00 - 17:00:00; From: 2022-10-24, To: 2022-10-28, Times: 08:00:00 - 17:00:00; From: 2022-10-31, To: 2022-11-04, Times: 08:00:00 - 17:00:00; From: 2022-11-07, To: 2022-11-07, Times: 08:00:00 - 17:00:00",,46005,"450 3rd St SW, Huron, SD 57350, USA",HURON,BEADLE,SOUTH DAKOTA,SD,44.3627033,-98.2215969,44.3628511,-98.2213886,44.3625955,-98.2218075,False,,False
bennett,Bennett County Courthouse,202 Main St Martin SD 57551,202 Main St,Martin,SD,57551,Locality wide location,false,true,"From: 2022-09-23, To: 2022-09-23, Times: 07:30:00 - 16:30:00; From: 2022-09-26, To: 2022-09-30, Times: 07:30:00 - 16:30:00; From: 2022-10-03, To: 2022-10-07, Times: 07:30:00 - 16:30:00; From: 2022-10-11, To: 2022-10-14, Times: 07:30:00 - 16:30:00; From: 2022-10-17, To: 2022-10-21, Times: 07:30:00 - 16:30:00; From: 2022-10-24, To: 2022-10-28, Times: 07:30:00 - 16:30:00; From: 2022-10-31, To: 2022-11-04, Times: 07:30:00 - 16:30:00; From: 2022-11-07, To: 2022-11-07, Times: 07:30:00 - 16:30:00",,46007,"202 Main St, Martin, SD 57551, USA",MARTIN,BENNETT,SOUTH DAKOTA,SD,43.1752458,-101.7335196,,,,,False,,False
bon_homme,Bon Homme County Courthouse,300 W 18th Ave Tyndall SD 57066,300 W 18th Ave,Tyndall,SD,57066,Locality wide location,false,true,"From: 2022-09-23, To: 2022-09-23, Times: 08:00:00 - 16:30:00; From: 2022-09-26, To: 2022-09-30, Times: 08:00:00 - 16:30:00; From: 2022-10-03, To: 2022-10-07, Times: 08:00:00 - 16:30:00; From: 2022-10-11, To: 2022-10-14, Times: 08:00:00 - 16:30:00; From: 2022-10-17, To: 2022-10-21, Times: 08:00:00 - 16:30:00; From: 2022-10-24, To: 2022-10-28, Times: 08:00:00 - 16:30:00; From: 2022-10-31, To: 2022-11-04, Times: 08:00:00 - 16:30:00; From: 2022-11-07, To: 2022-11-07, Times: 08:00:00 - 16:30:00",4664860,,"300 W Cherry St, Tyndall, SD 57066, USA",TYNDALL,BON HOMME,SOUTH DAKOTA,SD,42.9938644,-97.8661655,42.9939519,-97.8659725,42.9937865,-97.8663063,False,,False
brookings,City & County Government Center,520 3rd St Brookings SD 57006,520 3rd St,Brookings,SD,57006,Locality wide location,false,true,"From: 2022-09-23, To: 2022-09-23, Times: 08:00:00 - 17:00:00; From: 2022-09-26, To: 2022-09-30, Times: 08:00:00 - 17:00:00; From: 2022-10-03, To: 2022-10-07, Times: 08:00:00 - 17:00:00; From: 2022-10-11, To: 2022-10-14, Times: 08:00:00 - 17:00:00; From: 2022-10-17, To: 2022-10-21, Times: 08:00:00 - 17:00:00; From: 2022-10-24, To: 2022-10-28, Times: 08:00:00 - 17:00:00; From: 2022-10-31, To: 2022-11-04, Times: 08:00:00 - 17:00:00; From: 2022-11-07, To: 2022-11-07, Times: 08:00:00 - 17:00:00",,46011,"520 3rd St, Brookings, SD 57006, USA",BROOKINGS,BROOKINGS,SOUTH DAKOTA,SD,44.3075503,-96.7958343,44.3077486,-96.7955401,44.3073858,-96.7961381,False,,False
brown,Brown County Courthouse,25 Market St Aberdeen SD 57401,25 Market St,Aberdeen,SD,57401,Locality wide location,false,true,"From: 2022-09-23, To: 2022-09-23, Times: 08:00:00 - 17:00:00; From: 2022-09-26, To: 2022-09-30, Times: 08:00:00 - 17:00:00; From: 2022-10-03, To: 2022-10-07, Times: 08:00:00 - 17:00:00; From: 2022-10-11, To: 2022-10-14, Times: 08:00:00 - 17:00:00; From: 2022-10-17, To: 2022-10-21, Times: 08:00:00 - 17:00:00; From: 2022-10-24, To: 2022-10-28, Times: 08:00:00 - 17:00:00; From: 2022-10-31, To: 2022-11-04, Times: 08:00:00 - 17:00:00; From: 2022-11-07, To: 2022-11-07, Times: 08:00:00 - 17:00:00",,46013,"Brown County Courthouse (South Dakota), 25 Market St, Aberdeen, SD 57401, USA",ABERDEEN,BROWN,SOUTH DAKOTA,SD,45.46466239999999,-98.48686479999999,45.4649218,-98.48613619999999,45.4642227,-98.4870852,False,,False
brule,Brule County Courthouse,300 S Courtland Chamberlain SD 57325-1599,300 S Courtland,Chamberlain,SD,57325-1599,Locality wide location,false,true,"From: 2022-09-23, To: 2022-09-23, Times: 08:00:00 - 17:00:00; From: 2022-09-26, To: 2022-09-30, Times: 08:00:00 - 17:00:00; From: 2022-10-03, To: 2022-10-07, Times: 08:00:00 - 17:00:00; From: 2022-10-11, To: 2022-10-14, Times: 08:00:00 - 17:00:00; From: 2022-10-17, To: 2022-10-21, Times: 08:00:00 - 17:00:00; From: 2022-10-24, To: 2022-10-28, Times: 08:00:00 - 17:00:00; From: 2022-10-31, To: 2022-11-03, Times: 08:00:00 - 17:00:00; From: 2022-11-07, To: 2022-11-07, Times: 08:00:00 - 17:00:00",,46015,"300 S Courtland St, Chamberlain, SD 57325, USA",CHAMBERLAIN,BRULE,SOUTH DAKOTA,SD,43.8085718,-99.3337124,43.8088165,-99.3334656,43.8083319,-99.33395139999999,False,,False
buffalo,Buffalo County Courthouse,112 Osman Ave Gann Valley SD 57341,112 Osman Ave,Gann Valley,SD,57341,Locality wide location,false,true,"From: 2022-09-23, To: 2022-09-23, Times: 08:00:00 - 16:00:00; From: 2022-09-26, To: 2022-09-30, Times: 08:00:00 - 16:00:00; From: 2022-10-03, To: 2022-10-07, Times: 08:00:00 - 16:00:00; From: 2022-10-11, To: 2022-10-14, Times: 08:00:00 - 16:00:00; From: 2022-10-17, To: 2022-10-21, Times: 08:00:00 - 16:00:00; From: 2022-10-24, To: 2022-10-28, Times: 08:00:00 - 16:00:00; From: 2022-10-31, To: 2022-11-03, Times: 08:00:00 - 16:00:00; From: 2022-11-07, To: 2022-11-07, Times: 08:00:00 - 16:00:00",,46017,"112 Osman Ave, Gann Valley, SD 57341, USA",GANN VALLEY,BUFFALO,SOUTH DAKOTA,SD,44.0325386,-98.986953,44.0326278,-98.98683369999999,44.0324074,-98.98711899999999,False,,False
butte,Butte County Auditor's Office,117 5th Ave Belle Fourche SD 57717,117 5th Ave,Belle Fourche,SD,57717,Locality wide location,false,true,"From: 2022-09-23, To: 2022-09-23, Times: 08:00:00 - 17:00:00; From: 2022-09-26, To: 2022-09-30, Times: 08:00:00 - 17:00:00; From: 2022-10-03, To: 2022-10-07, Times: 08:00:00 - 17:00:00; From: 2022-10-11, To: 2022-10-14, Times: 08:00:00 - 17:00:00; From: 2022-10-17, To: 2022-10-21, Times: 08:00:00 - 17:00:00; From: 2022-10-24, To: 2022-10-28, Times: 08:00:00 - 17:00:00; From: 2022-10-31, To: 2022-11-03, Times: 08:00:00 - 17:00:00; From: 2022-11-07, To: 2022-11-07, Times: 08:00:00 - 17:00:00",,46019,"117 5th Ave, Belle Fourche, SD 57717, USA",BELLE FOURCHE,BUTTE,SOUTH DAKOTA,SD,44.6774219,-103.8530378,44.6775285,-103.8528713,44.677317,-103.8531947,False,,False
campbell,Campbell County Auditor's Office,111 2nd St NW Mound City SD 57646,111 2nd St NW,Mound City,SD,57646,Locality wide location,false,true,"From: 2022-09-23, To: 2022-09-23, Times: 08:00:00 - 12:00:00; From: 2022-09-23, To: 2022-09-23, Times: 12:30:00 - 16:30:00; From: 2022-09-26, To: 2022-09-30, Times: 08:00:00 - 12:00:00; From: 2022-09-26, To: 2022-09-30, Times: 12:30:00 - 16:30:00; From: 2022-10-03, To: 2022-10-07, Times: 08:00:00 - 12:00:00; From: 2022-10-03, To: 2022-10-07, Times: 12:30:00 - 16:30:00; From: 2022-10-11, To: 2022-10-14, Times: 08:00:00 - 12:00:00; From: 2022-10-11, To: 2022-10-14, Times: 12:30:00 - 16:30:00; From: 2022-10-17, To: 2022-10-21, Times: 08:00:00 - 12:00:00; From: 2022-10-17, To: 2022-10-21, Times: 12:30:00 - 16:30:00; From: 2022-10-24, To: 2022-10-28, Times: 08:00:00 - 12:00:00; From: 2022-10-24, To: 2022-10-28, Times: 12:30:00 - 16:30:00; From: 2022-10-31, To: 2022-11-03, Times: 08:00:00 - 12:00:00; From: 2022-10-31, To: 2022-11-03, Times: 12:30:00 - 16:30:00; From: 2022-11-07, To: 2022-11-07, Times: 08:00:00 - 12:00:00; From: 2022-11-07, To: 2022-11-07, Times: 12:30:00 - 16:30:00",,46021,"111 2nd St NW, Mound City, SD 57646, USA",MOUND CITY,CAMPBELL,SOUTH DAKOTA,SD,45.726101,-100.0713648,45.7261758,-100.071308,45.7260565,-100.0714497,False,,False
charles_mix,Charles Mix County Courthouse,400 Main St Lake Andes SD 57356,400 Main St,Lake Andes,SD,57356,Locality wide location,false,true,"From: 2022-09-23, To: 2022-09-23, Times: 08:00:00 - 16:00:00; From: 2022-09-26, To: 2022-09-30, Times: 08:00:00 - 16:00:00; From: 2022-10-03, To: 2022-10-07, Times: 08:00:00 - 16:00:00; From: 2022-10-11, To: 2022-10-14, Times: 08:00:00 - 16:00:00; From: 2022-10-17, To: 2022-10-21, Times: 08:00:00 - 16:00:00; From: 2022-10-24, To: 2022-10-28, Times: 08:00:00 - 16:00:00; From: 2022-10-31, To: 2022-11-03, Times: 08:00:00 - 16:00:00; From: 2022-11-07, To: 2022-11-07, Times: 08:00:00 - 16:00:00",,,"400 Main St, Lake Andes, SD 57356, USA",LAKE ANDES,CHARLES MIX,SOUTH DAKOTA,SD,43.1563206,-98.54007910000001,,,,,False,,False
clark,Clark County Courthouse,200 N Commercial St Clark SD 57225,200 N Commercial St,Clark,SD,57225,Locality wide location,false,true,"From: 2022-09-23, To: 2022-09-23, Times: 07:30:00 - 12:00:00; From: 2022-09-23, To: 2022-09-23, Times: 12:30:00 - 17:00:00; From: 2022-09-26, To: 2022-09-29, Times: 07:30:00 - 17:00:00; From: 2022-09-30, To: 2022-09-30, Times: 07:30:00 - 12:00:00; From: 2022-09-30, To: 2022-09-30, Times: 12:30:00 - 17:00:00; From: 2022-10-03, To: 2022-10-06, Times: 07:30:00 - 17:00:00; From: 2022-10-07, To: 2022-10-07, Times: 07:30:00 - 12:00:00; From: 2022-10-07, To: 2022-10-07, Times: 12:30:00 - 17:00:00; From: 2022-10-11, To: 2022-10-13, Times: 07:30:00 - 17:00:00; From: 2022-10-14, To: 2022-10-14, Times: 07:30:00 - 12:00:00; From: 2022-10-14, To: 2022-10-14, Times: 12:30:00 - 17:00:00; From: 2022-10-24, To: 2022-10-27, Times: 07:30:00 - 17:00:00; From: 2022-10-28, To: 2022-10-28, Times: 07:30:00 - 12:00:00; From: 2022-10-28, To: 2022-10-28, Times: 12:30:00 - 17:00:00; From: 2022-10-31, To: 2022-11-03, Times: 07:30:00 - 17:00:00; From: 2022-11-04, To: 2022-11-04, Times: 07:30:00 - 12:00:00; From: 2022-11-04, To: 2022-11-04, Times: 12:30:00 - 17:00:00; From: 2022-11-07, To: 2022-11-07, Times: 07:30:00 - 17:00:00",,46025,"200 N Commercial St, Clark, SD 57225, USA",CLARK,CLARK,SOUTH DAKOTA,SD,44.8792724,-97.73380329999999,44.8794043,-97.7336698,44.87914929999999,-97.7339848,False,,False
clay,Clay County Auditor's Office,211 W Main St Vermillion SD 57069,211 W Main St,Vermillion,SD,57069,Locality wide location,false,true,"From: 2022-09-23, To: 2022-09-23, Times: 08:00:00 - 17:00:00; From: 2022-09-26, To: 2022-09-30, Times: 08:00:00 - 17:00:00; From: 2022-10-03, To: 2022-10-07, Times: 08:00:00 - 17:00:00; From: 2022-10-11, To: 2022-10-14, Times: 08:00:00 - 17:00:00; From: 2022-10-17, To: 2022-10-21, Times: 08:00:00 - 17:00:00; From: 2022-10-24, To: 2022-10-28, Times: 08:00:00 - 17:00:00; From: 2022-10-31, To: 2022-11-03, Times: 08:00:00 - 17:00:00; From: 2022-11-07, To: 2022-11-07, Times: 08:00:00 - 17:00:00",,46027,"211 W Main St, Vermillion, SD 57069, USA",VERMILLION,CLAY,SOUTH DAKOTA,SD,42.7798462,-96.9357998,42.7799623,-96.9355582,42.7797587,-96.9360302,False,,False
codington,Codington County Courthouse,14 1st Ave SE Watertown SD 57201-3611,14 1st Ave SE,Watertown,SD,57201-3611,Locality wide location,false,true,"From: 2022-09-23, To: 2022-09-23, Times: 08:00:00 - 17:00:00; From: 2022-09-26, To: 2022-09-30, Times: 08:00:00 - 17:00:00; From: 2022-10-03, To: 2022-10-07, Times: 08:00:00 - 17:00:00; From: 2022-10-11, To: 2022-10-14, Times: 08:00:00 - 17:00:00; From: 2022-10-17, To: 2022-10-21, Times: 08:00:00 - 17:00:00; From: 2022-10-24, To: 2022-10-28, Times: 08:00:00 - 17:00:00; From: 2022-10-31, To: 2022-11-03, Times: 08:00:00 - 17:00:00; From: 2022-11-07, To: 2022-11-07, Times: 08:00:00 - 17:00:00",,46029,"14 1st Ave SE, Watertown, SD 57201, USA",WATERTOWN,CODINGTON,SOUTH DAKOTA,SD,44.8986265,-97.11440069999999,,,,,False,,False
corson,Corson County Courthouse,1st Ave E McIntosh SD 57641,1st Ave E,McIntosh,SD,57641,Locality wide location,false,true,"From: 2022-09-23, To: 2022-09-23, Times: 08:00:00 - 12:00:00; From: 2022-09-23, To: 2022-09-23, Times: 13:00:00 - 17:00:00; From: 2022-09-26, To: 2022-09-30, Times: 08:00:00 - 12:00:00; From: 2022-09-26, To: 2022-09-30, Times: 13:00:00 - 17:00:00; From: 2022-10-03, To: 2022-10-07, Times: 08:00:00 - 12:00:00; From: 2022-10-03, To: 2022-10-07, Times: 13:00:00 - 17:00:00; From: 2022-10-11, To: 2022-10-14, Times: 08:00:00 - 12:00:00; From: 2022-10-11, To: 2022-10-14, Times: 13:00:00 - 17:00:00; From: 2022-10-17, To: 2022-10-21, Times: 08:00:00 - 12:00:00; From: 2022-10-17, To: 2022-10-21, Times: 13:00:00 - 17:00:00; From: 2022-10-24, To: 2022-10-28, Times: 08:00:00 - 12:00:00; From: 2022-10-24, To: 2022-10-28, Times: 13:00:00 - 17:00:00; From: 2022-10-31, To: 2022-11-03, Times: 08:00:00 - 12:00:00; From: 2022-10-31, To: 2022-11-03, Times: 13:00:00 - 17:00:00; From: 2022-11-07, To: 2022-11-07, Times: 08:00:00 - 12:00:00; From: 2022-11-07, To: 2022-11-07, Times: 13:00:00 - 17:00:00",,46031,"1st Ave E, McIntosh, SD 57641, USA",MCINTOSH,CORSON,SOUTH DAKOTA,SD,45.9226263,-101.348635,45.92609909999999,-101.3467246,45.91933450000001,-101.350063,True,Invalid final address,False
custer,Custer County Courthouse,420 Mt Rushmore Rd Custer SD 57730,420 Mt Rushmore Rd,Custer,SD,57730,Locality wide location,false,true,"From: 2022-09-23, To: 2022-09-23, Times: 08:00:00 - 17:00:00; From: 2022-09-26, To: 2022-09-30, Times: 08:00:00 - 17:00:00; From: 2022-10-03, To: 2022-10-07, Times: 08:00:00 - 17:00:00; From: 2022-10-11, To: 2022-10-14, Times: 08:00:00 - 17:00:00; From: 2022-10-17, To: 2022-10-21, Times: 08:00:00 - 17:00:00; From: 2022-10-24, To: 2022-10-28, Times: 08:00:00 - 17:00:00; From: 2022-10-31, To: 2022-11-03, Times: 08:00:00 - 17:00:00; From: 2022-11-07, To: 2022-11-07, Times: 08:00:00 - 17:00:00",,46033,"420 Mt Rushmore Rd, Custer, SD 57730, USA",CUSTER,CUSTER,SOUTH DAKOTA,SD,43.7654815,-103.6009984,,,,,False,,False
davison,Davison County Courthouse,200 E 4th Ave Mitchell SD 57301,200 E 4th Ave,Mitchell,SD,57301,Locality wide location,false,true,"From: 2022-09-23, To: 2022-09-23, Times: 08:00:00 - 17:00:00; From: 2022-09-26, To: 2022-09-30, Times: 08:00:00 - 17:00:00; From: 2022-10-03, To: 2022-10-07, Times: 08:00:00 - 17:00:00; From: 2022-10-11, To: 2022-10-14, Times: 08:00:00 - 17:00:00; From: 2022-10-17, To: 2022-10-21, Times: 08:00:00 - 17:00:00; From: 2022-10-24, To: 2022-10-28, Times: 08:00:00 - 17:00:00; From: 2022-10-31, To: 2022-11-03, Times: 08:00:00 - 17:00:00; From: 2022-11-07, To: 2022-11-07, Times: 08:00:00 - 17:00:00",,46035,"200 E 4th Ave, Mitchell, SD 57301, USA",MITCHELL,DAVISON,SOUTH DAKOTA,SD,43.7129206,-98.02337969999999,43.713041,-98.02319229999999,43.7128173,-98.023624,False,,False
day,Day County Courthouse,711 W 1st St Webster SD 57274,711 W 1st St,Webster,SD,57274,Locality wide location,false,true,"From: 2022-09-23, To: 2022-09-23, Times: 08:00:00 - 17:00:00; From: 2022-09-26, To: 2022-09-30, Times: 08:00:00 - 17:00:00; From: 2022-10-03, To: 2022-10-07, Times: 08:00:00 - 17:00:00; From: 2022-10-11, To: 2022-10-14, Times: 08:00:00 - 17:00:00; From: 2022-10-17, To: 2022-10-21, Times: 08:00:00 - 17:00:00; From: 2022-10-24, To: 2022-10-28, Times: 08:00:00 - 17:00:00; From: 2022-10-31, To: 2022-11-03, Times: 08:00:00 - 17:00:00; From: 2022-11-07, To: 2022-11-07, Times: 08:00:00 - 17:00:00",,46037,"Day County Court House, 711 1st St W, Webster, SD 57274, USA",WEBSTER,DAY,SOUTH DAKOTA,SD,45.3327013,-97.52217739999999,45.3329499,-97.52198560000001,45.3324971,-97.5224246,False,,False
deuel,Deuel County Courthouse,408 4th St W Clear Lake SD 57226,408 4th St W,Clear Lake,SD,57226,Locality wide location,false,true,"From: 2022-09-23, To: 2022-09-23, Times: 08:00:00 - 17:00:00; From: 2022-09-26, To: 2022-09-30, Times: 08:00:00 - 17:00:00; From: 2022-10-03, To: 2022-10-07, Times: 08:00:00 - 17:00:00; From: 2022-10-11, To: 2022-10-14, Times: 08:00:00 - 17:00:00; From: 2022-10-17, To: 2022-10-21, Times: 08:00:00 - 17:00:00; From: 2022-10-24, To: 2022-10-28, Times: 08:00:00 - 17:00:00; From: 2022-10-31, To: 2022-11-03, Times: 08:00:00 - 17:00:00; From: 2022-11-07, To: 2022-11-07, Times: 08:00:00 - 17:00:00",,46039,"408 4th St W, Clear Lake, SD 57226, USA",CLEAR LAKE,DEUEL,SOUTH DAKOTA,SD,44.7551982,-96.6847592,,,,,False,,False
dewey,Dewey County Courthouse,700 C St Timber Lake SD 57656,700 C St,Timber Lake,SD,57656,Locality wide location,false,true,"From: 2022-09-23, To: 2022-09-23, Times: 08:00:00 - 12:00:00; From: 2022-09-23, To: 2022-09-23, Times: 13:00:00 - 17:00:00; From: 2022-09-26, To: 2022-09-30, Times: 08:00:00 - 12:00:00; From: 2022-09-26, To: 2022-09-30, Times: 13:00:00 - 17:00:00; From: 2022-10-03, To: 2022-10-07, Times: 08:00:00 - 12:00:00; From: 2022-10-03, To: 2022-10-07, Times: 13:00:00 - 17:00:00; From: 2022-10-11, To: 2022-10-14, Times: 08:00:00 - 12:00:00; From: 2022-10-11, To: 2022-10-14, Times: 13:00:00 - 17:00:00; From: 2022-10-17, To: 2022-10-21, Times: 08:00:00 - 12:00:00; From: 2022-10-17, To: 2022-10-21, Times: 13:00:00 - 17:00:00; From: 2022-10-24, To: 2022-10-28, Times: 08:00:00 - 12:00:00; From: 2022-10-24, To: 2022-10-28, Times: 13:00:00 - 17:00:00; From: 2022-10-31, To: 2022-11-03, Times: 08:00:00 - 12:00:00; From: 2022-10-31, To: 2022-11-03, Times: 13:00:00 - 17:00:00; From: 2022-11-07, To: 2022-11-07, Times: 08:00:00 - 12:00:00; From: 2022-11-07, To: 2022-11-07, Times: 13:00:00 - 17:00:00",4663620,46041,"700 C St, Timber Lake, SD 57656, USA",TIMBER LAKE,DEWEY,SOUTH DAKOTA,SD,45.429194,-101.0723887,,,,,False,,False
douglas,Douglas County Courthouse,706 Braddock St Armour SD 57313,706 Braddock St,Armour,SD,57313,Locality wide location,false,true,"From: 2022-09-23, To: 2022-09-23, Times: 08:00:00 - 12:00:00; From: 2022-09-23, To: 2022-09-23, Times: 12:30:00 - 16:30:00; From: 2022-09-26, To: 2022-09-30, Times: 08:00:00 - 12:00:00; From: 2022-09-26, To: 2022-09-30, Times: 12:30:00 - 16:30:00; From: 2022-10-03, To: 2022-10-07, Times: 08:00:00 - 12:00:00; From: 2022-10-03, To: 2022-10-07, Times: 12:30:00 - 16:30:00; From: 2022-10-11, To: 2022-10-14, Times: 08:00:00 - 12:00:00; From: 2022-10-11, To: 2022-10-14, Times: 12:30:00 - 16:30:00; From: 2022-10-17, To: 2022-10-21, Times: 08:00:00 - 12:00:00; From: 2022-10-17, To: 2022-10-21, Times: 12:30:00 - 16:30:00; From: 2022-10-24, To: 2022-10-28, Times: 08:00:00 - 12:00:00; From: 2022-10-24, To: 2022-10-28, Times: 12:30:00 - 16:30:00; From: 2022-10-31, To: 2022-11-03, Times: 08:00:00 - 12:00:00; From: 2022-10-31, To: 2022-11-03, Times: 12:30:00 - 16:30:00; From: 2022-11-07, To: 2022-11-07, Times: 08:00:00 - 12:00:00; From: 2022-11-07, To: 2022-11-07, Times: 12:30:00 - 16:30:00",,46043,"706 Braddock St, Armour, SD 57313, USA",ARMOUR,DOUGLAS,SOUTH DAKOTA,SD,43.3183571,-98.3441398,43.3184469,-98.34399429999999,43.3182322,-98.34423260000001,False,,False
edmunds,Edmunds County Courthouse,210 2nd Ave Ipswich SD 57451,210 2nd Ave,Ipswich,SD,57451,Locality wide location,false,true,"From: 2022-09-23, To: 2022-09-23, Times: 08:00:00 - 12:00:00; From: 2022-09-23, To: 2022-09-23, Times: 13:00:00 - 17:00:00; From: 2022-09-26, To: 2022-09-30, Times: 08:00:00 - 12:00:00; From: 2022-09-26, To: 2022-09-30, Times: 13:00:00 - 17:00:00; From: 2022-10-03, To: 2022-10-07, Times: 08:00:00 - 12:00:00; From: 2022-10-03, To: 2022-10-07, Times: 13:00:00 - 17:00:00; From: 2022-10-11, To: 2022-10-14, Times: 08:00:00 - 12:00:00; From: 2022-10-11, To: 2022-10-14, Times: 13:00:00 - 17:00:00; From: 2022-10-17, To: 2022-10-21, Times: 08:00:00 - 12:00:00; From: 2022-10-17, To: 2022-10-21, Times: 13:00:00 - 17:00:00; From: 2022-10-24, To: 2022-10-28, Times: 08:00:00 - 12:00:00; From: 2022-10-24, To: 2022-10-28, Times: 13:00:00 - 17:00:00; From: 2022-10-31, To: 2022-11-03, Times: 08:00:00 - 12:00:00; From: 2022-10-31, To: 2022-11-03, Times: 13:00:00 - 17:00:00; From: 2022-11-07, To: 2022-11-07, Times: 08:00:00 - 12:00:00; From: 2022-11-07, To: 2022-11-07, Times: 13:00:00 - 17:00:00",,46045,"210 2nd Ave, Ipswich, SD 57451, USA",IPSWICH,EDMUNDS,SOUTH DAKOTA,SD,45.44581059999999,-99.0257255,45.4459013,-99.02552709999999,45.44574069999999,-99.02586339999999,False,,False
fall_river,Fall River County Courthouse,906 N River St Hot Springs SD 57747,906 N River St,Hot Springs,SD,57747,Locality wide location,false,true,"From: 2022-09-23, To: 2022-09-23, Times: 08:00:00 - 17:00:00; From: 2022-09-26, To: 2022-09-30, Times: 08:00:00 - 17:00:00; From: 2022-10-03, To: 2022-10-07, Times: 08:00:00 - 17:00:00; From: 2022-10-11, To: 2022-10-14, Times: 08:00:00 - 17:00:00; From: 2022-10-17, To: 2022-10-21, Times: 08:00:00 - 17:00:00; From: 2022-10-24, To: 2022-10-28, Times: 08:00:00 - 17:00:00; From: 2022-10-31, To: 2022-11-03, Times: 08:00:00 - 17:00:00; From: 2022-11-07, To: 2022-11-07, Times: 08:00:00 - 17:00:00",,,"906 N River St, Hot Springs, SD 57747, USA",HOT SPRINGS,FALL RIVER,SOUTH DAKOTA,SD,43.4394663,-103.480487,43.4396041,-103.4803387,43.4393371,-103.4805946,False,,False
faulk,Falk County Courthouse,110 N 9th Ave Faulkton SD 57438,110 N 9th Ave,Faulkton,SD,57438,Locality wide location,false,true,"From: 2022-09-23, To: 2022-09-23, Times: 08:00:00 - 12:00:00; From: 2022-09-23, To: 2022-09-23, Times: 13:00:00 - 17:00:00; From: 2022-09-26, To: 2022-09-30, Times: 08:00:00 - 12:00:00; From: 2022-09-26, To: 2022-09-30, Times: 13:00:00 - 17:00:00; From: 2022-10-03, To: 2022-10-07, Times: 08:00:00 - 12:00:00; From: 2022-10-03, To: 2022-10-07, Times: 13:00:00 - 17:00:00; From: 2022-10-11, To: 2022-10-14, Times: 08:00:00 - 12:00:00; From: 2022-10-11, To: 2022-10-14, Times: 13:00:00 - 17:00:00; From: 2022-10-17, To: 2022-10-21, Times: 08:00:00 - 12:00:00; From: 2022-10-17, To: 2022-10-21, Times: 13:00:00 - 17:00:00; From: 2022-10-24, To: 2022-10-28, Times: 08:00:00 - 12:00:00; From: 2022-10-24, To: 2022-10-28, Times: 13:00:00 - 17:00:00; From: 2022-10-31, To: 2022-11-03, Times: 08:00:00 - 12:00:00; From: 2022-10-31, To: 2022-11-03, Times: 13:00:00 - 17:00:00; From: 2022-11-07, To: 2022-11-07, Times: 08:00:00 - 12:00:00; From: 2022-11-07, To: 2022-11-07, Times: 13:00:00 - 17:00:00",,46049,"110 N 9th Ave, Faulkton, SD 57438, USA",FAULKTON,FAULK,SOUTH DAKOTA,SD,45.0338259,-99.1262818,45.0339543,-99.12612569999999,45.0336971,-99.12641269999999,False,,False
grant,Grant County Courthouse,210 E 5th Ave Milbank SD 57252,210 E 5th Ave,Milbank,SD,57252,Locality wide location,false,true,"From: 2022-09-23, To: 2022-09-23, Times: 08:00:00 - 17:00:00; From: 2022-09-26, To: 2022-09-30, Times: 08:00:00 - 17:00:00; From: 2022-10-03, To: 2022-10-07, Times: 08:00:00 - 17:00:00; From: 2022-10-11, To: 2022-10-14, Times: 08:00:00 - 17:00:00; From: 2022-10-17, To: 2022-10-21, Times: 08:00:00 - 17:00:00; From: 2022-10-24, To: 2022-10-28, Times: 08:00:00 - 17:00:00; From: 2022-10-31, To: 2022-11-03, Times: 08:00:00 - 17:00:00; From: 2022-11-07, To: 2022-11-07, Times: 08:00:00 - 17:00:00",,46051,"210 E 5th Ave, Milbank, SD 57252, USA",MILBANK,GRANT,SOUTH DAKOTA,SD,45.2175454,-96.6360191,,,,,False,,False
gregory,Gregory County Courthouse,221 E 8th St Burke SD 57532,221 E 8th St,Burke,SD,57532,Locality wide location,false,true,"From: 2022-09-23, To: 2022-09-23, Times: 07:30:00 - 12:00:00; From: 2022-09-23, To: 2022-09-23, Times: 12:30:00 - 16:00:00; From: 2022-09-26, To: 2022-09-30, Times: 07:30:00 - 12:00:00; From: 2022-09-26, To: 2022-09-30, Times: 12:30:00 - 16:00:00; From: 2022-10-03, To: 2022-10-07, Times: 07:30:00 - 12:00:00; From: 2022-10-03, To: 2022-10-07, Times: 12:30:00 - 16:00:00; From: 2022-10-11, To: 2022-10-14, Times: 07:30:00 - 12:00:00; From: 2022-10-11, To: 2022-10-14, Times: 12:30:00 - 16:00:00; From: 2022-10-17, To: 2022-10-21, Times: 07:30:00 - 12:00:00; From: 2022-10-17, To: 2022-10-21, Times: 12:30:00 - 16:00:00; From: 2022-10-24, To: 2022-10-28, Times: 07:30:00 - 12:00:00; From: 2022-10-24, To: 2022-10-28, Times: 12:30:00 - 16:00:00; From: 2022-10-31, To: 2022-11-03, Times: 07:30:00 - 12:00:00; From: 2022-10-31, To: 2022-11-03, Times: 12:30:00 - 16:00:00; From: 2022-11-07, To: 2022-11-07, Times: 07:30:00 - 12:00:00; From: 2022-11-07, To: 2022-11-07, Times: 12:30:00 - 16:00:00",,46053,"221 E 8th St, Burke, SD 57523, USA",BURKE,GREGORY,SOUTH DAKOTA,SD,43.1819826,-99.2900366,43.1820438,-99.28988919999999,43.18187500000001,-99.29019149999999,False,,False
haakon,Haakon County Courthouse,140 Howard Ave Phillip SD 57567,140 Howard Ave,Phillip,SD,57567,Locality wide location,false,true,"From: 2022-09-23, To: 2022-09-23, Times: 09:00:00 - 17:00:00; From: 2022-09-26, To: 2022-09-30, Times: 09:00:00 - 17:00:00; From: 2022-10-03, To: 2022-10-07, Times: 09:00:00 - 17:00:00; From: 2022-10-11, To: 2022-10-14, Times: 09:00:00 - 17:00:00; From: 2022-10-17, To: 2022-10-21, Times: 09:00:00 - 17:00:00; From: 2022-10-24, To: 2022-10-28, Times: 09:00:00 - 17:00:00; From: 2022-10-31, To: 2022-11-03, Times: 09:00:00 - 17:00:00; From: 2022-11-07, To: 2022-11-07, Times: 09:00:00 - 17:00:00",,46055,"140 Howard Ave, Philip, SD 57567, USA",PHILIP,HAAKON,SOUTH DAKOTA,SD,44.0388786,-101.6664952,44.0389577,-101.6663343,44.03873249999999,-101.6665813,False,,False
hamlin,Hamlin County Auditor's Office,300 4th St Hayti SD 57241,300 4th St,Hayti,SD,57241,Locality wide location,false,true,"From: 2022-09-23, To: 2022-09-23, Times: 08:00:00 - 17:00:00; From: 2022-09-26, To: 2022-09-30, Times: 08:00:00 - 17:00:00; From: 2022-10-03, To: 2022-10-07, Times: 08:00:00 - 17:00:00; From: 2022-10-11, To: 2022-10-14, Times: 08:00:00 - 17:00:00; From: 2022-10-17, To: 2022-10-21, Times: 08:00:00 - 17:00:00; From: 2022-10-24, To: 2022-10-28, Times: 08:00:00 - 17:00:00; From: 2022-10-31, To: 2022-11-03, Times: 08:00:00 - 17:00:00; From: 2022-11-07, To: 2022-11-07, Times: 08:00:00 - 17:00:00",,46057,"300 4th St, Hayti, SD 57241, USA",HAYTI,HAMLIN,SOUTH DAKOTA,SD,44.6570453,-97.203486,,,,,False,,False
hand,Hand County Courthouse,415 W 1st Ave Miller SD 57362,415 W 1st Ave,Miller,SD,57362,Locality wide location,false,true,"From: 2022-09-23, To: 2022-09-23, Times: 08:00:00 - 17:00:00; From: 2022-09-26, To: 2022-09-30, Times: 08:00:00 - 17:00:00; From: 2022-10-03, To: 2022-10-07, Times: 08:00:00 - 17:00:00; From: 2022-10-11, To: 2022-10-14, Times: 08:00:00 - 17:00:00; From: 2022-10-17, To: 2022-10-21, Times: 08:00:00 - 17:00:00; From: 2022-10-24, To: 2022-10-28, Times: 08:00:00 - 17:00:00; From: 2022-10-31, To: 2022-11-03, Times: 08:00:00 - 17:00:00; From: 2022-11-07, To: 2022-11-07, Times: 08:00:00 - 17:00:00",,46059,"415 W 1st Ave, Miller, SD 57362, USA",MILLER,HAND,SOUTH DAKOTA,SD,44.5199457,-98.9908203,,,,,False,,False
hanson,Hanson County Courthouse,720 5th St Alexandria SD 57311,720 5th St,Alexandria,SD,57311,Locality wide location,false,true,"From: 2022-09-23, To: 2022-09-23, Times: 08:00:00 - 12:00:00; From: 2022-09-23, To: 2022-09-23, Times: 12:30:00 - 16:30:00; From: 2022-09-26, To: 2022-09-30, Times: 08:00:00 - 12:00:00; From: 2022-09-26, To: 2022-09-30, Times: 12:30:00 - 16:30:00; From: 2022-10-03, To: 2022-10-07, Times: 08:00:00 - 12:00:00; From: 2022-10-03, To: 2022-10-07, Times: 12:30:00 - 16:30:00; From: 2022-10-11, To: 2022-10-14, Times: 08:00:00 - 12:00:00; From: 2022-10-11, To: 2022-10-14, Times: 12:30:00 - 16:30:00; From: 2022-10-17, To: 2022-10-21, Times: 08:00:00 - 12:00:00; From: 2022-10-17, To: 2022-10-21, Times: 12:30:00 - 16:30:00; From: 2022-10-24, To: 2022-10-28, Times: 08:00:00 - 12:00:00; From: 2022-10-24, To: 2022-10-28, Times: 12:30:00 - 16:30:00; From: 2022-10-31, To: 2022-11-03, Times: 08:00:00 - 12:00:00; From: 2022-10-31, To: 2022-11-03, Times: 12:30:00 - 16:30:00; From: 2022-11-07, To: 2022-11-07, Times: 08:00:00 - 12:00:00; From: 2022-11-07, To: 2022-11-07, Times: 12:30:00 - 16:30:00",,46061,"720 5th St, Alexandria, SD 57311, USA",ALEXANDRIA,HANSON,SOUTH DAKOTA,SD,43.6549702,-97.77794920000001,,,,,False,,False
harding,Harding County Courthouse,410 Ramsland St Buffalo SD 57720,410 Ramsland St,Buffalo,SD,57720,Locality wide location,false,true,"From: 2022-09-23, To: 2022-09-23, Times: 07:30:00 - 11:30:00; From: 2022-09-26, To: 2022-09-29, Times: 07:30:00 - 12:00:00; From: 2022-09-26, To: 2022-09-29, Times: 12:30:00 - 17:00:00; From: 2022-09-30, To: 2022-09-30, Times: 07:30:00 - 11:30:00; From: 2022-10-03, To: 2022-10-06, Times: 07:30:00 - 12:00:00; From: 2022-10-03, To: 2022-10-06, Times: 12:30:00 - 17:00:00; From: 2022-10-07, To: 2022-10-07, Times: 07:30:00 - 11:30:00; From: 2022-10-11, To: 2022-10-13, Times: 07:30:00 - 12:00:00; From: 2022-10-11, To: 2022-10-13, Times: 12:30:00 - 17:00:00; From: 2022-10-14, To: 2022-10-14, Times: 07:30:00 - 11:30:00; From: 2022-10-17, To: 2022-10-20, Times: 07:30:00 - 12:00:00; From: 2022-10-17, To: 2022-10-20, Times: 12:30:00 - 17:00:00; From: 2022-10-21, To: 2022-10-21, Times: 07:30:00 - 11:30:00; From: 2022-10-24, To: 2022-10-27, Times: 07:30:00 - 12:00:00; From: 2022-10-24, To: 2022-10-27, Times: 12:30:00 - 17:00:00; From: 2022-10-28, To: 2022-10-28, Times: 07:30:00 - 11:30:00; From: 2022-10-31, To: 2022-11-03, Times: 07:30:00 - 12:00:00; From: 2022-10-31, To: 2022-11-03, Times: 12:30:00 - 17:00:00; From: 2022-11-04, To: 2022-11-04, Times: 07:30:00 - 11:30:00; From: 2022-11-07, To: 2022-11-07, Times: 07:30:00 - 12:00:00; From: 2022-11-07, To: 2022-11-07, Times: 12:30:00 - 17:00:00",,46063,"410 Ramsland St, Buffalo, SD 57720, USA",BUFFALO,HARDING,SOUTH DAKOTA,SD,45.5839372,-103.5506551,45.5840744,-103.5503794,45.5837492,-103.5509225,False,,False
hughes,Hughes County Courthouse,104 E Capitol Ave Pierre SD 57501,104 E Capitol Ave,Pierre,SD,57501,Locality wide location,false,true,"From: 2022-09-23, To: 2022-09-23, Times: 08:00:00 - 16:30:00; From: 2022-09-26, To: 2022-09-30, Times: 08:00:00 - 16:30:00; From: 2022-10-03, To: 2022-10-07, Times: 08:00:00 - 16:30:00; From: 2022-10-11, To: 2022-10-14, Times: 08:00:00 - 16:30:00; From: 2022-10-17, To: 2022-10-21, Times: 08:00:00 - 16:30:00; From: 2022-10-24, To: 2022-10-28, Times: 08:00:00 - 16:30:00; From: 2022-11-07, To: 2022-11-07, Times: 08:00:00 - 16:30:00",,46065,"104 E Capitol Ave, Pierre, SD 57501, USA",PIERRE,HUGHES,SOUTH DAKOTA,SD,44.3693105,-100.3509032,,,,,False,,False
hutchinson,Hutchinson County Courthouse,201 W Mentor St Olivet SD 57052,201 W Mentor St,Olivet,SD,57052,Locality wide location,false,true,"From: 2022-09-23, To: 2022-09-23, Times: 08:00:00 - 16:30:00; From: 2022-09-26, To: 2022-09-30, Times: 08:00:00 - 16:30:00; From: 2022-10-03, To: 2022-10-07, Times: 08:00:00 - 16:30:00; From: 2022-10-11, To: 2022-10-14, Times: 08:00:00 - 16:30:00; From: 2022-10-17, To: 2022-10-21, Times: 08:00:00 - 16:30:00; From: 2022-10-24, To: 2022-10-28, Times: 08:00:00 - 16:30:00; From: 2022-10-31, To: 2022-11-04, Times: 08:00:00 - 16:30:00; From: 2022-11-07, To: 2022-11-07, Times: 08:00:00 - 16:30:00",,46067,"201w Mentor St, Olivet, SD 57052, USA",OLIVET,HUTCHINSON,SOUTH DAKOTA,SD,43.2424699,-97.6769506,,,,,False,,False
hyde,Hyde County Courthouse,412 Commercial Ave SE Highmore SD 57345,412 Commercial Ave SE,Highmore,SD,57345,Locality wide location,false,true,"From: 2022-09-23, To: 2022-09-23, Times: 07:30:00 - 12:00:00; From: 2022-09-23, To: 2022-09-23, Times: 12:30:00 - 17:00:00; From: 2022-09-26, To: 2022-09-30, Times: 07:30:00 - 12:00:00; From: 2022-09-26, To: 2022-09-30, Times: 12:30:00 - 17:00:00; From: 2022-10-03, To: 2022-10-07, Times: 07:30:00 - 12:00:00; From: 2022-10-03, To: 2022-10-07, Times: 12:30:00 - 17:00:00; From: 2022-10-11, To: 2022-10-14, Times: 07:30:00 - 12:00:00; From: 2022-10-11, To: 2022-10-14, Times: 12:30:00 - 17:00:00; From: 2022-10-17, To: 2022-10-21, Times: 07:30:00 - 12:00:00; From: 2022-10-17, To: 2022-10-21, Times: 12:30:00 - 17:00:00; From: 2022-10-24, To: 2022-10-28, Times: 07:30:00 - 12:00:00; From: 2022-10-24, To: 2022-10-28, Times: 12:30:00 - 17:00:00; From: 2022-10-31, To: 2022-11-04, Times: 07:30:00 - 12:00:00; From: 2022-10-31, To: 2022-11-04, Times: 12:30:00 - 17:00:00; From: 2022-11-07, To: 2022-11-07, Times: 07:30:00 - 12:00:00; From: 2022-11-07, To: 2022-11-07, Times: 12:30:00 - 17:00:00",,46069,"412 Commercial Ave SE, Highmore, SD 57345, USA",HIGHMORE,HYDE,SOUTH DAKOTA,SD,44.5164844,-99.4394021,44.51658279999999,-99.4392951,44.5163643,-99.43955679999999,False,,False
jackson,Jackson County Courthouse,700 Main St Kadoka SD 57543,700 Main St,Kadoka,SD,57543,Locality wide location,false,true,"From: 2022-09-23, To: 2022-09-23, Times: 08:00:00 - 12:00:00; From: 2022-09-23, To: 2022-09-23, Times: 13:00:00 - 17:00:00; From: 2022-09-26, To: 2022-09-30, Times: 08:00:00 - 12:00:00; From: 2022-09-26, To: 2022-09-30, Times: 13:00:00 - 17:00:00; From: 2022-10-03, To: 2022-10-07, Times: 08:00:00 - 12:00:00; From: 2022-10-03, To: 2022-10-07, Times: 13:00:00 - 17:00:00; From: 2022-10-11, To: 2022-10-14, Times: 08:00:00 - 12:00:00; From: 2022-10-11, To: 2022-10-14, Times: 13:00:00 - 17:00:00; From: 2022-10-17, To: 2022-10-21, Times: 08:00:00 - 12:00:00; From: 2022-10-17, To: 2022-10-21, Times: 13:00:00 - 17:00:00; From: 2022-10-24, To: 2022-10-28, Times: 08:00:00 - 12:00:00; From: 2022-10-24, To: 2022-10-28, Times: 13:00:00 - 17:00:00; From: 2022-10-31, To: 2022-11-04, Times: 08:00:00 - 12:00:00; From: 2022-10-31, To: 2022-11-04, Times: 13:00:00 - 17:00:00; From: 2022-11-07, To: 2022-11-07, Times: 08:00:00 - 12:00:00; From: 2022-11-07, To: 2022-11-07, Times: 13:00:00 - 17:00:00",,46071,"700 Main St, Kadoka, SD 57543, USA",KADOKA,JACKSON,SOUTH DAKOTA,SD,43.835366,-101.5096662,43.8354936,-101.5095156,43.8352034,-101.5097615,False,,False
jerauld,Jerauld County Courthouse,205 S Wallace Ave Wessington Springs SD 57382,205 S Wallace Ave,Wessington Springs,SD,57382,Locality wide location,false,true,"From: 2022-09-23, To: 2022-09-23, Times: 08:00:00 - 16:30:00; From: 2022-09-26, To: 2022-09-30, Times: 08:00:00 - 16:30:00; From: 2022-10-03, To: 2022-10-07, Times: 08:00:00 - 16:30:00; From: 2022-10-11, To: 2022-10-14, Times: 08:00:00 - 16:30:00; From: 2022-10-17, To: 2022-10-21, Times: 08:00:00 - 16:30:00; From: 2022-10-24, To: 2022-10-28, Times: 08:00:00 - 16:30:00; From: 2022-10-31, To: 2022-11-04, Times: 08:00:00 - 16:30:00; From: 2022-11-07, To: 2022-11-07, Times: 08:00:00 - 16:30:00",,46073,"205 S Wallace Ave, Wessington Springs, SD 57382, USA",WESSINGTON SPRINGS,JERAULD,SOUTH DAKOTA,SD,44.0783424,-98.569959,,,,,False,,False
jones,Jones County Courthouse,310 Main St Murdo SD 57559,310 Main St,Murdo,SD,57559,Locality wide location,false,true,"From: 2022-09-23, To: 2022-09-23, Times: 08:00:00 - 12:00:00; From: 2022-09-23, To: 2022-09-23, Times: 12:30:00 - 16:30:00; From: 2022-09-26, To: 2022-09-30, Times: 08:00:00 - 12:00:00; From: 2022-09-26, To: 2022-09-30, Times: 12:30:00 - 16:30:00; From: 2022-10-03, To: 2022-10-07, Times: 08:00:00 - 12:00:00; From: 2022-10-03, To: 2022-10-07, Times: 12:30:00 - 16:30:00; From: 2022-10-11, To: 2022-10-14, Times: 08:00:00 - 12:00:00; From: 2022-10-11, To: 2022-10-14, Times: 12:30:00 - 16:30:00; From: 2022-10-17, To: 2022-10-21, Times: 08:00:00 - 12:00:00; From: 2022-10-17, To: 2022-10-21, Times: 12:30:00 - 16:30:00; From: 2022-10-24, To: 2022-10-28, Times: 08:00:00 - 12:00:00; From: 2022-10-24, To: 2022-10-28, Times: 12:30:00 - 16:30:00; From: 2022-10-31, To: 2022-11-04, Times: 08:00:00 - 12:00:00; From: 2022-10-31, To: 2022-11-04, Times: 12:30:00 - 16:30:00; From: 2022-11-07, To: 2022-11-07, Times: 08:00:00 - 12:00:00; From: 2022-11-07, To: 2022-11-07, Times: 12:30:00 - 16:30:00",,46075,"310 Main St, Murdo, SD 57559, USA",MURDO,JONES,SOUTH DAKOTA,SD,43.8881466,-100.7128002,,,,,False,,False
kingsbury,Kingsbury County Courthouse,202 2nd St SE De Smet SD 57231,202 2nd St SE,De Smet,SD,57231,Locality wide location,false,true,"From: 2022-09-23, To: 2022-09-23, Times: 08:00:00 - 12:00:00; From: 2022-09-23, To: 2022-09-23, Times: 13:00:00 - 17:00:00; From: 2022-09-26, To: 2022-09-30, Times: 08:00:00 - 12:00:00; From: 2022-09-26, To: 2022-09-30, Times: 13:00:00 - 17:00:00; From: 2022-10-03, To: 2022-10-07, Times: 08:00:00 - 12:00:00; From: 2022-10-03, To: 2022-10-07, Times: 13:00:00 - 17:00:00; From: 2022-10-11, To: 2022-10-14, Times: 08:00:00 - 12:00:00; From: 2022-10-11, To: 2022-10-14, Times: 13:00:00 - 17:00:00; From: 2022-10-17, To: 2022-10-21, Times: 08:00:00 - 12:00:00; From: 2022-10-17, To: 2022-10-21, Times: 13:00:00 - 17:00:00; From: 2022-10-24, To: 2022-10-28, Times: 08:00:00 - 12:00:00; From: 2022-10-24, To: 2022-10-28, Times: 13:00:00 - 17:00:00; From: 2022-10-31, To: 2022-11-04, Times: 08:00:00 - 12:00:00; From: 2022-10-31, To: 2022-11-04, Times: 13:00:00 - 17:00:00; From: 2022-11-07, To: 2022-11-07, Times: 08:00:00 - 12:00:00; From: 2022-11-07, To: 2022-11-07, Times: 13:00:00 - 17:00:00",,46077,"202 2nd St SE, De Smet, SD 57231, USA",DE SMET,KINGSBURY,SOUTH DAKOTA,SD,44.3863978,-97.5463462,44.3865298,-97.54612569999999,44.3862786,-97.54660559999999,False,,False
lake,Lake County Courthouse,200 E Center St Madison SD 57042,200 E Center St,Madison,SD,57042,Locality wide location,false,true,"From: 2022-09-23, To: 2022-09-23, Times: 08:00:00 - 17:00:00; From: 2022-09-26, To: 2022-09-30, Times: 08:00:00 - 17:00:00; From: 2022-10-03, To: 2022-10-07, Times: 08:00:00 - 17:00:00; From: 2022-10-11, To: 2022-10-14, Times: 08:00:00 - 17:00:00; From: 2022-10-17, To: 2022-10-21, Times: 08:00:00 - 17:00:00; From: 2022-10-24, To: 2022-10-28, Times: 08:00:00 - 17:00:00; From: 2022-10-31, To: 2022-11-04, Times: 08:00:00 - 17:00:00; From: 2022-11-07, To: 2022-11-07, Times: 08:00:00 - 17:00:00",,46079,"200 Center St E, Madison, SD 57042, USA",MADISON,LAKE,SOUTH DAKOTA,SD,44.0056066,-97.1118388,44.005703,-97.11161960000001,44.0055201,-97.1119903,False,,False
lawrence,Lawrence County Courthouse,90 Sherman St Deadwood SD 57732,90 Sherman St,Deadwood,SD,57732,Locality wide location,false,true,"From: 2022-09-23, To: 2022-09-23, Times: 08:00:00 - 17:00:00; From: 2022-09-26, To: 2022-09-30, Times: 08:00:00 - 17:00:00; From: 2022-10-03, To: 2022-10-07, Times: 08:00:00 - 17:00:00; From: 2022-10-11, To: 2022-10-14, Times: 08:00:00 - 17:00:00; From: 2022-10-17, To: 2022-10-21, Times: 08:00:00 - 17:00:00; From: 2022-10-24, To: 2022-10-28, Times: 08:00:00 - 17:00:00; From: 2022-10-31, To: 2022-11-04, Times: 08:00:00 - 17:00:00; From: 2022-11-07, To: 2022-11-07, Times: 08:00:00 - 17:00:00",,46081,"County Annex Building, 90 Sherman St, Deadwood, SD 57732, USA",DEADWOOD,LAWRENCE,SOUTH DAKOTA,SD,44.3741742,-103.729166,44.374337,-103.7289028,44.3740272,-103.7293434,False,,False
lawrence,Spearfish City Hall,625 N 5th St Spearfish SD 57783,625 N 5th St,Spearfish,SD,57783,Locality wide location,false,true,"From: 2022-10-24, To: 2022-10-28, Times: 09:00:00 - 16:00:00; From: 2022-10-31, To: 2022-11-04, Times: 09:00:00 - 16:00:00; From: 2022-11-07, To: 2022-11-07, Times: 09:00:00 - 16:00:00",,46081,"625 N 5th St, Spearfish, SD 57783, USA",SPEARFISH,LAWRENCE,SOUTH DAKOTA,SD,44.4894098,-103.8609691,44.4896341,-103.8605412,44.489169,-103.8616502,False,,False
lincoln,Lincoln County Courthouse,104 N Main Canton SD 57013-1703,104 N Main,Canton,SD,57013-1703,Locality wide location,false,true,"From: 2022-09-23, To: 2022-09-23, Times: 08:00:00 - 17:00:00; From: 2022-09-26, To: 2022-09-30, Times: 08:00:00 - 17:00:00; From: 2022-10-03, To: 2022-10-07, Times: 08:00:00 - 17:00:00; From: 2022-10-11, To: 2022-10-14, Times: 08:00:00 - 17:00:00; From: 2022-10-17, To: 2022-10-21, Times: 08:00:00 - 17:00:00; From: 2022-10-24, To: 2022-10-28, Times: 08:00:00 - 17:00:00; From: 2022-10-31, To: 2022-11-04, Times: 08:00:00 - 17:00:00; From: 2022-11-07, To: 2022-11-07, Times: 08:00:00 - 17:00:00",,46083,"104 N Main St, Canton, SD 57013, USA",CANTON,LINCOLN,SOUTH DAKOTA,SD,43.3015975,-96.59211900000001,43.3018046,-96.591734,43.3011642,-96.59252610000001,False,,False
lyman,Lyman County Courthouse,300 Main St Kennebec SD 57544,300 Main St,Kennebec,SD,57544,Locality wide location,false,true,"From: 2022-09-23, To: 2022-09-23, Times: 08:00:00 - 16:30:00; From: 2022-09-26, To: 2022-09-30, Times: 08:00:00 - 16:30:00; From: 2022-10-03, To: 2022-10-07, Times: 08:00:00 - 16:30:00; From: 2022-10-11, To: 2022-10-14, Times: 08:00:00 - 16:30:00; From: 2022-10-17, To: 2022-10-21, Times: 08:00:00 - 16:30:00; From: 2022-10-24, To: 2022-10-28, Times: 08:00:00 - 16:30:00; From: 2022-10-31, To: 2022-11-04, Times: 08:00:00 - 16:30:00; From: 2022-11-07, To: 2022-11-07, Times: 08:00:00 - 16:30:00",,46085,"300 Main St, Kennebec, SD 57544, USA",KENNEBEC,LYMAN,SOUTH DAKOTA,SD,43.902188,-99.8619392,43.902269,-99.861835,43.90208,-99.8621598,False,,False
marshall,Marshall County Courthouse,911 Vander Horck Britton SD 57430,911 Vander Horck,Britton,SD,57430,Locality wide location,false,true,"From: 2022-09-23, To: 2022-09-23, Times: 08:00:00 - 16:30:00; From: 2022-09-26, To: 2022-09-30, Times: 08:00:00 - 16:30:00; From: 2022-10-03, To: 2022-10-07, Times: 08:00:00 - 16:30:00; From: 2022-10-11, To: 2022-10-14, Times: 08:00:00 - 16:30:00; From: 2022-10-17, To: 2022-10-21, Times: 08:00:00 - 16:30:00; From: 2022-10-24, To: 2022-10-28, Times: 08:00:00 - 16:30:00; From: 2022-10-31, To: 2022-11-04, Times: 08:00:00 - 16:30:00; From: 2022-11-07, To: 2022-11-07, Times: 08:00:00 - 16:30:00",,46091,"911 Vander Horck St, Britton, SD 57430, USA",BRITTON,MARSHALL,SOUTH DAKOTA,SD,45.7908009,-97.7542086,45.7909096,-97.754076,45.7907319,-97.75440689999999,False,,False
mccook,McCook County Courthouse,130 W Essex Ave Salem SD 57058,130 W Essex Ave,Salem,SD,57058,Locality wide location,false,true,"From: 2022-09-23, To: 2022-09-23, Times: 08:00:00 - 16:30:00; From: 2022-09-26, To: 2022-09-30, Times: 08:00:00 - 16:30:00; From: 2022-10-03, To: 2022-10-07, Times: 08:00:00 - 16:30:00; From: 2022-10-11, To: 2022-10-14, Times: 08:00:00 - 16:30:00; From: 2022-10-17, To: 2022-10-21, Times: 08:00:00 - 16:30:00; From: 2022-10-24, To: 2022-10-28, Times: 08:00:00 - 16:30:00; From: 2022-10-31, To: 2022-11-04, Times: 08:00:00 - 16:30:00; From: 2022-11-07, To: 2022-11-07, Times: 08:00:00 - 16:30:00",,46087,"130 W Essex Ave, Salem, SD 57058, USA",SALEM,MCCOOK,SOUTH DAKOTA,SD,43.7280235,-97.38808379999999,43.7281141,-97.3879431,43.7279569,-97.388302,False,,False
mcpherson,McPherson County Courthouse,705 Main St Leola SD 57456,705 Main St,Leola,SD,57456,Locality wide location,false,true,"From: 2022-09-23, To: 2022-09-23, Times: 08:00:00 - 17:00:00; From: 2022-09-26, To: 2022-09-30, Times: 08:00:00 - 17:00:00; From: 2022-10-03, To: 2022-10-07, Times: 08:00:00 - 17:00:00; From: 2022-10-11, To: 2022-10-14, Times: 08:00:00 - 17:00:00; From: 2022-10-17, To: 2022-10-21, Times: 08:00:00 - 17:00:00; From: 2022-10-24, To: 2022-10-28, Times: 08:00:00 - 17:00:00; From: 2022-10-31, To: 2022-11-04, Times: 08:00:00 - 17:00:00; From: 2022-11-07, To: 2022-11-07, Times: 08:00:00 - 17:00:00",,46089,"705 Main St, Leola, SD 57456, USA",LEOLA,MCPHERSON,SOUTH DAKOTA,SD,45.722751,-98.939973,,,,,False,,False
meade,Meade County Auditor's Office,1300 Sherman St Sturgis SD 57785,1300 Sherman St,Sturgis,SD,57785,Locality wide location,false,true,"From: 2022-09-23, To: 2022-09-23, Times: 08:00:00 - 17:00:00; From: 2022-09-26, To: 2022-09-30, Times: 08:00:00 - 17:00:00; From: 2022-10-03, To: 2022-10-07, Times: 08:00:00 - 17:00:00; From: 2022-10-11, To: 2022-10-14, Times: 08:00:00 - 17:00:00; From: 2022-10-17, To: 2022-10-21, Times: 08:00:00 - 17:00:00; From: 2022-10-24, To: 2022-10-28, Times: 08:00:00 - 17:00:00; From: 2022-10-31, To: 2022-11-04, Times: 08:00:00 - 17:00:00; From: 2022-11-07, To: 2022-11-07, Times: 08:00:00 - 17:00:00",,46093,"1300 Sherman St, Sturgis, SD 57785, USA",STURGIS,MEADE,SOUTH DAKOTA,SD,44.4130843,-103.5148823,44.4132282,-103.5145271,44.4129401,-103.5152404,False,,False
mellette,Mellette County Courthouse,321 E 4th St White River SD 57579,321 E 4th St,White River,SD,57579,Locality wide location,false,true,"From: 2022-09-23, To: 2022-09-23, Times: 08:00:00 - 12:00:00; From: 2022-09-23, To: 2022-09-23, Times: 13:00:00 - 17:00:00; From: 2022-09-26, To: 2022-09-30, Times: 08:00:00 - 12:00:00; From: 2022-09-26, To: 2022-09-30, Times: 13:00:00 - 17:00:00; From: 2022-10-03, To: 2022-10-07, Times: 08:00:00 - 12:00:00; From: 2022-10-03, To: 2022-10-07, Times: 13:00:00 - 17:00:00; From: 2022-10-11, To: 2022-10-14, Times: 08:00:00 - 12:00:00; From: 2022-10-11, To: 2022-10-14, Times: 13:00:00 - 17:00:00; From: 2022-10-17, To: 2022-10-21, Times: 08:00:00 - 12:00:00; From: 2022-10-17, To: 2022-10-21, Times: 13:00:00 - 17:00:00; From: 2022-10-24, To: 2022-10-28, Times: 08:00:00 - 12:00:00; From: 2022-10-24, To: 2022-10-28, Times: 13:00:00 - 17:00:00; From: 2022-10-31, To: 2022-11-04, Times: 08:00:00 - 12:00:00; From: 2022-10-31, To: 2022-11-04, Times: 13:00:00 - 17:00:00; From: 2022-11-07, To: 2022-11-07, Times: 08:00:00 - 12:00:00; From: 2022-11-07, To: 2022-11-07, Times: 13:00:00 - 17:00:00",,46095,"321 E 4th St, White River, SD 57579, USA",WHITE RIVER,MELLETTE,SOUTH DAKOTA,SD,43.5692241,-100.7459196,43.5694392,-100.7459043,43.569165,-100.7462078,False,,False
miner,Miner County Courthouse,401 N Main St Howard SD 57349,401 N Main St,Howard,SD,57349,Locality wide location,false,true,"From: 2022-09-23, To: 2022-09-23, Times: 07:30:00 - 12:00:00; From: 2022-09-23, To: 2022-09-23, Times: 12:30:00 - 16:00:00; From: 2022-09-26, To: 2022-09-30, Times: 07:30:00 - 12:00:00; From: 2022-09-26, To: 2022-09-30, Times: 12:30:00 - 16:00:00; From: 2022-10-03, To: 2022-10-07, Times: 07:30:00 - 12:00:00; From: 2022-10-03, To: 2022-10-07, Times: 12:30:00 - 16:00:00; From: 2022-10-11, To: 2022-10-14, Times: 07:30:00 - 12:00:00; From: 2022-10-11, To: 2022-10-14, Times: 12:30:00 - 16:00:00; From: 2022-10-17, To: 2022-10-21, Times: 07:30:00 - 12:00:00; From: 2022-10-17, To: 2022-10-21, Times: 12:30:00 - 16:00:00; From: 2022-10-24, To: 2022-10-28, Times: 07:30:00 - 12:00:00; From: 2022-10-24, To: 2022-10-28, Times: 12:30:00 - 16:00:00; From: 2022-10-31, To: 2022-11-04, Times: 07:30:00 - 12:00:00; From: 2022-10-31, To: 2022-11-04, Times: 12:30:00 - 16:00:00; From: 2022-11-07, To: 2022-11-07, Times: 07:30:00 - 12:00:00; From: 2022-11-07, To: 2022-11-07, Times: 12:30:00 - 16:00:00",,46097,"401 N Main St, Howard, SD 57349, USA",HOWARD,MINER,SOUTH DAKOTA,SD,44.0154223,-97.5268959,,,,,False,,False
minnehaha,Minnehaha County Auditor's Office,415 N Dakota Ave Sioux Falls SD 57104,415 N Dakota Ave,Sioux Falls,SD,57104,Locality wide location,false,true,"From: 2022-09-23, To: 2022-09-23, Times: 08:00:00 - 17:00:00; From: 2022-09-26, To: 2022-09-30, Times: 08:00:00 - 17:00:00; From: 2022-10-03, To: 2022-10-07, Times: 08:00:00 - 17:00:00; From: 2022-10-11, To: 2022-10-14, Times: 08:00:00 - 17:00:00; From: 2022-10-17, To: 2022-10-21, Times: 08:00:00 - 17:00:00; From: 2022-10-24, To: 2022-10-28, Times: 08:00:00 - 17:00:00; From: 2022-10-31, To: 2022-11-04, Times: 08:00:00 - 17:00:00; From: 2022-11-07, To: 2022-11-07, Times: 08:00:00 - 17:00:00",,46099,"415 N Dakota Ave, Sioux Falls, SD 57104, USA",SIOUX FALLS,MINNEHAHA,SOUTH DAKOTA,SD,43.551884,-96.730211,,,,,False,,False
moody,Moody County Courthouse,101 E Pipestone Ave Flandreau SD 57028,101 E Pipestone Ave,Flandreau,SD,57028,Locality wide location,false,true,"From: 2022-09-23, To: 2022-09-23, Times: 08:00:00 - 17:00:00; From: 2022-09-26, To: 2022-09-30, Times: 08:00:00 - 17:00:00; From: 2022-10-03, To: 2022-10-07, Times: 08:00:00 - 17:00:00; From: 2022-10-11, To: 2022-10-14, Times: 08:00:00 - 17:00:00; From: 2022-10-17, To: 2022-10-21, Times: 08:00:00 - 17:00:00; From: 2022-10-24, To: 2022-10-28, Times: 08:00:00 - 17:00:00; From: 2022-10-31, To: 2022-11-04, Times: 08:00:00 - 17:00:00; From: 2022-11-07, To: 2022-11-07, Times: 08:00:00 - 17:00:00",,46101,"101 E Pipestone Ave, Flandreau, SD 57028, USA",FLANDREAU,MOODY,SOUTH DAKOTA,SD,44.0478636,-96.5943979,44.0479558,-96.59421859999999,44.0477972,-96.5945885,False,,False
oglala_lakota,The Church of Jesus Christ of the Latter-Day Saints,860 BIA Hwy 32 Pine Ridge SD 57770,860 BIA Hwy 32,Pine Ridge,SD,57770,Locality wide location,false,true,"From: 2022-09-23, To: 2022-09-23, Times: 08:00:00 - 17:00:00; From: 2022-09-26, To: 2022-09-30, Times: 08:00:00 - 17:00:00; From: 2022-10-03, To: 2022-10-07, Times: 08:00:00 - 17:00:00; From: 2022-10-11, To: 2022-10-14, Times: 08:00:00 - 17:00:00; From: 2022-10-17, To: 2022-10-21, Times: 08:00:00 - 17:00:00; From: 2022-10-24, To: 2022-10-28, Times: 08:00:00 - 17:00:00; From: 2022-10-31, To: 2022-11-04, Times: 08:00:00 - 17:00:00; From: 2022-11-07, To: 2022-11-07, Times: 08:00:00 - 17:00:00",,,"860 BIA Hwy 32, Pine Ridge, SD 57770, USA",PINE RIDGE,OGLALA LAKOTA,SOUTH DAKOTA,SD,43.0263514,-102.572968,43.0264398,-102.5728002,43.0263008,-102.5731609,False,,False
pennington,Pennington County Administration Building,130 Kansas City St Rapid City SD 57701-2818,130 Kansas City St,Rapid City,SD,57701-2818,Locality wide location,false,true,"From: 2022-09-23, To: 2022-09-23, Times: 08:00:00 - 17:00:00; From: 2022-09-26, To: 2022-09-30, Times: 08:00:00 - 17:00:00; From: 2022-10-03, To: 2022-10-07, Times: 08:00:00 - 17:00:00; From: 2022-10-11, To: 2022-10-14, Times: 08:00:00 - 17:00:00; From: 2022-10-17, To: 2022-10-21, Times: 08:00:00 - 17:00:00; From: 2022-10-24, To: 2022-10-28, Times: 08:00:00 - 17:00:00; From: 2022-10-31, To: 2022-11-04, Times: 08:00:00 - 17:00:00; From: 2022-11-07, To: 2022-11-07, Times: 08:00:00 - 17:00:00",,46103,"130 Kansas City St, Rapid City, SD 57701, USA",RAPID CITY,PENNINGTON,SOUTH DAKOTA,SD,44.07838599999999,-103.2196131,,,,,False,,False
pennington,Pennington County Administration Building Drop Box,130 Kansas City St Rapid City SD 57701-2818,130 Kansas City St,Rapid City,SD,57701-2818,Locality wide location,true,false,"From: 2022-09-23, To: 2022-11-05, Times: 00:00:00 - 23:59:59; From: 2022-11-06, To: 2022-11-06, Times: 00:00:00 - 23:59:59; From: 2022-11-07, To: 2022-11-08, Times: 00:00:00 - 23:59:59",,46103,"130 Kansas City St, Rapid City, SD 57701, USA",RAPID CITY,PENNINGTON,SOUTH DAKOTA,SD,44.07838599999999,-103.2196131,,,,,False,,False
perkins,Perkins County Courthouse,100 E Main St Bison SD 57620,100 E Main St,Bison,SD,57620,Locality wide location,false,true,"From: 2022-09-23, To: 2022-09-23, Times: 07:30:00 - 17:00:00; From: 2022-09-26, To: 2022-09-30, Times: 07:30:00 - 17:00:00; From: 2022-10-03, To: 2022-10-07, Times: 07:30:00 - 17:00:00; From: 2022-10-11, To: 2022-10-14, Times: 07:30:00 - 17:00:00; From: 2022-10-17, To: 2022-10-21, Times: 07:30:00 - 17:00:00; From: 2022-10-24, To: 2022-10-28, Times: 07:30:00 - 17:00:00; From: 2022-10-31, To: 2022-11-04, Times: 07:30:00 - 17:00:00; From: 2022-11-07, To: 2022-11-07, Times: 07:30:00 - 17:00:00",,46105,"100 E Main St, Bison, SD 57620, USA",BISON,PERKINS,SOUTH DAKOTA,SD,45.5229203,-102.4644324,45.5230351,-102.46428,45.5228327,-102.4646601,False,,False
potter,Potter County Courthouse,201 S Exene St Gettysburg SD 57442,201 S Exene St,Gettysburg,SD,57442,Locality wide location,false,true,"From: 2022-09-23, To: 2022-09-23, Times: 07:30:00 - 12:00:00; From: 2022-09-26, To: 2022-09-29, Times: 07:30:00 - 12:00:00; From: 2022-09-26, To: 2022-09-29, Times: 12:30:00 - 17:00:00; From: 2022-09-30, To: 2022-09-30, Times: 07:30:00 - 12:00:00; From: 2022-10-03, To: 2022-10-06, Times: 07:30:00 - 12:00:00; From: 2022-10-03, To: 2022-10-06, Times: 12:30:00 - 17:00:00; From: 2022-10-07, To: 2022-10-07, Times: 07:30:00 - 12:00:00; From: 2022-10-11, To: 2022-10-13, Times: 07:30:00 - 12:00:00; From: 2022-10-11, To: 2022-10-13, Times: 12:30:00 - 17:00:00; From: 2022-10-14, To: 2022-10-14, Times: 07:30:00 - 12:00:00; From: 2022-10-17, To: 2022-10-20, Times: 07:30:00 - 12:00:00; From: 2022-10-17, To: 2022-10-20, Times: 12:30:00 - 17:00:00; From: 2022-10-21, To: 2022-10-21, Times: 07:30:00 - 12:00:00; From: 2022-10-24, To: 2022-10-27, Times: 07:30:00 - 12:00:00; From: 2022-10-24, To: 2022-10-27, Times: 12:30:00 - 17:00:00; From: 2022-10-28, To: 2022-10-28, Times: 07:30:00 - 12:00:00; From: 2022-10-31, To: 2022-11-03, Times: 07:30:00 - 12:00:00; From: 2022-10-31, To: 2022-11-03, Times: 12:30:00 - 17:00:00; From: 2022-11-04, To: 2022-11-04, Times: 07:30:00 - 12:00:00; From: 2022-11-07, To: 2022-11-07, Times: 07:30:00 - 12:00:00; From: 2022-11-07, To: 2022-11-07, Times: 12:30:00 - 17:00:00",4624260,46107,"201 S Exene St, Gettysburg, SD 57442, USA",GETTYSBURG,POTTER,SOUTH DAKOTA,SD,45.0098872,-99.9549598,45.009969,-99.9548355,45.0097314,-99.9551079,False,,False
roberts,Roberts County Courthouse,411 2nd Ave Sisseton SD 57262,411 2nd Ave,Sisseton,SD,57262,Locality wide location,false,true,"From: 2022-09-23, To: 2022-09-23, Times: 08:00:00 - 17:00:00; From: 2022-09-26, To: 2022-09-30, Times: 08:00:00 - 17:00:00; From: 2022-10-03, To: 2022-10-07, Times: 08:00:00 - 17:00:00; From: 2022-10-11, To: 2022-10-14, Times: 08:00:00 - 17:00:00; From: 2022-10-17, To: 2022-10-21, Times: 08:00:00 - 17:00:00; From: 2022-10-24, To: 2022-10-28, Times: 08:00:00 - 17:00:00; From: 2022-10-31, To: 2022-11-04, Times: 08:00:00 - 17:00:00; From: 2022-11-07, To: 2022-11-07, Times: 08:00:00 - 17:00:00",,46109,"411 2nd Ave E, Sisseton, SD 57262, USA",SISSETON,ROBERTS,SOUTH DAKOTA,SD,45.6642386,-97.04766699999999,45.6643361,-97.0475445,45.66408699999999,-97.04782379999999,False,,False
sanborn,Sanborn County Courthouse,604 W 6th Woonsocket SD 57385,604 W 6th,Woonsocket,SD,57385,Locality wide location,false,true,"From: 2022-09-23, To: 2022-09-23, Times: 08:00:00 - 16:30:00; From: 2022-09-26, To: 2022-09-30, Times: 08:00:00 - 16:30:00; From: 2022-10-03, To: 2022-10-07, Times: 08:00:00 - 16:30:00; From: 2022-10-11, To: 2022-10-14, Times: 08:00:00 - 16:30:00; From: 2022-10-17, To: 2022-10-21, Times: 08:00:00 - 16:30:00; From: 2022-10-24, To: 2022-10-28, Times: 08:00:00 - 16:30:00; From: 2022-10-31, To: 2022-11-04, Times: 08:00:00 - 16:30:00; From: 2022-11-07, To: 2022-11-07, Times: 08:00:00 - 16:30:00",,46111,"604 W 6th St, Woonsocket, SD 57385, USA",WOONSOCKET,SANBORN,SOUTH DAKOTA,SD,44.053404,-98.277926,44.0535321,-98.2777351,44.0533313,-98.2780592,False,,False
spink,Spink County Courthouse,210 E 7th Ave Redfield SD 57469-1299,210 E 7th Ave,Redfield,SD,57469-1299,Locality wide location,false,true,"From: 2022-09-23, To: 2022-09-23, Times: 08:00:00 - 17:00:00; From: 2022-09-26, To: 2022-09-30, Times: 08:00:00 - 17:00:00; From: 2022-10-03, To: 2022-10-07, Times: 08:00:00 - 17:00:00; From: 2022-10-11, To: 2022-10-14, Times: 08:00:00 - 17:00:00; From: 2022-10-17, To: 2022-10-21, Times: 08:00:00 - 17:00:00; From: 2022-10-24, To: 2022-10-28, Times: 08:00:00 - 17:00:00; From: 2022-10-31, To: 2022-11-04, Times: 08:00:00 - 17:00:00; From: 2022-11-07, To: 2022-11-07, Times: 08:00:00 - 17:00:00",,46115,"210 E 7th Ave, Redfield, SD 57469, USA",REDFIELD,SPINK,SOUTH DAKOTA,SD,44.8751843,-98.5143409,44.8753328,-98.5142111,44.8750669,-98.51464659999999,False,,False
stanley,Stanley County Courthouse,08 E 2nd Ave Fort Pierre SD 57532,08 E 2nd Ave,Fort Pierre,SD,57532,Locality wide location,false,true,"From: 2022-09-23, To: 2022-09-23, Times: 08:00:00 - 12:00:00; From: 2022-09-23, To: 2022-09-23, Times: 13:00:00 - 17:00:00; From: 2022-09-26, To: 2022-09-30, Times: 08:00:00 - 12:00:00; From: 2022-09-26, To: 2022-09-30, Times: 13:00:00 - 17:00:00; From: 2022-10-03, To: 2022-10-07, Times: 08:00:00 - 12:00:00; From: 2022-10-03, To: 2022-10-07, Times: 13:00:00 - 17:00:00; From: 2022-10-11, To: 2022-10-14, Times: 08:00:00 - 12:00:00; From: 2022-10-11, To: 2022-10-14, Times: 13:00:00 - 17:00:00; From: 2022-10-17, To: 2022-10-21, Times: 08:00:00 - 12:00:00; From: 2022-10-17, To: 2022-10-21, Times: 13:00:00 - 17:00:00; From: 2022-10-24, To: 2022-10-28, Times: 08:00:00 - 12:00:00; From: 2022-10-24, To: 2022-10-28, Times: 13:00:00 - 17:00:00; From: 2022-10-31, To: 2022-11-04, Times: 08:00:00 - 12:00:00; From: 2022-10-31, To: 2022-11-04, Times: 13:00:00 - 17:00:00; From: 2022-11-07, To: 2022-11-07, Times: 08:00:00 - 12:00:00; From: 2022-11-07, To: 2022-11-07, Times: 13:00:00 - 17:00:00",,46117,"8 E 2nd Ave, Fort Pierre, SD 57532, USA",FORT PIERRE,STANLEY,SOUTH DAKOTA,SD,44.3553627,-100.3732567,44.3554954,-100.3729751,44.3552366,-100.3734954,False,,False
sully,Sully County Courthouse,700 Ash Ave Onida SD 57564,700 Ash Ave,Onida,SD,57564,Locality wide location,false,true,"From: 2022-09-23, To: 2022-09-23, Times: 07:30:00 - 11:30:00; From: 2022-09-23, To: 2022-09-23, Times: 12:30:00 - 16:30:00; From: 2022-09-26, To: 2022-09-30, Times: 07:30:00 - 11:30:00; From: 2022-09-26, To: 2022-09-30, Times: 12:30:00 - 16:30:00; From: 2022-10-03, To: 2022-10-07, Times: 07:30:00 - 11:30:00; From: 2022-10-03, To: 2022-10-07, Times: 12:30:00 - 16:30:00; From: 2022-10-11, To: 2022-10-14, Times: 07:30:00 - 11:30:00; From: 2022-10-11, To: 2022-10-14, Times: 12:30:00 - 16:30:00; From: 2022-10-17, To: 2022-10-21, Times: 07:30:00 - 11:30:00; From: 2022-10-17, To: 2022-10-21, Times: 12:30:00 - 16:30:00; From: 2022-10-24, To: 2022-10-28, Times: 07:30:00 - 11:30:00; From: 2022-10-24, To: 2022-10-28, Times: 12:30:00 - 16:30:00; From: 2022-10-31, To: 2022-11-04, Times: 07:30:00 - 11:30:00; From: 2022-10-31, To: 2022-11-04, Times: 12:30:00 - 16:30:00; From: 2022-11-07, To: 2022-11-07, Times: 07:30:00 - 11:30:00; From: 2022-11-07, To: 2022-11-07, Times: 12:30:00 - 16:30:00",4647180,46119,"700 Ash Ave, Onida, SD 57564, USA",ONIDA,SULLY,SOUTH DAKOTA,SD,44.708441,-100.0661142,44.7085203,-100.0659886,44.70834259999999,-100.0663081,False,,False
todd,Todd County Office Building,315 N Lincoln St Mission SD 57555,315 N Lincoln St,Mission,SD,57555,Locality wide location,false,true,"From: 2022-09-06, To: 2022-09-06, Times: 09:00:00 - 15:00:00; From: 2022-09-08, To: 2022-09-08, Times: 09:00:00 - 15:00:00; From: 2022-09-13, To: 2022-09-13, Times: 09:00:00 - 15:00:00; From: 2022-09-15, To: 2022-09-15, Times: 09:00:00 - 15:00:00; From: 2022-09-20, To: 2022-09-20, Times: 09:00:00 - 15:00:00; From: 2022-09-22, To: 2022-09-22, Times: 09:00:00 - 15:00:00; From: 2022-09-27, To: 2022-09-27, Times: 09:00:00 - 15:00:00; From: 2022-09-29, To: 2022-09-29, Times: 09:00:00 - 15:00:00; From: 2022-10-04, To: 2022-10-04, Times: 09:00:00 - 15:00:00; From: 2022-10-06, To: 2022-10-06, Times: 09:00:00 - 15:00:00; From: 2022-10-11, To: 2022-10-11, Times: 09:00:00 - 15:00:00; From: 2022-10-13, To: 2022-10-13, Times: 09:00:00 - 15:00:00; From: 2022-10-18, To: 2022-10-18, Times: 09:00:00 - 15:00:00; From: 2022-10-20, To: 2022-10-20, Times: 09:00:00 - 15:00:00; From: 2022-10-25, To: 2022-10-25, Times: 09:00:00 - 15:00:00; From: 2022-10-27, To: 2022-10-27, Times: 09:00:00 - 15:00:00; From: 2022-11-01, To: 2022-11-01, Times: 09:00:00 - 15:00:00; From: 2022-11-03, To: 2022-11-03, Times: 09:00:00 - 15:00:00",,46121,"315 Lincoln St, Mission, SD 57555, USA",MISSION,TODD,SOUTH DAKOTA,SD,43.3083566,-100.6575368,43.3084312,-100.6574045,43.308239,-100.6576058,False,,False
tripp,Tripp County Courthouse,200 E 3rd Ste Winner SD 57580,200 E 3rd Ste,Winner,SD,57580,Locality wide location,false,true,"From: 2022-09-23, To: 2022-09-23, Times: 08:00:00 - 17:00:00; From: 2022-09-26, To: 2022-09-30, Times: 08:00:00 - 17:00:00; From: 2022-10-03, To: 2022-10-07, Times: 08:00:00 - 17:00:00; From: 2022-10-11, To: 2022-10-14, Times: 08:00:00 - 17:00:00; From: 2022-10-17, To: 2022-10-21, Times: 08:00:00 - 17:00:00; From: 2022-10-24, To: 2022-10-28, Times: 08:00:00 - 17:00:00; From: 2022-10-31, To: 2022-11-04, Times: 08:00:00 - 17:00:00; From: 2022-11-07, To: 2022-11-07, Times: 08:00:00 - 17:00:00",,46123,"200 E 3rd St, Winner, SD 57580, USA",WINNER,TRIPP,SOUTH DAKOTA,SD,43.37602709999999,-99.8545685,43.3761315,-99.8542822,43.3759257,-99.8548454,False,,False
turner,Turner County Courthouse,400 S Main Parker SD 57053,400 S Main,Parker,SD,57053,Locality wide location,false,true,"From: 2022-09-23, To: 2022-09-23, Times: 08:30:00 - 17:00:00; From: 2022-09-26, To: 2022-09-30, Times: 08:30:00 - 17:00:00; From: 2022-10-03, To: 2022-10-07, Times: 08:30:00 - 17:00:00; From: 2022-10-11, To: 2022-10-14, Times: 08:30:00 - 17:00:00; From: 2022-10-17, To: 2022-10-21, Times: 08:30:00 - 17:00:00; From: 2022-10-24, To: 2022-10-28, Times: 08:30:00 - 17:00:00; From: 2022-10-31, To: 2022-11-04, Times: 08:30:00 - 17:00:00; From: 2022-11-07, To: 2022-11-07, Times: 08:30:00 - 17:00:00",,46125,"400 S Main St, Parker, SD 57053, USA",PARKER,TURNER,SOUTH DAKOTA,SD,43.3934417,-97.13675649999999,,,,,False,,False
union,Union County Courthouse,209 E Main St Elk Point SD 57025,209 E Main St,Elk Point,SD,57025,Locality wide location,false,true,"From: 2022-09-23, To: 2022-09-23, Times: 08:30:00 - 17:00:00; From: 2022-09-26, To: 2022-09-30, Times: 08:30:00 - 17:00:00; From: 2022-10-03, To: 2022-10-07, Times: 08:30:00 - 17:00:00; From: 2022-10-11, To: 2022-10-14, Times: 08:30:00 - 17:00:00; From: 2022-10-17, To: 2022-10-21, Times: 08:30:00 - 17:00:00; From: 2022-10-24, To: 2022-10-28, Times: 08:30:00 - 17:00:00; From: 2022-10-31, To: 2022-11-04, Times: 08:30:00 - 17:00:00; From: 2022-11-07, To: 2022-11-07, Times: 08:30:00 - 17:00:00",,46127,"209 E Main St, Elk Point, SD 57025, USA",ELK POINT,UNION,SOUTH DAKOTA,SD,42.6857523,-96.6828709,,,,,False,,False
walworth,Walworth County Courthouse,4304 4th Ave Selby SD 57472,4304 4th Ave,Selby,SD,57472,Locality wide location,false,true,"From: 2022-09-23, To: 2022-09-23, Times: 08:00:00 - 12:00:00; From: 2022-09-23, To: 2022-09-23, Times: 13:00:00 - 17:00:00; From: 2022-09-26, To: 2022-09-30, Times: 08:00:00 - 12:00:00; From: 2022-09-26, To: 2022-09-30, Times: 13:00:00 - 17:00:00; From: 2022-10-03, To: 2022-10-07, Times: 08:00:00 - 12:00:00; From: 2022-10-03, To: 2022-10-07, Times: 13:00:00 - 17:00:00; From: 2022-10-11, To: 2022-10-14, Times: 08:00:00 - 12:00:00; From: 2022-10-11, To: 2022-10-14, Times: 13:00:00 - 17:00:00; From: 2022-10-17, To: 2022-10-21, Times: 08:00:00 - 12:00:00; From: 2022-10-17, To: 2022-10-21, Times: 13:00:00 - 17:00:00; From: 2022-10-24, To: 2022-10-28, Times: 08:00:00 - 12:00:00; From: 2022-10-24, To: 2022-10-28, Times: 13:00:00 - 17:00:00; From: 2022-10-31, To: 2022-11-04, Times: 08:00:00 - 12:00:00; From: 2022-10-31, To: 2022-11-04, Times: 13:00:00 - 17:00:00; From: 2022-11-07, To: 2022-11-07, Times: 08:00:00 - 12:00:00; From: 2022-11-07, To: 2022-11-07, Times: 13:00:00 - 17:00:00",4658140,46129,"4304 4th Ave, Selby, SD 57472, USA",SELBY,WALWORTH,SOUTH DAKOTA,SD,45.5068724,-100.0344113,45.5070215,-100.0342759,45.5067864,-100.0345652,False,,False
yankton,Yankton County Government Center,321 W 3rd St Yankton SD 57058,321 W 3rd St,Yankton,SD,57058,Locality wide location,false,true,"From: 2022-09-23, To: 2022-09-23, Times: 09:00:00 - 17:00:00; From: 2022-09-26, To: 2022-09-30, Times: 09:00:00 - 17:00:00; From: 2022-10-03, To: 2022-10-07, Times: 09:00:00 - 17:00:00; From: 2022-10-11, To: 2022-10-14, Times: 09:00:00 - 17:00:00; From: 2022-10-17, To: 2022-10-21, Times: 09:00:00 - 17:00:00; From: 2022-10-24, To: 2022-10-28, Times: 09:00:00 - 17:00:00; From: 2022-10-31, To: 2022-11-04, Times: 09:00:00 - 17:00:00; From: 2022-11-07, To: 2022-11-07, Times: 09:00:00 - 17:00:00",,46135,"321 W 3rd St, Yankton, SD 57078, USA",YANKTON,YANKTON,SOUTH DAKOTA,SD,42.8692156,-97.39648659999999,42.8693397,-97.396339,42.8691265,-97.3967626,False,,False
ziebach,Ziebach County Courthouse,215 S Main St Dupree SD 57623,215 S Main St,Dupree,SD,57623,Locality wide location,false,true,"From: 2022-09-23, To: 2022-09-23, Times: 08:00:00 - 12:00:00; From: 2022-09-23, To: 2022-09-23, Times: 13:00:00 - 17:00:00; From: 2022-09-26, To: 2022-09-30, Times: 08:00:00 - 12:00:00; From: 2022-09-26, To: 2022-09-30, Times: 13:00:00 - 17:00:00; From: 2022-10-03, To: 2022-10-07, Times: 08:00:00 - 12:00:00; From: 2022-10-03, To: 2022-10-07, Times: 13:00:00 - 17:00:00; From: 2022-10-11, To: 2022-10-14, Times: 08:00:00 - 12:00:00; From: 2022-10-11, To: 2022-10-14, Times: 13:00:00 - 17:00:00; From: 2022-10-17, To: 2022-10-21, Times: 08:00:00 - 12:00:00; From: 2022-10-17, To: 2022-10-21, Times: 13:00:00 - 17:00:00; From: 2022-10-24, To: 2022-10-28, Times: 08:00:00 - 12:00:00; From: 2022-10-24, To: 2022-10-28, Times: 13:00:00 - 17:00:00; From: 2022-10-31, To: 2022-11-04, Times: 08:00:00 - 12:00:00; From: 2022-10-31, To: 2022-11-04, Times: 13:00:00 - 17:00:00; From: 2022-11-07, To: 2022-11-07, Times: 08:00:00 - 12:00:00; From: 2022-11-07, To: 2022-11-07, Times: 13:00:00 - 17:00:00",4617420,46137,"215 D St, Dupree, SD 57623, USA",DUPREE,ZIEBACH,SOUTH DAKOTA,SD,45.0490356,-101.6031416,,,,,False,,False
