Locality,Location Name,Address Full,Address Line,Address City,Address State,Address Zip,Precincts (Or Locality-wide),Is Drop Off,Is Early Voting,Schedules,Precinct FIPS,Locality FIPS,Google Address,City,County,State Long,State,Latitude,Longitude,NE Latitude,NE Longitude,SW Latitude,SW Longitude,Review Required,Problem,Duplicate
beaverhead,Beaverhead County Election Office,2 S Pacific St Dillon MT 59725,2 S Pacific St,Dillon,MT,59725,Locality wide location,false,true,"From: 2022-10-12, To: 2022-10-14, Times: 08:00:00 - 17:00:00; From: 2022-10-17, To: 2022-10-21, Times: 08:00:00 - 17:00:00; From: 2022-10-24, To: 2022-10-28, Times: 08:00:00 - 17:00:00; From: 2022-10-31, To: 2022-11-04, Times: 08:00:00 - 17:00:00; From: 2022-11-07, To: 2022-11-07, Times: 08:00:00 - 12:00:00",3020800,30001,"2 S Pacific St, Dillon, MT 59725, USA",DILLON,BEAVERHEAD,MONTANA,MT,45.2157642,-112.6340616,45.215887,-112.6338415,45.21559740000001,-112.6342623,False,,False
beaverhead,Beaverhead County Election Office,2 S Pacific St Dillon MT 59725,2 S Pacific St,Dillon,MT,59725,Locality wide location,true,false,"From: 2022-10-12, To: 2022-10-14, Times: 08:00:00 - 17:00:00; From: 2022-10-17, To: 2022-10-21, Times: 08:00:00 - 17:00:00; From: 2022-10-24, To: 2022-10-28, Times: 08:00:00 - 17:00:00; From: 2022-10-31, To: 2022-11-04, Times: 08:00:00 - 17:00:00; From: 2022-11-07, To: 2022-11-08, Times: 08:00:00 - 17:00:00",3020800,30001,"2 S Pacific St, Dillon, MT 59725, USA",DILLON,BEAVERHEAD,MONTANA,MT,45.2157642,-112.6340616,45.215887,-112.6338415,45.21559740000001,-112.6342623,False,,False
big_horn,Little Big Horn College,8645 South Weaver Dr Crow Agency MT 59022,8645 South Weaver Dr,Crow Agency,MT,59022,Locality wide location,false,true,"From: 2022-10-12, To: 2022-10-13, Times: 09:30:00 - 15:00:00; From: 2022-10-19, To: 2022-10-20, Times: 10:30:00 - 16:00:00; From: 2022-10-26, To: 2022-10-27, Times: 11:30:00 - 17:00:00; From: 2022-11-02, To: 2022-11-03, Times: 12:30:00 - 18:00:00",,,"8645 S Weaver Dr, Crow Agency, MT 59022, USA",CROW AGENCY,BIG HORN,MONTANA,MT,45.6050182,-107.4587525,,,,,False,,False
blaine,Blaine County Election Office,420 Ohio St Chinook MT 59523,420 Ohio St,Chinook,MT,59523,Locality wide location,false,true,"From: 2022-10-14, To: 2022-10-14, Times: 08:00:00 - 17:00:00; From: 2022-10-17, To: 2022-10-21, Times: 08:00:00 - 17:00:00; From: 2022-10-24, To: 2022-10-28, Times: 08:00:00 - 17:00:00; From: 2022-10-31, To: 2022-11-04, Times: 08:00:00 - 17:00:00",3014575,30005,"420 Ohio St N, Chinook, MT 59523, USA",CHINOOK,BLAINE,MONTANA,MT,48.591083,-109.2289013,48.59136909999999,-109.2286606,48.5909019,-109.2292156,False,,False
blaine,Enemy Killer Recreation Center,300 Youth Ranch Rd Dodson MT 59524,300 Youth Ranch Rd,Dodson,MT,59524,Locality wide location,false,true,"From: 2022-10-21, To: 2022-10-21, Times: 10:00:00 - 16:00:00; From: 2022-10-28, To: 2022-10-28, Times: 10:00:00 - 16:00:00; From: 2022-11-03, To: 2022-11-03, Times: 10:00:00 - 16:00:00",3021025,30005,"Dodson, MT 59538, USA",DODSON,PHILLIPS,MONTANA,MT,48.3955535,-108.2442994,48.399449,-108.2405431,48.3913358,-108.252866,True,Unexpected address size change,False
blaine,Fort Belknap Insurance Company,281 Chippewa Ave Ft Belknap Agency MT 59526,281 Chippewa Ave,Ft Belknap Agency,MT,59526,Locality wide location,false,true,"From: 2022-10-12, To: 2022-10-12, Times: 09:00:00 - 17:00:00; From: 2022-10-19, To: 2022-10-19, Times: 09:00:00 - 17:00:00; From: 2022-10-26, To: 2022-10-26, Times: 09:00:00 - 17:00:00; From: 2022-11-02, To: 2022-11-02, Times: 09:00:00 - 17:00:00",,30005,"Chippewa, Fort Belknap Agency, MT 59526, USA",FORT BELKNAP AGENCY,BLAINE,MONTANA,MT,48.4834975,-108.7595974,48.4846168,-108.757911,48.48184269999999,-108.7606454,True,Invalid final address,False
blaine,John Capture Center,129 John Capture Rd Hays MT 59527,129 John Capture Rd,Hays,MT,59527,Locality wide location,false,true,"From: 2022-10-13, To: 2022-10-13, Times: 10:00:00 - 16:00:00; From: 2022-10-20, To: 2022-10-20, Times: 10:00:00 - 16:00:00; From: 2022-10-27, To: 2022-10-27, Times: 10:00:00 - 16:00:00",,30005,"129 John Capture Rd, Hays, MT 59527, USA",HAYS,BLAINE,MONTANA,MT,47.99040919999999,-108.6959532,47.9905822,-108.6957354,47.990293,-108.6961582,False,,False
carbon,Carbon County Clerk & Recorder's Office,17 W 11th St Red Lodge MT 59068,17 W 11th St,Red Lodge,MT,59068,Locality wide location,false,true,"From: 2022-10-11, To: 2022-10-14, Times: 08:00:00 - 17:00:00; From: 2022-10-17, To: 2022-10-21, Times: 08:00:00 - 17:00:00; From: 2022-10-24, To: 2022-10-28, Times: 08:00:00 - 17:00:00; From: 2022-10-31, To: 2022-11-04, Times: 08:00:00 - 17:00:00; From: 2022-11-07, To: 2022-11-07, Times: 08:00:00 - 12:00:00",,30009,"17th St W, Red Lodge, MT 59068, USA",RED LODGE,CARBON,MONTANA,MT,45.1809391,-109.2503195,45.18160839999999,-109.246699,45.18038689999999,-109.2542771,True,Invalid final address,False
carbon,Carbon County Clerk & Recorder's Office,17 W 11th St Red Lodge MT 59068,17 W 11th St,Red Lodge,MT,59068,Locality wide location,true,false,"From: 2022-10-11, To: 2022-10-14, Times: 08:00:00 - 17:00:00; From: 2022-10-17, To: 2022-10-21, Times: 08:00:00 - 17:00:00; From: 2022-10-24, To: 2022-10-28, Times: 08:00:00 - 17:00:00; From: 2022-10-31, To: 2022-11-04, Times: 08:00:00 - 17:00:00; From: 2022-11-07, To: 2022-11-07, Times: 08:00:00 - 17:00:00; From: 2022-11-08, To: 2022-11-08, Times: 07:00:00 - 20:00:00",,30009,"17th St W, Red Lodge, MT 59068, USA",RED LODGE,CARBON,MONTANA,MT,45.1809391,-109.2503195,45.18160839999999,-109.246699,45.18038689999999,-109.2542771,True,Invalid final address,False
carter,Carter County Courthouse,214 Park St Ekalaka MT 59324,214 Park St,Ekalaka,MT,59324,Locality wide location,false,true,"From: 2022-10-14, To: 2022-10-14, Times: 08:00:00 - 12:00:00; From: 2022-10-14, To: 2022-10-14, Times: 13:00:00 - 17:00:00; From: 2022-10-17, To: 2022-10-21, Times: 08:00:00 - 12:00:00; From: 2022-10-17, To: 2022-10-21, Times: 13:00:00 - 17:00:00; From: 2022-10-24, To: 2022-10-28, Times: 08:00:00 - 12:00:00; From: 2022-10-24, To: 2022-10-28, Times: 13:00:00 - 17:00:00; From: 2022-10-31, To: 2022-11-04, Times: 08:00:00 - 12:00:00; From: 2022-10-31, To: 2022-11-04, Times: 13:00:00 - 17:00:00; From: 2022-11-07, To: 2022-11-07, Times: 08:00:00 - 12:00:00",3023650,30011,"214 E Park St, Ekalaka, MT 59324, USA",EKALAKA,CARTER,MONTANA,MT,45.8883593,-104.5486854,45.8884546,-104.5485226,45.88826599999999,-104.5489275,False,,False
cascade,Cascade County Election Office,325 2nd Avenue N Great Falls MT 59401,325 2nd Avenue N,Great Falls,MT,59401,Locality wide location,true,false,"From: 2022-10-14, To: 2022-10-14, Times: 07:00:00 - 17:00:00; From: 2022-10-17, To: 2022-10-21, Times: 07:00:00 - 17:00:00; From: 2022-10-24, To: 2022-10-28, Times: 07:00:00 - 17:00:00; From: 2022-10-29, To: 2022-10-29, Times: 09:00:00 - 16:00:00; From: 2022-10-31, To: 2022-11-04, Times: 07:00:00 - 17:00:00; From: 2022-11-05, To: 2022-11-05, Times: 09:00:00 - 16:00:00; From: 2022-11-07, To: 2022-11-07, Times: 07:00:00 - 17:00:00; From: 2022-11-08, To: 2022-11-08, Times: 07:00:00 - 20:00:00",3032800,30013,"325 2nd Ave N, Great Falls, MT 59401, USA",GREAT FALLS,CASCADE,MONTANA,MT,47.5078381,-111.3012242,,,,,False,,False
cascade,Cascade County Election Office (Until Oct. 28th),325 2nd Avenue N Great Falls MT 59401,325 2nd Avenue N,Great Falls,MT,59401,Locality wide location,false,true,"From: 2022-10-11, To: 2022-10-14, Times: 07:30:00 - 17:00:00; From: 2022-10-17, To: 2022-10-21, Times: 07:30:00 - 17:00:00; From: 2022-10-24, To: 2022-10-28, Times: 07:30:00 - 17:00:00",3032800,30013,"325 2nd Ave N, Great Falls, MT 59401, USA",GREAT FALLS,CASCADE,MONTANA,MT,47.5078381,-111.3012242,,,,,False,,False
cascade,Exhibition Hall at Montana Expo Park,400 3rd St NW Great Falls MT 59404,400 3rd St NW,Great Falls,MT,59404,Locality wide location,true,false,"From: 2022-10-31, To: 2022-11-04, Times: 07:00:00 - 17:00:00; From: 2022-11-07, To: 2022-11-07, Times: 07:00:00 - 17:00:00; From: 2022-11-08, To: 2022-11-08, Times: 07:00:00 - 20:00:00",3032800,30013,"400 3rd St NW, Great Falls, MT 59404, USA",GREAT FALLS,CASCADE,MONTANA,MT,47.5109594,-111.3190142,47.5111249,-111.3188178,47.51082780000001,-111.3192266,False,,False
cascade,Exhibition Hall at Montana Expo Park (Starting Oct. 31st),400 3rd St NW Great Falls MT 59404,400 3rd St NW,Great Falls,MT,59404,Locality wide location,false,true,"From: 2022-10-31, To: 2022-11-03, Times: 07:30:00 - 17:00:00; From: 2022-11-07, To: 2022-11-07, Times: 07:30:00 - 12:00:00",3032800,30013,"400 3rd St NW, Great Falls, MT 59404, USA",GREAT FALLS,CASCADE,MONTANA,MT,47.5109594,-111.3190142,47.5111249,-111.3188178,47.51082780000001,-111.3192266,False,,False
chouteau,Chouteau County Courthouse,1308 Franklin St Fort Benton MT 59442,1308 Franklin St,Fort Benton,MT,59442,Locality wide location,false,true,"From: 2022-10-11, To: 2022-10-14, Times: 08:00:00 - 17:00:00; From: 2022-10-17, To: 2022-10-21, Times: 08:00:00 - 17:00:00; From: 2022-10-24, To: 2022-10-28, Times: 08:00:00 - 17:00:00; From: 2022-10-31, To: 2022-11-04, Times: 08:00:00 - 17:00:00; From: 2022-11-07, To: 2022-11-07, Times: 08:00:00 - 12:00:00",,30015,"1308 Franklin St, Fort Benton, MT 59442, USA",FORT BENTON,CHOUTEAU,MONTANA,MT,47.8176313,-110.6716455,47.8178116,-110.6713615,47.8174803,-110.6718826,False,,False
chouteau,Chouteau County Courthouse,1308 Franklin St Fort Benton MT 59442,1308 Franklin St,Fort Benton,MT,59442,Locality wide location,true,false,"From: 2022-10-11, To: 2022-10-14, Times: 08:00:00 - 17:00:00; From: 2022-10-17, To: 2022-10-21, Times: 08:00:00 - 17:00:00; From: 2022-10-24, To: 2022-10-28, Times: 08:00:00 - 17:00:00; From: 2022-10-31, To: 2022-11-04, Times: 08:00:00 - 17:00:00; From: 2022-11-07, To: 2022-11-07, Times: 08:00:00 - 17:00:00; From: 2022-11-08, To: 2022-11-08, Times: 07:00:00 - 20:00:00",,30015,"1308 Franklin St, Fort Benton, MT 59442, USA",FORT BENTON,CHOUTEAU,MONTANA,MT,47.8176313,-110.6716455,47.8178116,-110.6713615,47.8174803,-110.6718826,False,,False
"chouteau, hill",Stone Child College,8294 Upper Box Elder Road Box Elder MT 59521,8294 Upper Box Elder Road,Box Elder,MT,59521,Locality wide location,false,true,"From: 2022-10-19, To: 2022-10-19, Times: 09:30:00 - 16:00:00; From: 2022-10-26, To: 2022-10-26, Times: 09:30:00 - 16:00:00; From: 2022-11-02, To: 2022-11-02, Times: 09:30:00 - 16:00:00; From: 2022-10-19, To: 2022-10-19, Times: 09:30:00 - 16:00:00; From: 2022-10-26, To: 2022-10-26, Times: 09:30:00 - 16:00:00; From: 2022-11-02, To: 2022-11-02, Times: 09:30:00 - 16:00:00",,30015,"8294 Upper Box Elder Rd, Box Elder, MT 59521, USA",BOX ELDER,CHOUTEAU,MONTANA,MT,48.2892755,-109.8695457,48.2893735,-109.8693447,48.2892225,-109.8697465,False,,False
custer,Custer County Election Department,1010 Main St Miles City MT 59301,1010 Main St,Miles City,MT,59301,Locality wide location,false,true,"From: 2022-10-11, To: 2022-10-14, Times: 08:00:00 - 17:00:00; From: 2022-10-17, To: 2022-10-21, Times: 08:00:00 - 17:00:00; From: 2022-10-24, To: 2022-10-28, Times: 08:00:00 - 17:00:00; From: 2022-10-31, To: 2022-11-04, Times: 08:00:00 - 17:00:00; From: 2022-11-07, To: 2022-11-07, Times: 08:00:00 - 12:00:00",3049525,30017,"1010 Main St, Miles City, MT 59301, USA",MILES CITY,CUSTER,MONTANA,MT,46.407635,-105.8449902,46.4077722,-105.844712,46.40745,-105.8453167,False,,False
daniels,Daniels County Courthouse,213 Main St Scobey MT 59623,213 Main St,Scobey,MT,59623,Locality wide location,false,true,"From: 2022-10-11, To: 2022-10-14, Times: 08:00:00 - 17:00:00; From: 2022-10-17, To: 2022-10-21, Times: 08:00:00 - 17:00:00; From: 2022-10-24, To: 2022-10-28, Times: 08:00:00 - 17:00:00; From: 2022-10-31, To: 2022-11-04, Times: 08:00:00 - 17:00:00; From: 2022-11-07, To: 2022-11-07, Times: 08:00:00 - 12:00:00",3066925,30019,"213 Main St, Scobey, MT 59263, USA",SCOBEY,DANIELS,MONTANA,MT,48.790897,-105.4204194,,,,,False,,False
dawson,Dawson County Courthouse,207 W Bell St Glendive MT 59330,207 W Bell St,Glendive,MT,59330,Locality wide location,false,true,"From: 2022-10-11, To: 2022-10-14, Times: 08:00:00 - 17:00:00; From: 2022-10-17, To: 2022-10-21, Times: 08:00:00 - 17:00:00; From: 2022-10-24, To: 2022-10-28, Times: 08:00:00 - 17:00:00; From: 2022-10-31, To: 2022-11-04, Times: 08:00:00 - 17:00:00; From: 2022-11-07, To: 2022-11-07, Times: 08:00:00 - 12:00:00",3031450,30021,"207 W Bell St, Glendive, MT 59330, USA",GLENDIVE,DAWSON,MONTANA,MT,47.104931,-104.7154685,47.1052139,-104.7150936,47.1046684,-104.7159295,False,,False
dawson,Dawson County Courthouse,207 W Bell St Glendive MT 59330,207 W Bell St,Glendive,MT,59330,Locality wide location,true,false,"From: 2022-10-11, To: 2022-10-14, Times: 08:00:00 - 17:00:00; From: 2022-10-17, To: 2022-10-21, Times: 08:00:00 - 17:00:00; From: 2022-10-24, To: 2022-10-28, Times: 08:00:00 - 17:00:00; From: 2022-10-31, To: 2022-11-04, Times: 08:00:00 - 17:00:00; From: 2022-11-07, To: 2022-11-07, Times: 08:00:00 - 17:00:00; From: 2022-11-08, To: 2022-11-08, Times: 07:00:00 - 20:00:00",3031450,30021,"207 W Bell St, Glendive, MT 59330, USA",GLENDIVE,DAWSON,MONTANA,MT,47.104931,-104.7154685,47.1052139,-104.7150936,47.1046684,-104.7159295,False,,False
deer_lodge,Deer Lodge County Election Office,800 Main St. Anaconda MT 59711,800 Main St.,Anaconda,MT,59711,Locality wide location,false,true,"From: 2022-10-11, To: 2022-10-14, Times: 08:00:00 - 17:00:00; From: 2022-10-17, To: 2022-10-21, Times: 08:00:00 - 17:00:00; From: 2022-10-24, To: 2022-10-28, Times: 08:00:00 - 17:00:00; From: 2022-10-31, To: 2022-11-04, Times: 08:00:00 - 17:00:00; From: 2022-11-07, To: 2022-11-07, Times: 08:00:00 - 12:00:00",3001675,,"800 Main St, Anaconda, MT 59711, USA",ANACONDA,DEER LODGE,MONTANA,MT,46.1231889,-112.9551194,46.1233182,-112.954845,46.1230639,-112.95533,False,,False
deer_lodge,Deer Lodge County Election Office,800 Main St. Anaconda MT 59711,800 Main St.,Anaconda,MT,59711,Locality wide location,true,false,"From: 2022-10-11, To: 2022-10-14, Times: 08:00:00 - 17:00:00; From: 2022-10-17, To: 2022-10-21, Times: 08:00:00 - 17:00:00; From: 2022-10-24, To: 2022-10-28, Times: 08:00:00 - 17:00:00; From: 2022-10-31, To: 2022-11-04, Times: 08:00:00 - 17:00:00; From: 2022-11-07, To: 2022-11-07, Times: 08:00:00 - 17:00:00; From: 2022-11-08, To: 2022-11-08, Times: 07:00:00 - 20:00:00",3001675,,"800 Main St, Anaconda, MT 59711, USA",ANACONDA,DEER LODGE,MONTANA,MT,46.1231889,-112.9551194,46.1233182,-112.954845,46.1230639,-112.95533,False,,False
fallon,Fallon County Clerk's Office,10 W Fallon Ave. Baker MT 59313,10 W Fallon Ave.,Baker,MT,59313,Locality wide location,false,true,"From: 2022-10-12, To: 2022-10-14, Times: 08:00:00 - 17:00:00; From: 2022-10-17, To: 2022-10-21, Times: 08:00:00 - 17:00:00; From: 2022-10-24, To: 2022-10-28, Times: 08:00:00 - 17:00:00; From: 2022-10-31, To: 2022-11-04, Times: 08:00:00 - 17:00:00; From: 2022-11-07, To: 2022-11-07, Times: 08:00:00 - 12:00:00",3003475,30025,"10 W Fallon Ave, Baker, MT 59313, USA",BAKER,FALLON,MONTANA,MT,46.3606555,-104.2764002,46.36079609999999,-104.2757049,46.3600052,-104.2767472,False,,False
fergus,Fergus County Courthouse,712 W Main Lewistown MT 59457,712 W Main,Lewistown,MT,59457,Locality wide location,false,true,"From: 2022-10-11, To: 2022-10-14, Times: 08:00:00 - 17:00:00; From: 2022-10-17, To: 2022-10-21, Times: 08:00:00 - 17:00:00; From: 2022-10-24, To: 2022-10-28, Times: 08:00:00 - 17:00:00; From: 2022-10-31, To: 2022-11-04, Times: 08:00:00 - 17:00:00; From: 2022-11-07, To: 2022-11-07, Times: 08:00:00 - 12:00:00",3043375,30027,"712 W Main St, Lewistown, MT 59457, USA",LEWISTOWN,FERGUS,MONTANA,MT,47.0625619,-109.4311452,47.0626793,-109.4309145,47.0623514,-109.4313974,False,,False
fergus,Fergus County Courthouse,712 W Main Lewistown MT 59457,712 W Main,Lewistown,MT,59457,Locality wide location,true,false,"From: 2022-10-11, To: 2022-10-14, Times: 08:00:00 - 17:00:00; From: 2022-10-17, To: 2022-10-21, Times: 08:00:00 - 17:00:00; From: 2022-10-24, To: 2022-10-28, Times: 08:00:00 - 17:00:00; From: 2022-10-31, To: 2022-11-04, Times: 08:00:00 - 17:00:00; From: 2022-11-07, To: 2022-11-07, Times: 08:00:00 - 17:00:00; From: 2022-11-08, To: 2022-11-08, Times: 07:00:00 - 20:00:00",3043375,30027,"712 W Main St, Lewistown, MT 59457, USA",LEWISTOWN,FERGUS,MONTANA,MT,47.0625619,-109.4311452,47.0626793,-109.4309145,47.0623514,-109.4313974,False,,False
flathead,Flathead County Elections Office,290 North Main St. Kalispell MT 59901,290 North Main St.,Kalispell,MT,59901,Locality wide location,false,true,"From: 2022-10-11, To: 2022-10-14, Times: 08:00:00 - 17:00:00; From: 2022-10-17, To: 2022-10-21, Times: 08:00:00 - 17:00:00; From: 2022-10-24, To: 2022-10-28, Times: 08:00:00 - 17:00:00; From: 2022-10-31, To: 2022-11-04, Times: 08:00:00 - 17:00:00; From: 2022-11-07, To: 2022-11-07, Times: 08:00:00 - 12:00:00",3040075,30029,"290 N Main St, Kalispell, MT 59901, USA",KALISPELL,FLATHEAD,MONTANA,MT,48.2028249,-114.3157946,,,,,False,,False
flathead,Flathead County Elections Office,290 North Main St. Kalispell MT 59901,290 North Main St.,Kalispell,MT,59901,Locality wide location,true,false,"From: 2022-10-11, To: 2022-10-14, Times: 08:00:00 - 17:00:00; From: 2022-10-17, To: 2022-10-21, Times: 08:00:00 - 17:00:00; From: 2022-10-24, To: 2022-10-28, Times: 08:00:00 - 17:00:00; From: 2022-10-31, To: 2022-11-04, Times: 08:00:00 - 17:00:00; From: 2022-11-07, To: 2022-11-07, Times: 08:00:00 - 17:00:00; From: 2022-11-08, To: 2022-11-08, Times: 07:00:00 - 20:00:00",3040075,30029,"290 N Main St, Kalispell, MT 59901, USA",KALISPELL,FLATHEAD,MONTANA,MT,48.2028249,-114.3157946,,,,,False,,False
gallatin,Gallatin County Courthouse,311 W. Main St. Bozeman MT 59715,311 W. Main St.,Bozeman,MT,59715,Locality wide location,false,true,"From: 2022-10-11, To: 2022-10-14, Times: 08:00:00 - 17:00:00; From: 2022-10-17, To: 2022-10-21, Times: 08:00:00 - 17:00:00; From: 2022-10-24, To: 2022-10-28, Times: 08:00:00 - 17:00:00; From: 2022-10-31, To: 2022-11-04, Times: 08:00:00 - 17:00:00; From: 2022-11-07, To: 2022-11-07, Times: 08:00:00 - 12:00:00",3008950,30031,"311 W Main St, Bozeman, MT 59715, USA",BOZEMAN,GALLATIN,MONTANA,MT,45.67966510000001,-111.041753,45.6798138,-111.0416242,45.6794984,-111.0420285,False,,False
garfield,Garfield County Clerk and Recorder's Office,352 Leavitt Ave Jordan MT 59337,352 Leavitt Ave,Jordan,MT,59337,Locality wide location,true,false,"From: 2022-10-17, To: 2022-10-21, Times: 08:00:00 - 17:00:00; From: 2022-10-24, To: 2022-10-28, Times: 08:00:00 - 17:00:00; From: 2022-10-31, To: 2022-11-04, Times: 08:00:00 - 17:00:00; From: 2022-11-07, To: 2022-11-07, Times: 08:00:00 - 17:00:00; From: 2022-11-08, To: 2022-11-08, Times: 07:00:00 - 20:00:00",3039925,30033,"352 Leavitt Ave, Jordan, MT 59337, USA",JORDAN,GARFIELD,MONTANA,MT,47.3188466,-106.9114203,,,,,False,,False
garfield,Garfield County Clerk's Office,352 Leavitt Ave Jordan MT 59337,352 Leavitt Ave,Jordan,MT,59337,Locality wide location,true,false,"From: 2022-10-11, To: 2022-10-14, Times: 08:00:00 - 17:00:00",3039925,30033,"352 Leavitt Ave, Jordan, MT 59337, USA",JORDAN,GARFIELD,MONTANA,MT,47.3188466,-106.9114203,,,,,False,,True
garfield,Garfield County Courthouse,352 Leavitt Ave Jordan MT 59337,352 Leavitt Ave,Jordan,MT,59337,Locality wide location,false,true,"From: 2022-10-11, To: 2022-10-14, Times: 08:00:00 - 12:00:00; From: 2022-10-11, To: 2022-10-14, Times: 13:00:00 - 17:00:00; From: 2022-10-17, To: 2022-10-21, Times: 08:00:00 - 12:00:00; From: 2022-10-17, To: 2022-10-21, Times: 13:00:00 - 17:00:00; From: 2022-10-24, To: 2022-10-28, Times: 08:00:00 - 12:00:00; From: 2022-10-24, To: 2022-10-28, Times: 13:00:00 - 17:00:00; From: 2022-10-31, To: 2022-11-04, Times: 08:00:00 - 12:00:00; From: 2022-10-31, To: 2022-11-04, Times: 13:00:00 - 17:00:00; From: 2022-11-07, To: 2022-11-07, Times: 08:00:00 - 12:00:00",3039925,30033,"352 Leavitt Ave, Jordan, MT 59337, USA",JORDAN,GARFIELD,MONTANA,MT,47.3188466,-106.9114203,,,,,False,,False
glacier,Glacier County Courthouse,512 East Main Street Cut Bank MT 59427,512 East Main Street,Cut Bank,MT,59427,Locality wide location,false,true,"From: 2022-10-11, To: 2022-10-14, Times: 08:00:00 - 17:00:00; From: 2022-10-17, To: 2022-10-21, Times: 08:00:00 - 17:00:00; From: 2022-10-24, To: 2022-10-28, Times: 08:00:00 - 17:00:00; From: 2022-10-31, To: 2022-11-04, Times: 08:00:00 - 17:00:00; From: 2022-11-07, To: 2022-11-07, Times: 08:00:00 - 12:00:00",3018775,30035,"512 E Main St, Cut Bank, MT 59427, USA",CUT BANK,GLACIER,MONTANA,MT,48.6322791,-112.3265391,,,,,False,,False
glacier,Glacier County Courthouse,512 East Main Street Cut Bank MT 59427,512 East Main Street,Cut Bank,MT,59427,Locality wide location,true,false,"From: 2022-10-11, To: 2022-10-14, Times: 08:00:00 - 17:00:00; From: 2022-10-17, To: 2022-10-21, Times: 08:00:00 - 17:00:00; From: 2022-10-24, To: 2022-10-28, Times: 08:00:00 - 17:00:00; From: 2022-10-31, To: 2022-11-04, Times: 08:00:00 - 17:00:00; From: 2022-11-07, To: 2022-11-08, Times: 08:00:00 - 17:00:00",3018775,30035,"512 E Main St, Cut Bank, MT 59427, USA",CUT BANK,GLACIER,MONTANA,MT,48.6322791,-112.3265391,,,,,False,,False
glacier,Glacier County Satellite Office,12 Starr School Rd. Browning MT 59417,12 Starr School Rd.,Browning,MT,59417,Locality wide location,true,false,"From: 2022-10-12, To: 2022-10-13, Times: 09:00:00 - 12:00:00; From: 2022-10-12, To: 2022-10-13, Times: 13:00:00 - 15:00:00; From: 2022-10-18, To: 2022-10-20, Times: 09:00:00 - 12:00:00; From: 2022-10-18, To: 2022-10-20, Times: 13:00:00 - 15:00:00; From: 2022-10-25, To: 2022-10-27, Times: 09:00:00 - 12:00:00; From: 2022-10-25, To: 2022-10-27, Times: 13:00:00 - 15:00:00; From: 2022-11-01, To: 2022-11-03, Times: 09:00:00 - 12:00:00; From: 2022-11-01, To: 2022-11-03, Times: 13:00:00 - 15:00:00",3010375,30035,"12 Starr School Rd, Browning, MT 59417, USA",BROWNING,GLACIER,MONTANA,MT,48.5749775,-113.0163369,48.5750695,-113.0159798,48.57478460000001,-113.0164767,False,,False
golden_valley,Golden Valley County Clerk's Office,107 Kemp ST. Ryegate MT 59074,107 Kemp ST.,Ryegate,MT,59074,Locality wide location,false,true,"From: 2022-10-11, To: 2022-10-14, Times: 08:00:00 - 17:00:00; From: 2022-10-17, To: 2022-10-21, Times: 08:00:00 - 17:00:00; From: 2022-10-24, To: 2022-10-28, Times: 08:00:00 - 17:00:00; From: 2022-10-31, To: 2022-11-04, Times: 08:00:00 - 17:00:00; From: 2022-11-07, To: 2022-11-07, Times: 08:00:00 - 12:00:00",3064975,,"107 Kemp St, Ryegate, MT 59074, USA",RYEGATE,GOLDEN VALLEY,MONTANA,MT,46.29811489999999,-109.2581411,46.2982867,-109.2579807,46.2980595,-109.2582387,False,,False
granite,Granite County Courthouse,220 North Sansome St Philipsburg MT 59858,220 North Sansome St,Philipsburg,MT,59858,Locality wide location,false,true,"From: 2022-10-11, To: 2022-10-14, Times: 08:00:00 - 17:00:00; From: 2022-10-17, To: 2022-10-21, Times: 08:00:00 - 17:00:00; From: 2022-10-24, To: 2022-10-28, Times: 08:00:00 - 17:00:00; From: 2022-10-31, To: 2022-11-04, Times: 08:00:00 - 17:00:00; From: 2022-11-07, To: 2022-11-07, Times: 08:00:00 - 12:00:00",3057175,30039,"220 N Sansome St, Philipsburg, MT 59858, USA",PHILIPSBURG,GRANITE,MONTANA,MT,46.33351570000001,-113.293449,46.333616,-113.293252,46.3333465,-113.2936395,False,,False
granite,Granite County Courthouse,220 North Sansome St Philipsburg MT 59858,220 North Sansome St,Philipsburg,MT,59858,Locality wide location,true,false,"From: 2022-10-11, To: 2022-10-14, Times: 08:00:00 - 17:00:00; From: 2022-10-17, To: 2022-10-21, Times: 08:00:00 - 17:00:00; From: 2022-10-24, To: 2022-10-28, Times: 08:00:00 - 17:00:00; From: 2022-10-31, To: 2022-11-04, Times: 08:00:00 - 17:00:00; From: 2022-11-07, To: 2022-11-08, Times: 08:00:00 - 17:00:00",3057175,30039,"220 N Sansome St, Philipsburg, MT 59858, USA",PHILIPSBURG,GRANITE,MONTANA,MT,46.33351570000001,-113.293449,46.333616,-113.293252,46.3333465,-113.2936395,False,,False
hill,Hill County Courthouse,315 4th Street Havre MT 59501,315 4th Street,Havre,MT,59501,Locality wide location,false,true,"From: 2022-10-11, To: 2022-10-14, Times: 08:00:00 - 17:00:00; From: 2022-10-17, To: 2022-10-21, Times: 08:00:00 - 17:00:00; From: 2022-10-24, To: 2022-10-28, Times: 08:00:00 - 17:00:00; From: 2022-10-31, To: 2022-11-04, Times: 08:00:00 - 17:00:00; From: 2022-11-07, To: 2022-11-07, Times: 08:00:00 - 12:00:00",3035050,,"315 4th St, Havre, MT 59501, USA",HAVRE,HILL,MONTANA,MT,48.5506237,-109.6780969,48.5507436,-109.6778591,48.550508,-109.6782777,False,,False
jefferson,Jefferson County Clerk's Office,102 South Monroe St Boulder MT 59632,102 South Monroe St,Boulder,MT,59632,Locality wide location,false,true,"From: 2022-10-11, To: 2022-10-14, Times: 08:00:00 - 12:00:00; From: 2022-10-11, To: 2022-10-14, Times: 13:00:00 - 17:00:00; From: 2022-10-17, To: 2022-10-21, Times: 08:00:00 - 12:00:00; From: 2022-10-17, To: 2022-10-21, Times: 13:00:00 - 17:00:00; From: 2022-10-24, To: 2022-10-28, Times: 08:00:00 - 12:00:00; From: 2022-10-24, To: 2022-10-28, Times: 13:00:00 - 17:00:00; From: 2022-10-31, To: 2022-11-04, Times: 08:00:00 - 12:00:00; From: 2022-10-31, To: 2022-11-04, Times: 13:00:00 - 17:00:00; From: 2022-11-07, To: 2022-11-07, Times: 08:00:00 - 12:00:00",3008575,30043,"102 S Monroe St, Boulder, MT 59632, USA",BOULDER,JEFFERSON,MONTANA,MT,46.2361342,-112.1223125,46.2362845,-112.1221814,46.2359848,-112.122436,False,,False
judith_basin,Judith Basin County Clerk's Office,91 3rd Street North Stanford MT 59479,91 3rd Street North,Stanford,MT,59479,Locality wide location,false,true,"From: 2022-10-11, To: 2022-10-14, Times: 08:00:00 - 12:00:00; From: 2022-10-11, To: 2022-10-14, Times: 13:00:00 - 17:00:00; From: 2022-10-17, To: 2022-10-21, Times: 08:00:00 - 12:00:00; From: 2022-10-17, To: 2022-10-21, Times: 13:00:00 - 17:00:00; From: 2022-10-24, To: 2022-10-28, Times: 08:00:00 - 12:00:00; From: 2022-10-24, To: 2022-10-28, Times: 13:00:00 - 17:00:00; From: 2022-10-31, To: 2022-11-04, Times: 08:00:00 - 12:00:00; From: 2022-10-31, To: 2022-11-04, Times: 13:00:00 - 17:00:00; From: 2022-11-07, To: 2022-11-07, Times: 08:00:00 - 12:00:00",3070675,,"91 3rd St N, Stanford, MT 59479, USA",STANFORD,JUDITH BASIN,MONTANA,MT,47.1534872,-110.2221841,47.15364049999999,-110.2220642,47.1533788,-110.2223441,True,Unexpected address size change,False
lake,Arlee Indian Senior Center,11 Bitteroot Jim Rd Arlee MT 59821,11 Bitteroot Jim Rd,Arlee,MT,59821,Locality wide location,false,true,"From: 2022-11-03, To: 2022-11-04, Times: 12:30:00 - 19:00:00",,30047,"Bitterroot Jim Rd, Arlee, MT 59821, USA",ARLEE,LAKE,MONTANA,MT,47.1691194,-114.091549,47.1709322,-114.0895532,47.1673177,-114.09353,True,Invalid final address,False
lake,CSKT Tribal Complex,42487 Complex Blvd. Pablo MT 59855,42487 Complex Blvd.,Pablo,MT,59855,Locality wide location,false,true,"From: 2022-11-07, To: 2022-11-07, Times: 08:00:00 - 12:00:00",,30047,"Pablo, MT 59855, USA",PABLO,LAKE,MONTANA,MT,47.602957,-114.1195251,,,,,True,Unexpected address size change,False
lake,Elmo Health Center,33116 US Hwy 93 N Elmo MT 59915,33116 US Hwy 93 N,Elmo,MT,59915,Locality wide location,false,true,"From: 2022-11-01, To: 2022-11-01, Times: 12:30:00 - 19:00:00",,30047,"33116 US Hwy 93, Elmo, MT 59915, USA",ELMO,LAKE,MONTANA,MT,47.8167359,-114.3401256,,,,,False,,False
lake,Lake County Election Office,106 Fourth Avenue E Polson MT 59860,106 Fourth Avenue E,Polson,MT,59860,Locality wide location,false,true,"From: 2022-10-11, To: 2022-10-14, Times: 08:00:00 - 17:00:00; From: 2022-10-17, To: 2022-10-21, Times: 08:00:00 - 17:00:00; From: 2022-10-24, To: 2022-10-28, Times: 08:00:00 - 17:00:00; From: 2022-10-31, To: 2022-11-04, Times: 08:00:00 - 17:00:00; From: 2022-11-07, To: 2022-11-07, Times: 08:00:00 - 12:00:00",3058750,30047,"106 4th Ave E, Polson, MT 59860, USA",POLSON,LAKE,MONTANA,MT,47.6916908,-114.1611832,,,,,False,,False
lake,Lake County Election Office,106 Fourth Avenue E Polson MT 59860,106 Fourth Avenue E,Polson,MT,59860,Locality wide location,true,false,"From: 2022-10-11, To: 2022-10-14, Times: 08:00:00 - 17:00:00; From: 2022-10-17, To: 2022-10-21, Times: 08:00:00 - 17:00:00; From: 2022-10-24, To: 2022-10-28, Times: 08:00:00 - 17:00:00; From: 2022-10-31, To: 2022-11-04, Times: 08:00:00 - 17:00:00; From: 2022-11-07, To: 2022-11-07, Times: 08:00:00 - 17:00:00; From: 2022-11-08, To: 2022-11-08, Times: 07:00:00 - 20:00:00",3058750,30047,"106 4th Ave E, Polson, MT 59860, USA",POLSON,LAKE,MONTANA,MT,47.6916908,-114.1611832,,,,,False,,False
lake,Ronan Indian Senior Center,12 Terrace Lake Rd. Ronan MT 59864,12 Terrace Lake Rd.,Ronan,MT,59864,Locality wide location,false,true,"From: 2022-11-05, To: 2022-11-05, Times: 12:30:00 - 19:00:00",3064150,30047,"12 Terrace Lake Rd, Ronan, MT 59864, USA",RONAN,LAKE,MONTANA,MT,47.5298074,-114.0969817,,,,,False,,False
lake,Salish Kootenai College,58138 US 93 Pablo MT 59855,58138 US 93,Pablo,MT,59855,Locality wide location,false,true,"From: 2022-11-02, To: 2022-11-02, Times: 12:30:00 - 19:00:00",,30047,"58138 US-93, Ronan, MT 59864, USA",RONAN,LAKE,MONTANA,MT,47.5974854,-114.1117964,,,,,False,,False
lewis_and_clark,Lewis and Clark County Election Department,316 N Park Ave Helena MT 59623,316 N Park Ave,Helena,MT,59623,Locality wide location,false,true,"From: 2022-10-11, To: 2022-10-14, Times: 08:00:00 - 17:00:00; From: 2022-10-17, To: 2022-10-21, Times: 08:00:00 - 17:00:00; From: 2022-10-24, To: 2022-10-28, Times: 08:00:00 - 17:00:00; From: 2022-10-31, To: 2022-11-04, Times: 08:00:00 - 17:00:00; From: 2022-11-07, To: 2022-11-07, Times: 08:00:00 - 12:00:00",,,"city county building, 316 N Park Ave, Helena, MT 59601, USA",HELENA,LEWIS AND CLARK,MONTANA,MT,46.5898784,-112.0407093,46.5901196,-112.0404641,46.5896491,-112.0410703,False,,False
lewis_and_clark,Lewis and Clark County Election Department,316 N Park Ave Helena MT 59623,316 N Park Ave,Helena,MT,59623,Locality wide location,true,false,"From: 2022-10-11, To: 2022-10-14, Times: 08:00:00 - 17:00:00; From: 2022-10-17, To: 2022-10-21, Times: 08:00:00 - 17:00:00; From: 2022-10-24, To: 2022-10-28, Times: 08:00:00 - 17:00:00; From: 2022-10-31, To: 2022-11-04, Times: 08:00:00 - 17:00:00; From: 2022-11-07, To: 2022-11-07, Times: 08:00:00 - 17:00:00; From: 2022-11-08, To: 2022-11-08, Times: 07:00:00 - 20:00:00",,,"city county building, 316 N Park Ave, Helena, MT 59601, USA",HELENA,LEWIS AND CLARK,MONTANA,MT,46.5898784,-112.0407093,46.5901196,-112.0404641,46.5896491,-112.0410703,False,,False
liberty,Liberty County Election Office,111 First Street East Chester MT 59522,111 First Street East,Chester,MT,59522,Locality wide location,false,true,"From: 2022-10-11, To: 2022-10-14, Times: 08:00:00 - 17:00:00; From: 2022-10-17, To: 2022-10-21, Times: 08:00:00 - 17:00:00; From: 2022-10-24, To: 2022-10-28, Times: 08:00:00 - 17:00:00; From: 2022-10-31, To: 2022-11-04, Times: 08:00:00 - 17:00:00; From: 2022-11-07, To: 2022-11-07, Times: 08:00:00 - 12:00:00",3014200,30051,"111 1st St E, Chester, MT 59522, USA",CHESTER,LIBERTY,MONTANA,MT,48.51252239999999,-110.964251,48.5126374,-110.9641253,48.5123581,-110.9644558,True,Unexpected address size change,False
liberty,Liberty County Election Office,111 First Street East Chester MT 59522,111 First Street East,Chester,MT,59522,Locality wide location,true,false,"From: 2022-10-11, To: 2022-10-14, Times: 08:00:00 - 17:00:00; From: 2022-10-17, To: 2022-10-21, Times: 08:00:00 - 17:00:00; From: 2022-10-24, To: 2022-10-28, Times: 08:00:00 - 17:00:00; From: 2022-10-31, To: 2022-11-04, Times: 08:00:00 - 17:00:00; From: 2022-11-07, To: 2022-11-07, Times: 08:00:00 - 17:00:00; From: 2022-11-08, To: 2022-11-08, Times: 07:00:00 - 20:00:00",3014200,30051,"111 1st St E, Chester, MT 59522, USA",CHESTER,LIBERTY,MONTANA,MT,48.51252239999999,-110.964251,48.5126374,-110.9641253,48.5123581,-110.9644558,True,Unexpected address size change,False
lincoln,Eureka Dispatch Office,108 Dewey Ave. Eureka MT 59917,108 Dewey Ave.,Eureka,MT,59917,Locality wide location,true,false,"From: 2022-10-11, To: 2022-11-05, Times: 00:00:00 - 23:59:59; From: 2022-11-08, To: 2022-11-08, Times: 00:00:00 - 20:00:00; From: 2022-11-06, To: 2022-11-06, Times: 00:00:00 - 23:59:59; From: 2022-11-07, To: 2022-11-07, Times: 00:00:00 - 23:59:59",3024850,30053,"108 Dewey Ave, Eureka, MT 59917, USA",EUREKA,LINCOLN,MONTANA,MT,48.879356,-115.0525522,,,,,False,,False
lincoln,Libby Sherriff's Office Dispatch,512 California Ave. Libby MT 59923,512 California Ave.,Libby,MT,59923,Locality wide location,true,false,"From: 2022-10-11, To: 2022-11-05, Times: 00:00:00 - 23:59:59; From: 2022-11-08, To: 2022-11-08, Times: 00:00:00 - 20:00:00; From: 2022-11-06, To: 2022-11-06, Times: 00:00:00 - 23:59:59; From: 2022-11-07, To: 2022-11-07, Times: 00:00:00 - 23:59:59",3043450,30053,"512 California Ave, Libby, MT 59923, USA",LIBBY,LINCOLN,MONTANA,MT,48.3914382,-115.5542244,48.3917178,-115.5539121,48.3912582,-115.5545533,False,,False
lincoln,Lincoln County Election Office,418 Mineral Avenue Libby MT 59923,418 Mineral Avenue,Libby,MT,59923,Locality wide location,false,true,"From: 2022-10-11, To: 2022-10-14, Times: 08:00:00 - 17:00:00; From: 2022-10-17, To: 2022-10-21, Times: 08:00:00 - 17:00:00; From: 2022-10-24, To: 2022-10-28, Times: 08:00:00 - 17:00:00; From: 2022-10-31, To: 2022-11-04, Times: 08:00:00 - 17:00:00; From: 2022-11-07, To: 2022-11-07, Times: 08:00:00 - 12:00:00",3043450,30053,"418 Mineral Ave, Libby, MT 59923, USA",LIBBY,LINCOLN,MONTANA,MT,48.3915988,-115.552092,,,,,False,,False
lincoln,Troy Dispatch Office,301 E. Kootenai Ave. Troy MT 59923,301 E. Kootenai Ave.,Troy,MT,59923,Locality wide location,true,false,"From: 2022-10-11, To: 2022-11-05, Times: 00:00:00 - 23:59:59; From: 2022-11-08, To: 2022-11-08, Times: 00:00:00 - 20:00:00; From: 2022-11-06, To: 2022-11-06, Times: 00:00:00 - 23:59:59; From: 2022-11-07, To: 2022-11-07, Times: 00:00:00 - 23:59:59",3075025,30053,"301 E Kootenai Ave, Troy, MT 59935, USA",TROY,LINCOLN,MONTANA,MT,48.4630058,-115.8909335,,,,,False,,False
madison,Madison County Clerk and Recorder's Office,103 W Wallace St Virginia City MT 59755,103 W Wallace St,Virginia City,MT,59755,Locality wide location,false,true,"From: 2022-10-11, To: 2022-10-14, Times: 08:00:00 - 17:00:00; From: 2022-10-17, To: 2022-10-21, Times: 08:00:00 - 17:00:00; From: 2022-10-24, To: 2022-10-28, Times: 08:00:00 - 17:00:00; From: 2022-10-31, To: 2022-11-04, Times: 08:00:00 - 17:00:00; From: 2022-11-07, To: 2022-11-07, Times: 08:00:00 - 12:00:00",3077125,30057,"103 Wallace St, Virginia City, MT 59755, USA",VIRGINIA CITY,MADISON,MONTANA,MT,45.2938687,-111.9446226,,,,,False,,False
madison,Madison County Clerk and Recorder's Office,103 W Wallace St Virginia City MT 59755,103 W Wallace St,Virginia City,MT,59755,Locality wide location,true,false,"From: 2022-10-11, To: 2022-10-14, Times: 08:00:00 - 17:00:00; From: 2022-10-17, To: 2022-10-21, Times: 08:00:00 - 17:00:00; From: 2022-10-24, To: 2022-10-28, Times: 08:00:00 - 17:00:00; From: 2022-10-31, To: 2022-11-04, Times: 08:00:00 - 17:00:00; From: 2022-11-07, To: 2022-11-08, Times: 08:00:00 - 17:00:00",3077125,30057,"103 Wallace St, Virginia City, MT 59755, USA",VIRGINIA CITY,MADISON,MONTANA,MT,45.2938687,-111.9446226,,,,,False,,False
mccone,McCone County Clerk and Recorder's Office,1004 C. Avenue Circle MT 59215,1004 C. Avenue,Circle,MT,59215,Locality wide location,false,true,"From: 2022-10-11, To: 2022-10-14, Times: 08:00:00 - 17:00:00; From: 2022-10-17, To: 2022-10-21, Times: 08:00:00 - 17:00:00; From: 2022-10-24, To: 2022-10-28, Times: 08:00:00 - 17:00:00; From: 2022-10-31, To: 2022-11-04, Times: 08:00:00 - 17:00:00; From: 2022-11-07, To: 2022-11-07, Times: 08:00:00 - 12:00:00",3014950,30055,"1004 C Ave, Circle, MT 59215, USA",CIRCLE,MCCONE,MONTANA,MT,47.4163234,-105.5904859,47.4164308,-105.5903448,47.4162098,-105.5906443,False,,False
mccone,McCone County Courthouse,1004 C. Avenue Circle MT 59215,1004 C. Avenue,Circle,MT,59215,Locality wide location,true,false,"From: 2022-10-11, To: 2022-11-05, Times: 00:00:00 - 23:59:59; From: 2022-11-08, To: 2022-11-08, Times: 00:00:00 - 20:00:00; From: 2022-11-06, To: 2022-11-06, Times: 00:00:00 - 23:59:59; From: 2022-11-07, To: 2022-11-07, Times: 00:00:00 - 23:59:59",3014950,30055,"1004 C Ave, Circle, MT 59215, USA",CIRCLE,MCCONE,MONTANA,MT,47.4163234,-105.5904859,47.4164308,-105.5903448,47.4162098,-105.5906443,False,,False
meagher,Meagher County Courthouse,15 West Main Street White Sulphur Springs MT 59645,15 West Main Street,White Sulphur Springs,MT,59645,Locality wide location,false,true,"From: 2022-10-11, To: 2022-10-14, Times: 08:00:00 - 16:00:00; From: 2022-10-17, To: 2022-10-21, Times: 08:00:00 - 16:00:00; From: 2022-10-24, To: 2022-10-28, Times: 08:00:00 - 16:00:00; From: 2022-10-31, To: 2022-11-04, Times: 08:00:00 - 16:00:00; From: 2022-11-07, To: 2022-11-07, Times: 08:00:00 - 12:00:00",,30059,"15 W Main St, White Sulphur Springs, MT 59645, USA",WHITE SULPHUR SPRINGS,MEAGHER,MONTANA,MT,46.5485245,-110.9042078,46.548613,-110.9040006,46.5484494,-110.9043621,False,,False
mineral,Mineral County Clerk's Office,300 River Street Superior MT 59872,300 River Street,Superior,MT,59872,Locality wide location,false,true,"From: 2022-10-11, To: 2022-10-14, Times: 08:00:00 - 17:00:00; From: 2022-10-17, To: 2022-10-21, Times: 08:00:00 - 17:00:00; From: 2022-10-24, To: 2022-10-28, Times: 08:00:00 - 17:00:00; From: 2022-10-31, To: 2022-11-04, Times: 08:00:00 - 17:00:00; From: 2022-11-07, To: 2022-11-07, Times: 08:00:00 - 12:00:00",3072625,30061,"300 River St, Superior, MT 59872, USA",SUPERIOR,MINERAL,MONTANA,MT,47.1928423,-114.8904334,,,,,False,,False
missoula,Frenchtown Fire Station,16875 Marion St Frenchtown MT 59834,16875 Marion St,Frenchtown,MT,59834,Locality wide location,false,true,"From: 2022-10-24, To: 2022-10-24, Times: 10:00:00 - 14:00:00",,30063,"16875 Marion St, Frenchtown, MT 59834, USA",FRENCHTOWN,MISSOULA,MONTANA,MT,47.0143739,-114.2317438,47.0145325,-114.2314675,47.0142158,-114.2319453,False,,False
missoula,Gray Wolf Peak Casino,20750 US-93 Missoula MT 59808,20750 US-93,Missoula,MT,59808,Locality wide location,false,true,"From: 2022-11-04, To: 2022-11-04, Times: 12:30:00 - 19:00:00; From: 2022-11-07, To: 2022-11-07, Times: 08:00:00 - 12:00:00",3050200,30063,"20750 US-93, Missoula, MT 59808, USA",MISSOULA,MISSOULA,MONTANA,MT,47.0722309,-114.0623352,47.0724103,-114.0620416,47.0720628,-114.0625689,False,,False
missoula,Missoula County Elections Department,140 N. Russell St. Missoula MT 59801,140 N. Russell St.,Missoula,MT,59801,Locality wide location,false,true,"From: 2022-10-11, To: 2022-10-14, Times: 08:00:00 - 17:00:00; From: 2022-10-17, To: 2022-10-21, Times: 08:00:00 - 17:00:00; From: 2022-10-24, To: 2022-10-28, Times: 08:00:00 - 17:00:00; From: 2022-10-31, To: 2022-10-31, Times: 08:00:00 - 17:00:00; From: 2022-11-01, To: 2022-11-04, Times: 08:00:00 - 18:00:00; From: 2022-11-05, To: 2022-11-05, Times: 10:00:00 - 14:00:00; From: 2022-11-07, To: 2022-11-07, Times: 08:00:00 - 12:00:00",3050200,30063,"140 N Russell St, Missoula, MT 59801, USA",MISSOULA,MISSOULA,MONTANA,MT,46.8716892,-114.0179244,46.87179219999999,-114.0178276,46.8714764,-114.0180382,False,,False
missoula,Missoula County Elections Department,140 N. Russell St. Missoula MT 59801,140 N. Russell St.,Missoula,MT,59801,Locality wide location,true,false,"From: 2022-10-11, To: 2022-11-05, Times: 00:00:00 - 23:59:59; From: 2022-11-08, To: 2022-11-08, Times: 00:00:00 - 20:00:00; From: 2022-11-06, To: 2022-11-06, Times: 00:00:00 - 23:59:59; From: 2022-11-07, To: 2022-11-07, Times: 00:00:00 - 23:59:59",3050200,30063,"140 N Russell St, Missoula, MT 59801, USA",MISSOULA,MISSOULA,MONTANA,MT,46.8716892,-114.0179244,46.87179219999999,-114.0178276,46.8714764,-114.0180382,False,,False
missoula,Missoula County Fairgrounds,1101 South Ave W Missoula MT 59801,1101 South Ave W,Missoula,MT,59801,Locality wide location,true,false,"From: 2022-11-05, To: 2022-11-05, Times: 10:00:00 - 14:00:00; From: 2022-11-07, To: 2022-11-07, Times: 08:00:00 - 17:00:00; From: 2022-11-08, To: 2022-11-08, Times: 07:00:00 - 20:00:00",3050200,30063,"1101 South Ave W, Missoula, MT 59801, USA",MISSOULA,MISSOULA,MONTANA,MT,46.84734479999999,-114.0175578,46.8480308,-114.0173595,46.8466849,-114.0179156,False,,False
missoula,Seeley Lake,3360 HWY 83 N Seeley Lake MT 59868,3360 HWY 83 N,Seeley Lake,MT,59868,Locality wide location,false,true,"From: 2022-11-02, To: 2022-11-02, Times: 10:00:00 - 14:00:00",,30063,"Seeley Lake, MT, USA",SEELEY LAKE,MISSOULA,MONTANA,MT,47.1793799,-113.4845229,47.1955299,-113.410277,47.115096,-113.5164681,True,Unexpected address size change,False
missoula,University of Montana,32 Campus Dr. Missoula MT 59812,32 Campus Dr.,Missoula,MT,59812,Locality wide location,false,true,"From: 2022-10-28, To: 2022-10-28, Times: 10:00:00 - 16:00:00",3050200,30063,"32 Campus Dr, Missoula, MT 59812, USA",MISSOULA,MISSOULA,MONTANA,MT,46.8633149,-113.9803321,,,,,False,,False
musselshell,Musselshell County Clerk's Office,506 Main Street Roundup MT 59072,506 Main Street,Roundup,MT,59072,Locality wide location,false,true,"From: 2022-10-11, To: 2022-10-14, Times: 08:00:00 - 17:00:00; From: 2022-10-17, To: 2022-10-21, Times: 08:00:00 - 17:00:00; From: 2022-10-24, To: 2022-10-28, Times: 08:00:00 - 17:00:00; From: 2022-10-31, To: 2022-11-04, Times: 08:00:00 - 17:00:00; From: 2022-11-07, To: 2022-11-07, Times: 08:00:00 - 12:00:00",3064525,30065,"506 Main St, Roundup, MT 59072, USA",ROUNDUP,MUSSELSHELL,MONTANA,MT,46.44620889999999,-108.5414931,46.4463117,-108.5413833,46.4460631,-108.5415888,False,,False
musselshell,Musselshell County Clerk's Office,506 Main Street Roundup MT 59072,506 Main Street,Roundup,MT,59072,Locality wide location,true,false,"From: 2022-10-11, To: 2022-10-14, Times: 08:00:00 - 17:00:00; From: 2022-10-17, To: 2022-10-21, Times: 08:00:00 - 17:00:00; From: 2022-10-24, To: 2022-10-28, Times: 08:00:00 - 17:00:00; From: 2022-10-31, To: 2022-11-04, Times: 08:00:00 - 17:00:00; From: 2022-11-07, To: 2022-11-08, Times: 08:00:00 - 17:00:00",3064525,30065,"506 Main St, Roundup, MT 59072, USA",ROUNDUP,MUSSELSHELL,MONTANA,MT,46.44620889999999,-108.5414931,46.4463117,-108.5413833,46.4460631,-108.5415888,False,,False
park,Park County Clerk & Recorder's Office,414 E Callendar St Livingston MT 59047,414 E Callendar St,Livingston,MT,59047,Locality wide location,false,true,"From: 2022-10-11, To: 2022-10-14, Times: 08:00:00 - 17:00:00; From: 2022-10-17, To: 2022-10-21, Times: 08:00:00 - 17:00:00; From: 2022-10-24, To: 2022-10-28, Times: 08:00:00 - 17:00:00; From: 2022-10-31, To: 2022-11-04, Times: 08:00:00 - 17:00:00; From: 2022-11-07, To: 2022-11-07, Times: 08:00:00 - 12:00:00",3043975,30067,"414 E Callender St, Livingston, MT 59047, USA",LIVINGSTON,PARK,MONTANA,MT,45.6632984,-110.5556692,,,,,False,,False
park,Park County Clerk & Recorder's Office,414 E Callendar St Livingston MT 59047,414 E Callendar St,Livingston,MT,59047,Locality wide location,true,false,"From: 2022-10-11, To: 2022-10-14, Times: 08:00:00 - 17:00:00; From: 2022-10-17, To: 2022-10-21, Times: 08:00:00 - 17:00:00; From: 2022-10-24, To: 2022-10-28, Times: 08:00:00 - 17:00:00; From: 2022-10-31, To: 2022-11-04, Times: 08:00:00 - 17:00:00; From: 2022-11-07, To: 2022-11-07, Times: 08:00:00 - 17:00:00; From: 2022-11-08, To: 2022-11-08, Times: 07:00:00 - 20:00:00",3043975,30067,"414 E Callender St, Livingston, MT 59047, USA",LIVINGSTON,PARK,MONTANA,MT,45.6632984,-110.5556692,,,,,False,,False
petroleum,Petroleum County Clerk & Recorder's Office,302 E Main Winnett MT 59087,302 E Main,Winnett,MT,59087,Locality wide location,false,true,"From: 2022-10-13, To: 2022-10-14, Times: 08:00:00 - 17:00:00; From: 2022-10-17, To: 2022-10-21, Times: 08:00:00 - 17:00:00; From: 2022-10-24, To: 2022-10-28, Times: 08:00:00 - 17:00:00; From: 2022-10-31, To: 2022-11-04, Times: 08:00:00 - 17:00:00; From: 2022-11-07, To: 2022-11-07, Times: 08:00:00 - 12:00:00",3081100,30069,"Winnett, MT 59087, USA",WINNETT,PETROLEUM,MONTANA,MT,47.002759,-108.3520716,47.012669,-108.336243,46.996879,-108.356647,True,Unexpected address size change,False
petroleum,Petroleum County Clerk & Recorder's Office,302 E Main Winnett MT 59087,302 E Main,Winnett,MT,59087,Locality wide location,true,false,"From: 2022-10-13, To: 2022-10-14, Times: 08:00:00 - 17:00:00; From: 2022-10-17, To: 2022-10-21, Times: 08:00:00 - 17:00:00; From: 2022-10-24, To: 2022-10-28, Times: 08:00:00 - 17:00:00; From: 2022-10-31, To: 2022-11-04, Times: 08:00:00 - 17:00:00; From: 2022-11-07, To: 2022-11-07, Times: 08:00:00 - 17:00:00; From: 2022-11-08, To: 2022-11-08, Times: 07:00:00 - 20:00:00",3081100,30069,"Winnett, MT 59087, USA",WINNETT,PETROLEUM,MONTANA,MT,47.002759,-108.3520716,47.012669,-108.336243,46.996879,-108.356647,True,Unexpected address size change,False
phillips,Phillips County Courthouse,314 S 2nd Ave Malta MT 59538,314 S 2nd Ave,Malta,MT,59538,Locality wide location,false,true,"From: 2022-10-11, To: 2022-10-14, Times: 08:00:00 - 17:00:00; From: 2022-10-17, To: 2022-10-21, Times: 08:00:00 - 17:00:00; From: 2022-10-24, To: 2022-10-28, Times: 08:00:00 - 17:00:00; From: 2022-10-31, To: 2022-11-04, Times: 08:00:00 - 17:00:00; From: 2022-11-07, To: 2022-11-07, Times: 08:00:00 - 12:00:00",3047425,30071,"314 S 2nd Ave W, Malta, MT 59538, USA",MALTA,PHILLIPS,MONTANA,MT,48.3571956,-107.8785116,,,,,False,,False
pondera,Heart Butte High School,1 New School Rd Heart Butte MT 59448,1 New School Rd,Heart Butte,MT,59448,Locality wide location,false,true,"From: 2022-10-18, To: 2022-10-18, Times: 09:00:00 - 15:00:00; From: 2022-11-03, To: 2022-11-03, Times: 09:00:00 - 15:00:00",,30073,"1 New School Rd, Heart Butte, MT 59448, USA",HEART BUTTE,PONDERA,MONTANA,MT,48.2757499,-112.8287205,,,,,False,,False
pondera,Pondera County Clerk & Recorder's Office,20 4th Ave SW Conrad MT 59425,20 4th Ave SW,Conrad,MT,59425,Locality wide location,false,true,"From: 2022-10-12, To: 2022-10-14, Times: 08:00:00 - 17:00:00; From: 2022-10-17, To: 2022-10-21, Times: 08:00:00 - 17:00:00; From: 2022-10-24, To: 2022-10-28, Times: 08:00:00 - 17:00:00; From: 2022-10-31, To: 2022-11-04, Times: 08:00:00 - 17:00:00; From: 2022-11-07, To: 2022-11-07, Times: 08:00:00 - 12:00:00",3017275,30073,"20 4th Ave SW, Conrad, MT 59425, USA",CONRAD,PONDERA,MONTANA,MT,48.1689581,-111.948073,48.1691051,-111.9478901,48.1687379,-111.9482858,False,,False
powder_river,Powder River County Clerk & Recorder's Office,119 North Park Ave Broadus MT 59317,119 North Park Ave,Broadus,MT,59317,Locality wide location,false,true,"From: 2022-10-11, To: 2022-10-14, Times: 08:00:00 - 12:00:00; From: 2022-10-11, To: 2022-10-14, Times: 13:00:00 - 17:00:00; From: 2022-10-17, To: 2022-10-21, Times: 08:00:00 - 12:00:00; From: 2022-10-17, To: 2022-10-21, Times: 13:00:00 - 17:00:00; From: 2022-10-24, To: 2022-10-28, Times: 08:00:00 - 12:00:00; From: 2022-10-24, To: 2022-10-28, Times: 13:00:00 - 17:00:00; From: 2022-10-31, To: 2022-11-04, Times: 08:00:00 - 12:00:00; From: 2022-10-31, To: 2022-11-04, Times: 13:00:00 - 17:00:00; From: 2022-11-07, To: 2022-11-07, Times: 08:00:00 - 12:00:00",3009700,,"119 Park Ave, Broadus, MT 59317, USA",BROADUS,POWDER RIVER,MONTANA,MT,45.4444159,-105.4085946,,,,,False,,False
powell,Powell County Clerk & Recorder's Office,409 Missouri Ave Deer Lodge MT 59722,409 Missouri Ave,Deer Lodge,MT,59722,Locality wide location,false,true,"From: 2022-10-11, To: 2022-10-14, Times: 08:00:00 - 17:00:00; From: 2022-10-17, To: 2022-10-21, Times: 08:00:00 - 17:00:00; From: 2022-10-24, To: 2022-10-28, Times: 08:00:00 - 17:00:00; From: 2022-10-31, To: 2022-11-04, Times: 08:00:00 - 17:00:00; From: 2022-11-07, To: 2022-11-07, Times: 08:00:00 - 12:00:00",,30077,"409 Missouri Ave, Deer Lodge, MT 59722, USA",DEER LODGE,POWELL,MONTANA,MT,46.39933569999999,-112.7328217,46.3994206,-112.7326027,46.3991748,-112.7330592,False,,False
prairie,Prairie County Courthouse,217 W Park St Terry MT 59349,217 W Park St,Terry,MT,59349,Locality wide location,false,true,"From: 2022-10-11, To: 2022-10-14, Times: 08:00:00 - 12:00:00; From: 2022-10-11, To: 2022-10-14, Times: 13:00:00 - 17:00:00; From: 2022-10-17, To: 2022-10-21, Times: 08:00:00 - 12:00:00; From: 2022-10-17, To: 2022-10-21, Times: 13:00:00 - 17:00:00; From: 2022-10-24, To: 2022-10-28, Times: 08:00:00 - 12:00:00; From: 2022-10-24, To: 2022-10-28, Times: 13:00:00 - 17:00:00; From: 2022-10-31, To: 2022-11-04, Times: 08:00:00 - 12:00:00; From: 2022-10-31, To: 2022-11-04, Times: 13:00:00 - 17:00:00; From: 2022-11-07, To: 2022-11-07, Times: 08:00:00 - 12:00:00",3073675,30079,"217 Park St, Terry, MT 59349, USA",TERRY,PRAIRIE,MONTANA,MT,46.7919203,-105.3104927,46.7920375,-105.3104482,46.7918695,-105.3105807,False,,False
prairie,Prairie County Courthouse,217 W Park St Terry MT 59349,217 W Park St,Terry,MT,59349,Locality wide location,true,false,"From: 2022-10-11, To: 2022-10-14, Times: 08:00:00 - 12:00:00; From: 2022-10-11, To: 2022-10-14, Times: 13:00:00 - 17:00:00; From: 2022-10-17, To: 2022-10-21, Times: 08:00:00 - 12:00:00; From: 2022-10-17, To: 2022-10-21, Times: 13:00:00 - 17:00:00; From: 2022-10-24, To: 2022-10-28, Times: 08:00:00 - 12:00:00; From: 2022-10-24, To: 2022-10-28, Times: 13:00:00 - 17:00:00; From: 2022-10-31, To: 2022-11-04, Times: 08:00:00 - 12:00:00; From: 2022-10-31, To: 2022-11-04, Times: 13:00:00 - 17:00:00; From: 2022-11-07, To: 2022-11-07, Times: 08:00:00 - 12:00:00; From: 2022-11-07, To: 2022-11-07, Times: 13:00:00 - 17:00:00; From: 2022-11-08, To: 2022-11-08, Times: 08:00:00 - 12:00:00; From: 2022-11-08, To: 2022-11-08, Times: 13:00:00 - 20:00:00",3073675,30079,"217 Park St, Terry, MT 59349, USA",TERRY,PRAIRIE,MONTANA,MT,46.7919203,-105.3104927,46.7920375,-105.3104482,46.7918695,-105.3105807,False,,False
ravalli,Ravalli County Election Office,215 S 4th St Hamilton MT 59840,215 S 4th St,Hamilton,MT,59840,Locality wide location,false,true,"From: 2022-10-11, To: 2022-10-14, Times: 08:00:00 - 17:00:00; From: 2022-10-17, To: 2022-10-21, Times: 08:00:00 - 17:00:00; From: 2022-10-24, To: 2022-10-28, Times: 08:00:00 - 17:00:00; From: 2022-10-31, To: 2022-11-04, Times: 08:00:00 - 17:00:00; From: 2022-11-07, To: 2022-11-07, Times: 08:00:00 - 12:00:00",3033775,30081,"215 S 4th St, Hamilton, MT 59840, USA",HAMILTON,RAVALLI,MONTANA,MT,46.245163,-114.1603746,46.24534999999999,-114.1602226,46.24492,-114.1605241,False,,False
ravalli,Ravalli County Election Office,215 S 4th St Hamilton MT 59840,215 S 4th St,Hamilton,MT,59840,Locality wide location,true,false,"From: 2022-10-11, To: 2022-10-14, Times: 08:00:00 - 17:00:00; From: 2022-10-17, To: 2022-10-21, Times: 08:00:00 - 17:00:00; From: 2022-10-24, To: 2022-10-28, Times: 08:00:00 - 17:00:00; From: 2022-10-31, To: 2022-11-04, Times: 08:00:00 - 17:00:00; From: 2022-11-07, To: 2022-11-07, Times: 08:00:00 - 17:00:00; From: 2022-11-08, To: 2022-11-08, Times: 07:00:00 - 20:00:00",3033775,30081,"215 S 4th St, Hamilton, MT 59840, USA",HAMILTON,RAVALLI,MONTANA,MT,46.245163,-114.1603746,46.24534999999999,-114.1602226,46.24492,-114.1605241,False,,False
richland,Richland County Clerk & Recorder's Office,201 W Main St Sidney MT 59270,201 W Main St,Sidney,MT,59270,Locality wide location,false,true,"From: 2022-10-11, To: 2022-10-14, Times: 08:00:00 - 17:00:00; From: 2022-10-17, To: 2022-10-21, Times: 08:00:00 - 17:00:00; From: 2022-10-24, To: 2022-10-28, Times: 08:00:00 - 17:00:00; From: 2022-10-31, To: 2022-11-04, Times: 08:00:00 - 17:00:00; From: 2022-11-07, To: 2022-11-07, Times: 08:00:00 - 12:00:00",3067900,30083,"Historic Richland County Courthouse, 201 W Main St, Sidney, MT 59270, USA",SIDNEY,RICHLAND,MONTANA,MT,47.7162843,-104.1590324,47.71643,-104.1588508,47.716153,-104.159305,False,,False
roosevelt,Greet the Dawn Auditorium,605 Indian Ave Poplar MT 59255,605 Indian Ave,Poplar,MT,59255,Locality wide location,false,true,"From: 2022-11-02, To: 2022-11-02, Times: 09:00:00 - 16:00:00; From: 2022-11-03, To: 2022-11-03, Times: 09:00:00 - 16:00:00",3058975,30085,"605 Indian Ave, Poplar, MT 59255, USA",POPLAR,ROOSEVELT,MONTANA,MT,48.1135224,-105.1930087,48.1136685,-105.192764,48.1134189,-105.1932963,False,,False
roosevelt,Roosevelt County Clerk & Recorder's Office,400 S 2nd Ave 210 Wolf Point MT 59201,400 S 2nd Ave 210,Wolf Point,MT,59201,Locality wide location,false,true,"From: 2022-10-14, To: 2022-10-14, Times: 08:00:00 - 17:00:00; From: 2022-10-17, To: 2022-10-21, Times: 08:00:00 - 17:00:00; From: 2022-10-24, To: 2022-10-28, Times: 08:00:00 - 17:00:00; From: 2022-10-31, To: 2022-11-04, Times: 08:00:00 - 17:00:00; From: 2022-11-07, To: 2022-11-07, Times: 08:00:00 - 12:00:00",3081475,30085,"400 S 2nd Ave # 210, Wolf Point, MT 59201, USA",WOLF POINT,ROOSEVELT,MONTANA,MT,48.0878746,-105.6384122,,,,,False,,False
rosebud,Little Wolfe Tribal Building,600 Cheyenne Ave Lame Deer MT 59043,600 Cheyenne Ave,Lame Deer,MT,59043,Locality wide location,false,true,"From: 2022-10-11, To: 2022-10-11, Times: 09:00:00 - 15:00:00; From: 2022-10-18, To: 2022-10-18, Times: 09:00:00 - 15:00:00; From: 2022-10-25, To: 2022-10-25, Times: 09:00:00 - 15:00:00; From: 2022-11-02, To: 2022-11-02, Times: 09:00:00 - 15:00:00",,30087,"600 Cheyenne Ave, Forsyth, MT 59327, USA",FORSYTH,ROSEBUD,MONTANA,MT,45.6168436,-106.6630291,,,,,False,,False
rosebud,Rosebud County Courthouse,1200 Main St Forsyth MT 59327,1200 Main St,Forsyth,MT,59327,Locality wide location,false,true,"From: 2022-10-11, To: 2022-10-14, Times: 08:00:00 - 17:00:00; From: 2022-10-17, To: 2022-10-21, Times: 08:00:00 - 17:00:00; From: 2022-10-24, To: 2022-10-28, Times: 08:00:00 - 17:00:00; From: 2022-10-31, To: 2022-11-04, Times: 08:00:00 - 17:00:00; From: 2022-11-07, To: 2022-11-07, Times: 08:00:00 - 12:00:00",3027700,30087,"1200 Main St, Forsyth, MT 59327, USA",FORSYTH,ROSEBUD,MONTANA,MT,46.2677872,-106.675232,46.2679064,-106.6750226,46.2676339,-106.6754317,False,,False
sanders,Clerk & Recorder/Election Administrator,1037 W Main St Thompson Falls MT 59873,1037 W Main St,Thompson Falls,MT,59873,Locality wide location,false,true,"From: 2022-10-11, To: 2022-10-14, Times: 08:00:00 - 17:00:00",3073825,30089,"1037 W Main St, Thompson Falls, MT 59873, USA",THOMPSON FALLS,SANDERS,MONTANA,MT,47.5948293,-115.3497039,,,,,False,,False
sanders,Clerk & Recorder/Election Administrator,1037 W Main St Thompson Falls MT 59873,1037 W Main St,Thompson Falls,MT,59873,Locality wide location,true,false,"From: 2022-10-11, To: 2022-10-14, Times: 08:00:00 - 17:00:00; From: 2022-10-17, To: 2022-10-21, Times: 08:00:00 - 17:00:00; From: 2022-10-24, To: 2022-10-28, Times: 08:00:00 - 17:00:00; From: 2022-10-31, To: 2022-11-04, Times: 08:00:00 - 17:00:00; From: 2022-11-07, To: 2022-11-07, Times: 08:00:00 - 17:00:00; From: 2022-11-08, To: 2022-11-08, Times: 07:00:00 - 20:00:00",3073825,30089,"1037 W Main St, Thompson Falls, MT 59873, USA",THOMPSON FALLS,SANDERS,MONTANA,MT,47.5948293,-115.3497039,,,,,False,,False
sanders,Dixon Community Center,405 Blanket Hawk St Dixon MT 59831,405 Blanket Hawk St,Dixon,MT,59831,Locality wide location,false,true,"From: 2022-11-03, To: 2022-11-04, Times: 12:30:00 - 19:00:00; From: 2022-11-07, To: 2022-11-07, Times: 08:00:00 - 12:00:00",,30089,"405 Blanket Hawk St, Dixon, MT 59831, USA",DIXON,SANDERS,MONTANA,MT,47.3276432,-114.2955441,47.32777249999999,-114.2953382,47.32750739999999,-114.2956067,False,,False
sanders,Hot Springs Indian Senior Center,214 N Spring St Hot Springs MT 59845,214 N Spring St,Hot Springs,MT,59845,Locality wide location,false,true,"From: 2022-11-01, To: 2022-11-02, Times: 12:30:00 - 19:00:00; From: 2022-11-07, To: 2022-11-07, Times: 08:00:00 - 12:00:00",,30089,"214 Spring St, Hot Springs, MT 59845, USA",HOT SPRINGS,SANDERS,MONTANA,MT,47.6105081,-114.6685642,47.6105785,-114.6683868,47.6104755,-114.668702,False,,False
sheridan,Sheridan County Clerk & Recorder Office,100 W Laurel Ave Plentywood MT 59254,100 W Laurel Ave,Plentywood,MT,59254,Locality wide location,false,true,"From: 2022-10-11, To: 2022-10-14, Times: 08:00:00 - 17:00:00; From: 2022-10-17, To: 2022-10-21, Times: 08:00:00 - 17:00:00; From: 2022-10-24, To: 2022-10-28, Times: 08:00:00 - 17:00:00; From: 2022-10-31, To: 2022-11-04, Times: 08:00:00 - 17:00:00; From: 2022-11-07, To: 2022-11-07, Times: 08:00:00 - 17:00:00",3058375,30091,"100 W Laurel Ave, Plentywood, MT 59254, USA",PLENTYWOOD,SHERIDAN,MONTANA,MT,48.77844349999999,-104.5565922,48.77864530000001,-104.5559416,48.77823600000001,-104.5569463,False,,False
silver_bow,Silver Bow County Clerk & Recorder Office,155 W Granite St Butte MT 59701,155 W Granite St,Butte,MT,59701,Locality wide location,false,true,"From: 2022-10-11, To: 2022-10-14, Times: 08:00:00 - 17:00:00; From: 2022-10-17, To: 2022-10-21, Times: 08:00:00 - 17:00:00; From: 2022-10-24, To: 2022-10-28, Times: 08:00:00 - 17:00:00; From: 2022-10-31, To: 2022-11-04, Times: 08:00:00 - 17:00:00; From: 2022-11-07, To: 2022-11-07, Times: 08:00:00 - 12:00:00",,,"155 W Granite St, Butte, MT 59701, USA",BUTTE,SILVER BOW,MONTANA,MT,46.0146685,-112.5388203,46.0149063,-112.5384174,46.0144435,-112.5392064,False,,False
stillwater,Stillwater County Courthouse,400 E 3rd Ave Columbus MT 59019,400 E 3rd Ave,Columbus,MT,59019,Locality wide location,false,true,"From: 2022-10-11, To: 2022-10-14, Times: 08:00:00 - 17:00:00; From: 2022-10-17, To: 2022-10-21, Times: 08:00:00 - 17:00:00; From: 2022-10-24, To: 2022-10-28, Times: 08:00:00 - 17:00:00; From: 2022-10-31, To: 2022-11-04, Times: 08:00:00 - 17:00:00; From: 2022-11-07, To: 2022-11-07, Times: 08:00:00 - 12:00:00",3016825,30095,"400 E 3rd Ave N, Columbus, MT 59019, USA",COLUMBUS,STILLWATER,MONTANA,MT,45.6409777,-109.2536633,,,,,False,,False
sweet_grass,Sweet Grass County Annex,115 W 5th Ave Big Timber MT 59011,115 W 5th Ave,Big Timber,MT,59011,Locality wide location,false,true,"From: 2022-10-11, To: 2022-10-14, Times: 08:00:00 - 17:00:00; From: 2022-10-17, To: 2022-10-21, Times: 08:00:00 - 17:00:00; From: 2022-10-24, To: 2022-10-28, Times: 08:00:00 - 17:00:00; From: 2022-10-31, To: 2022-11-04, Times: 08:00:00 - 17:00:00; From: 2022-11-07, To: 2022-11-07, Times: 08:00:00 - 12:00:00",,,"115 W 5th Ave, Big Timber, MT 59011, USA",BIG TIMBER,SWEET GRASS,MONTANA,MT,45.831055,-109.9520758,,,,,False,,False
sweet_grass,Sweet Grass County Annex,115 W 5th Ave Big Timber MT 59011,115 W 5th Ave,Big Timber,MT,59011,Locality wide location,true,false,"From: 2022-10-11, To: 2022-11-05, Times: 00:00:00 - 23:59:59; From: 2022-11-08, To: 2022-11-08, Times: 00:00:00 - 20:00:00; From: 2022-11-06, To: 2022-11-06, Times: 00:00:00 - 23:59:59; From: 2022-11-07, To: 2022-11-07, Times: 00:00:00 - 23:59:59",,,"115 W 5th Ave, Big Timber, MT 59011, USA",BIG TIMBER,SWEET GRASS,MONTANA,MT,45.831055,-109.9520758,,,,,False,,False
teton,Teton County Courthouse,1 Main Ave S Choteau MT 59422,1 Main Ave S,Choteau,MT,59422,Locality wide location,false,true,"From: 2022-10-11, To: 2022-10-14, Times: 08:00:00 - 17:00:00; From: 2022-10-17, To: 2022-10-21, Times: 08:00:00 - 17:00:00; From: 2022-10-24, To: 2022-10-28, Times: 08:00:00 - 17:00:00; From: 2022-10-31, To: 2022-11-04, Times: 08:00:00 - 17:00:00; From: 2022-11-07, To: 2022-11-07, Times: 08:00:00 - 12:00:00",3014650,30099,"1 Main Ave S, Fairfield, MT 59436, USA",FAIRFIELD,TETON,MONTANA,MT,47.8106756,-112.1822013,47.81082670000001,-112.1819943,47.8105277,-112.1823773,False,,False
teton,Teton County Courthouse,1 Main Ave S Choteau MT 59422,1 Main Ave S,Choteau,MT,59422,Locality wide location,true,false,"From: 2022-10-11, To: 2022-11-05, Times: 00:00:00 - 23:59:59; From: 2022-11-08, To: 2022-11-08, Times: 00:00:00 - 20:00:00; From: 2022-11-06, To: 2022-11-06, Times: 00:00:00 - 23:59:59; From: 2022-11-07, To: 2022-11-07, Times: 00:00:00 - 23:59:59",3014650,30099,"1 Main Ave S, Fairfield, MT 59436, USA",FAIRFIELD,TETON,MONTANA,MT,47.8106756,-112.1822013,47.81082670000001,-112.1819943,47.8105277,-112.1823773,False,,False
toole,Toole County Courthouse,226 1st St S Shelby MT 59474,226 1st St S,Shelby,MT,59474,Locality wide location,false,true,"From: 2022-10-11, To: 2022-10-14, Times: 08:00:00 - 17:00:00; From: 2022-10-17, To: 2022-10-21, Times: 08:00:00 - 17:00:00; From: 2022-10-24, To: 2022-10-28, Times: 08:00:00 - 17:00:00; From: 2022-10-31, To: 2022-11-04, Times: 08:00:00 - 17:00:00; From: 2022-11-07, To: 2022-11-07, Times: 08:00:00 - 12:00:00",3067450,30101,"226 1st St S, Shelby, MT 59474, USA",SHELBY,TOOLE,MONTANA,MT,48.5044889,-111.8588095,48.5046501,-111.8585452,48.5043632,-111.8589963,False,,False
toole,Toole County Courthouse,226 1st St S Shelby MT 59474,226 1st St S,Shelby,MT,59474,Locality wide location,true,false,"From: 2022-10-11, To: 2022-10-14, Times: 08:00:00 - 17:00:00; From: 2022-10-17, To: 2022-10-21, Times: 08:00:00 - 17:00:00; From: 2022-10-24, To: 2022-10-28, Times: 08:00:00 - 17:00:00; From: 2022-10-31, To: 2022-11-04, Times: 08:00:00 - 17:00:00; From: 2022-11-07, To: 2022-11-07, Times: 08:00:00 - 12:00:00",3067450,30101,"226 1st St S, Shelby, MT 59474, USA",SHELBY,TOOLE,MONTANA,MT,48.5044889,-111.8588095,48.5046501,-111.8585452,48.5043632,-111.8589963,False,,False
treasure,Treasure County Courthouse,307 Rapelje Ave Hysham MT 59038,307 Rapelje Ave,Hysham,MT,59038,Locality wide location,false,true,"From: 2022-10-11, To: 2022-10-14, Times: 08:00:00 - 12:00:00; From: 2022-10-11, To: 2022-10-14, Times: 13:00:00 - 17:00:00; From: 2022-10-17, To: 2022-10-21, Times: 08:00:00 - 12:00:00; From: 2022-10-17, To: 2022-10-21, Times: 13:00:00 - 17:00:00; From: 2022-10-24, To: 2022-10-28, Times: 08:00:00 - 12:00:00; From: 2022-10-24, To: 2022-10-28, Times: 13:00:00 - 17:00:00; From: 2022-10-31, To: 2022-11-04, Times: 08:00:00 - 12:00:00; From: 2022-10-31, To: 2022-11-04, Times: 13:00:00 - 17:00:00; From: 2022-11-07, To: 2022-11-07, Times: 08:00:00 - 12:00:00; From: 2022-11-07, To: 2022-11-07, Times: 13:00:00 - 17:00:00",3038350,30103,"307 Rapelje Ave, Hysham, MT 59038, USA",HYSHAM,TREASURE,MONTANA,MT,46.2917825,-107.2333871,46.29192330000001,-107.2331957,46.2916244,-107.2334852,False,,False
valley,Valley County Courthouse,501 Court Sq #2 Glasgow MT 59230,501 Court Sq #2,Glasgow,MT,59230,Locality wide location,false,true,"From: 2022-10-11, To: 2022-10-14, Times: 08:00:00 - 17:00:00; From: 2022-10-17, To: 2022-10-21, Times: 08:00:00 - 17:00:00; From: 2022-10-24, To: 2022-10-28, Times: 08:00:00 - 17:00:00; From: 2022-10-31, To: 2022-11-04, Times: 08:00:00 - 17:00:00; From: 2022-11-07, To: 2022-11-07, Times: 08:00:00 - 17:00:00",3031075,,"Glasgow, MT 59230, USA",GLASGOW,VALLEY,MONTANA,MT,48.1969637,-106.6367127,48.212378,-106.612731,48.188556,-106.6504579,True,Unexpected address size change,False
wheatland,Wheatland County Clerk & Recorder,201 A Ave NW Harlowton MT 59036,201 A Ave NW,Harlowton,MT,59036,Locality wide location,false,true,"From: 2022-10-11, To: 2022-10-14, Times: 08:00:00 - 17:00:00; From: 2022-10-17, To: 2022-10-21, Times: 08:00:00 - 17:00:00; From: 2022-10-24, To: 2022-10-28, Times: 08:00:00 - 17:00:00; From: 2022-10-31, To: 2022-11-04, Times: 08:00:00 - 17:00:00",3034450,30107,"201 A Ave NW, Harlowton, MT 59036, USA",HARLOWTON,WHEATLAND,MONTANA,MT,46.4367649,-109.8359855,46.4368895,-109.8357685,46.4366207,-109.8361493,False,,False
wibaux,Wibaux County Clerk & Recorder,203 Wibaux St Wibaux MT 59353,203 Wibaux St,Wibaux,MT,59353,Locality wide location,false,true,"From: 2022-10-11, To: 2022-10-14, Times: 08:00:00 - 17:00:00; From: 2022-10-17, To: 2022-10-21, Times: 08:00:00 - 17:00:00; From: 2022-10-24, To: 2022-10-28, Times: 08:00:00 - 17:00:00; From: 2022-10-31, To: 2022-11-04, Times: 08:00:00 - 17:00:00; From: 2022-11-07, To: 2022-11-07, Times: 08:00:00 - 17:00:00",3080350,30109,"203 Wibaux St, Wibaux, MT 59353, USA",WIBAUX,WIBAUX,MONTANA,MT,46.98580159999999,-104.1879384,,,,,False,,False
yellowstone,Yellowstone County Clerk & Recorder,316 N 26th Billings MT 59101,316 N 26th,Billings,MT,59101,Locality wide location,false,true,"From: 2022-10-11, To: 2022-10-14, Times: 08:00:00 - 17:00:00; From: 2022-10-17, To: 2022-10-21, Times: 08:00:00 - 17:00:00; From: 2022-10-24, To: 2022-10-28, Times: 08:00:00 - 17:00:00; From: 2022-10-31, To: 2022-11-04, Times: 08:00:00 - 17:00:00; From: 2022-11-07, To: 2022-11-07, Times: 08:00:00 - 12:00:00",3006550,30111,"316 N 26th St, Billings, MT 59101, USA",BILLINGS,YELLOWSTONE,MONTANA,MT,45.7852887,-108.5058882,45.78565649999999,-108.5052956,45.7848476,-108.5063122,False,,False
yellowstone,Yellowstone County Clerk & Recorder,316 N 26th Billings MT 59101,316 N 26th,Billings,MT,59101,Locality wide location,true,false,"From: 2022-10-11, To: 2022-11-05, Times: 07:00:00 - 18:00:00; From: 2022-11-06, To: 2022-11-08, Times: 07:00:00 - 18:00:00",3006550,30111,"316 N 26th St, Billings, MT 59101, USA",BILLINGS,YELLOWSTONE,MONTANA,MT,45.7852887,-108.5058882,45.78565649999999,-108.5052956,45.7848476,-108.5063122,False,,False
