Locality,Location Name,Address Full,Address Line,Address City,Address State,Address Zip,Precincts (Or Locality-wide),Is Drop Off,Is Early Voting,Schedules,Precinct FIPS,Locality FIPS,Google Address,City,County,State Long,State,Latitude,Longitude,NE Latitude,NE Longitude,SW Latitude,SW Longitude,Review Required,Problem,Duplicate
ada,Ada County Elections,400 N Benjamin Ln Boise ID 83704,400 N Benjamin Ln,Boise,ID,83704,Locality wide location,false,true,"From: 2022-10-24, To: 2022-10-28, Times: 08:00:00 - 17:00:00; From: 2022-10-31, To: 2022-11-04, Times: 08:00:00 - 17:00:00",1608830,,"400 N Benjamin Ln, Boise, ID 83704, USA",BOISE,ADA,IDAHO,ID,43.6089445,-116.2873523,43.6092777,-116.2867214,43.6086551,-116.2879465,False,,False
ada,Ada County Elections,400 N Benjamin Ln Boise ID 83704,400 N Benjamin Ln,Boise,ID,83704,Locality wide location,true,false,"From: 2022-10-17, To: 2022-11-05, Times: 00:00:00 - 23:59:59; From: 2022-11-08, To: 2022-11-08, Times: 00:00:00 - 20:00:00; From: 2022-11-06, To: 2022-11-06, Times: 00:00:00 - 23:59:59; From: 2022-11-07, To: 2022-11-07, Times: 00:00:00 - 23:59:59",1608830,,"400 N Benjamin Ln, Boise, ID 83704, USA",BOISE,ADA,IDAHO,ID,43.6089445,-116.2873523,43.6092777,-116.2867214,43.6086551,-116.2879465,False,,False
ada,Boise City Hall,150 N Capitol Blvd Boise ID 83702,150 N Capitol Blvd,Boise,ID,83702,Locality wide location,false,true,"From: 2022-10-24, To: 2022-10-28, Times: 08:00:00 - 17:00:00; From: 2022-10-31, To: 2022-11-04, Times: 08:00:00 - 17:00:00",1608830,,"150 N Capitol Blvd, Boise, ID 83702, USA",BOISE,ADA,IDAHO,ID,43.61511480000001,-116.2015159,43.61548150000001,-116.2011726,43.614881,-116.2019152,False,,False
ada,Boise City Hall,150 N Capitol Blvd Boise ID 83702,150 N Capitol Blvd,Boise,ID,83702,Locality wide location,true,false,"From: 2022-10-17, To: 2022-11-05, Times: 00:00:00 - 23:59:59; From: 2022-11-08, To: 2022-11-08, Times: 00:00:00 - 20:00:00; From: 2022-11-06, To: 2022-11-06, Times: 00:00:00 - 23:59:59; From: 2022-11-07, To: 2022-11-07, Times: 00:00:00 - 23:59:59",1608830,,"150 N Capitol Blvd, Boise, ID 83702, USA",BOISE,ADA,IDAHO,ID,43.61511480000001,-116.2015159,43.61548150000001,-116.2011726,43.614881,-116.2019152,False,,False
ada,Eagle City Hall,660 E Civic Ln Eagle ID 83616,660 E Civic Ln,Eagle,ID,83616,Locality wide location,false,true,"From: 2022-10-24, To: 2022-10-28, Times: 08:00:00 - 17:00:00; From: 2022-10-31, To: 2022-11-04, Times: 08:00:00 - 17:00:00",1623410,,"660 E Civic Ln, Eagle, ID 83616, USA",EAGLE,ADA,IDAHO,ID,43.696078,-116.3453809,43.696152,-116.3452103,43.6958142,-116.345724,False,,False
ada,Eagle City Hall,660 E Civic Ln Eagle ID 83616,660 E Civic Ln,Eagle,ID,83616,Locality wide location,true,false,"From: 2022-10-17, To: 2022-11-05, Times: 00:00:00 - 23:59:59; From: 2022-11-08, To: 2022-11-08, Times: 00:00:00 - 20:00:00; From: 2022-11-06, To: 2022-11-06, Times: 00:00:00 - 23:59:59; From: 2022-11-07, To: 2022-11-07, Times: 00:00:00 - 23:59:59",1623410,,"660 E Civic Ln, Eagle, ID 83616, USA",EAGLE,ADA,IDAHO,ID,43.696078,-116.3453809,43.696152,-116.3452103,43.6958142,-116.345724,False,,False
ada,Kuna City Hall,751 W 4th St Kuna ID 83634,751 W 4th St,Kuna,ID,83634,Locality wide location,true,false,"From: 2022-10-17, To: 2022-11-05, Times: 00:00:00 - 23:59:59; From: 2022-11-08, To: 2022-11-08, Times: 00:00:00 - 20:00:00; From: 2022-11-06, To: 2022-11-06, Times: 00:00:00 - 23:59:59; From: 2022-11-07, To: 2022-11-07, Times: 00:00:00 - 23:59:59",1644290,,"751 W 4th St, Kuna, ID 83634, USA",KUNA,ADA,IDAHO,ID,43.4909948,-116.4226073,,,,,False,,False
ada,Meridian City Hall,33 E Broadway Ave Meridian ID 83642,33 E Broadway Ave,Meridian,ID,83642,Locality wide location,false,true,"From: 2022-10-24, To: 2022-10-28, Times: 08:00:00 - 17:00:00; From: 2022-10-31, To: 2022-11-04, Times: 08:00:00 - 17:00:00",1652120,,"33 E Broadway Ave, Meridian, ID 83642, USA",MERIDIAN,ADA,IDAHO,ID,43.6097079,-116.3931678,43.6100172,-116.3929044,43.6091936,-116.3934241,False,,False
ada,Meridian City Hall,33 E Broadway Ave Meridian ID 83642,33 E Broadway Ave,Meridian,ID,83642,Locality wide location,true,false,"From: 2022-10-17, To: 2022-11-05, Times: 00:00:00 - 23:59:59; From: 2022-11-08, To: 2022-11-08, Times: 00:00:00 - 20:00:00; From: 2022-11-06, To: 2022-11-06, Times: 00:00:00 - 23:59:59; From: 2022-11-07, To: 2022-11-07, Times: 00:00:00 - 23:59:59",1652120,,"33 E Broadway Ave, Meridian, ID 83642, USA",MERIDIAN,ADA,IDAHO,ID,43.6097079,-116.3931678,43.6100172,-116.3929044,43.6091936,-116.3934241,False,,False
ada,Star City Hall,10769 W State St Star ID 83669,10769 W State St,Star,ID,83669,Locality wide location,true,false,"From: 2022-10-17, To: 2022-11-05, Times: 00:00:00 - 23:59:59; From: 2022-11-08, To: 2022-11-08, Times: 00:00:00 - 20:00:00; From: 2022-11-06, To: 2022-11-06, Times: 00:00:00 - 23:59:59; From: 2022-11-07, To: 2022-11-07, Times: 00:00:00 - 23:59:59",1676870,,"10769 W State St, Star, ID 83669, USA",STAR,ADA,IDAHO,ID,43.6914103,-116.488146,43.6915554,-116.4878943,43.6913317,-116.4883097,False,,False
adams,Adams County Courthouse,201 Industrial Ave Council ID 83612,201 Industrial Ave,Council,ID,83612,Locality wide location,false,true,"From: 2022-10-24, To: 2022-10-28, Times: 08:00:00 - 17:00:00; From: 2022-10-31, To: 2022-11-04, Times: 08:00:00 - 17:00:00",1618820,16003,"201 Industrial Ave, Council, ID 83612, USA",COUNCIL,ADAMS,IDAHO,ID,44.7374507,-116.4344615,44.7375595,-116.4342188,44.7372611,-116.4347133,False,,False
adams,Adams County Courthouse,201 Industrial Ave Council ID 83612,201 Industrial Ave,Council,ID,83612,Locality wide location,true,false,"From: 2022-10-17, To: 2022-11-05, Times: 00:00:00 - 23:59:59; From: 2022-11-08, To: 2022-11-08, Times: 00:00:00 - 20:00:00; From: 2022-11-06, To: 2022-11-06, Times: 00:00:00 - 23:59:59; From: 2022-11-07, To: 2022-11-07, Times: 00:00:00 - 23:59:59",1618820,16003,"201 Industrial Ave, Council, ID 83612, USA",COUNCIL,ADAMS,IDAHO,ID,44.7374507,-116.4344615,44.7375595,-116.4342188,44.7372611,-116.4347133,False,,False
bannock,Bannock County Elections Office,141 N 6th Ave Pocatello ID 83201,141 N 6th Ave,Pocatello,ID,83201,Locality wide location,false,true,"From: 2022-10-03, To: 2022-10-07, Times: 08:30:00 - 16:30:00; From: 2022-10-11, To: 2022-10-14, Times: 08:30:00 - 16:30:00; From: 2022-10-17, To: 2022-10-21, Times: 08:30:00 - 16:30:00; From: 2022-10-24, To: 2022-10-28, Times: 08:30:00 - 16:30:00; From: 2022-10-31, To: 2022-11-04, Times: 08:30:00 - 16:30:00",1664090,16005,"141 N 6th Ave, Pocatello, ID 83201, USA",POCATELLO,BANNOCK,IDAHO,ID,42.8675421,-112.4433625,42.867731,-112.4430791,42.8673844,-112.44362,False,,False
bannock,Bannock County Elections Office,141 N 6th Ave Pocatello ID 83201,141 N 6th Ave,Pocatello,ID,83201,Locality wide location,true,false,"From: 2022-10-03, To: 2022-11-05, Times: 00:00:00 - 23:59:59; From: 2022-11-08, To: 2022-11-08, Times: 00:00:00 - 20:00:00; From: 2022-11-06, To: 2022-11-06, Times: 00:00:00 - 23:59:59; From: 2022-11-07, To: 2022-11-07, Times: 00:00:00 - 23:59:59",1664090,16005,"141 N 6th Ave, Pocatello, ID 83201, USA",POCATELLO,BANNOCK,IDAHO,ID,42.8675421,-112.4433625,42.867731,-112.4430791,42.8673844,-112.44362,False,,False
bear_lake,Bear Lake County Clerks Office,30 N Main St Paris ID 83261,30 N Main St,Paris,ID,83261,Locality wide location,false,true,"From: 2022-10-24, To: 2022-10-28, Times: 08:30:00 - 17:00:00; From: 2022-10-31, To: 2022-11-04, Times: 08:30:00 - 17:00:00",1660580,,"30 N Main St, Paris, ID 83261, USA",PARIS,BEAR LAKE,IDAHO,ID,42.227864,-111.400666,,,,,False,,False
bear_lake,Bear Lake County Clerks Office,30 N Main St Paris ID 83261,30 N Main St,Paris,ID,83261,Locality wide location,true,false,"From: 2022-10-17, To: 2022-11-05, Times: 00:00:00 - 23:59:59; From: 2022-11-08, To: 2022-11-08, Times: 00:00:00 - 20:00:00; From: 2022-11-06, To: 2022-11-06, Times: 00:00:00 - 23:59:59; From: 2022-11-07, To: 2022-11-07, Times: 00:00:00 - 23:59:59",1660580,,"30 N Main St, Paris, ID 83261, USA",PARIS,BEAR LAKE,IDAHO,ID,42.227864,-111.400666,,,,,False,,False
benewah,Benewah County Auditor Office,701 College Ave St Maries ID 83861,701 College Ave,St Maries,ID,83861,Locality wide location,false,true,"From: 2022-10-12, To: 2022-10-14, Times: 08:00:00 - 17:00:00; From: 2022-10-17, To: 2022-10-21, Times: 08:00:00 - 17:00:00; From: 2022-10-24, To: 2022-10-28, Times: 08:00:00 - 17:00:00; From: 2022-10-31, To: 2022-11-04, Times: 08:00:00 - 17:00:00",,16009,"701 College Ave, St Maries, ID 83861, USA",SAINT MARIES,BENEWAH,IDAHO,ID,47.3150691,-116.5670004,47.3151625,-116.5668438,47.3149726,-116.5672189,False,,False
bingham,Bingham County Courthouse,501 N Maple St Blackfoot ID 83221,501 N Maple St,Blackfoot,ID,83221,Locality wide location,false,true,"From: 2022-10-24, To: 2022-10-28, Times: 09:00:00 - 16:30:00; From: 2022-10-31, To: 2022-11-04, Times: 09:00:00 - 16:30:00",1607840,16011,"501 N Maple St, Blackfoot, ID 83221, USA",BLACKFOOT,BINGHAM,IDAHO,ID,43.1944642,-112.3443044,43.1948011,-112.3439338,43.1939595,-112.3450247,False,,False
bingham,Bingham County Courthouse,501 N Maple St Blackfoot ID 83221,501 N Maple St,Blackfoot,ID,83221,Locality wide location,true,false,"From: 2022-10-17, To: 2022-11-05, Times: 00:00:00 - 23:59:59; From: 2022-11-08, To: 2022-11-08, Times: 00:00:00 - 20:00:00; From: 2022-11-06, To: 2022-11-06, Times: 00:00:00 - 23:59:59; From: 2022-11-07, To: 2022-11-07, Times: 00:00:00 - 23:59:59",1607840,16011,"501 N Maple St, Blackfoot, ID 83221, USA",BLACKFOOT,BINGHAM,IDAHO,ID,43.1944642,-112.3443044,43.1948011,-112.3439338,43.1939595,-112.3450247,False,,False
blaine,Blaine County Courthouse,206 S 1st Ave Hailey ID 83333,206 S 1st Ave,Hailey,ID,83333,Locality wide location,false,true,"From: 2022-10-17, To: 2022-10-21, Times: 08:00:00 - 17:00:00; From: 2022-10-24, To: 2022-10-28, Times: 08:00:00 - 17:00:00; From: 2022-10-31, To: 2022-11-04, Times: 08:00:00 - 17:00:00",1634390,16013,"206 S 1st Ave, Hailey, ID 83333, USA",HAILEY,BLAINE,IDAHO,ID,43.5190194,-114.312829,43.51916809999999,-114.3125523,43.51884769999999,-114.312961,False,,False
blaine,Blaine County Courthouse,206 S 1st Ave Hailey ID 83333,206 S 1st Ave,Hailey,ID,83333,Locality wide location,true,false,"From: 2022-10-17, To: 2022-11-05, Times: 00:00:00 - 23:59:59; From: 2022-11-08, To: 2022-11-08, Times: 00:00:00 - 20:00:00; From: 2022-11-06, To: 2022-11-06, Times: 00:00:00 - 23:59:59; From: 2022-11-07, To: 2022-11-07, Times: 00:00:00 - 23:59:59",1634390,16013,"206 S 1st Ave, Hailey, ID 83333, USA",HAILEY,BLAINE,IDAHO,ID,43.5190194,-114.312829,43.51916809999999,-114.3125523,43.51884769999999,-114.312961,False,,False
boise,"Boise County Clerk, Auditor, Recorders Office",420 Main St Idaho City ID 83631,420 Main St,Idaho City,ID,83631,Locality wide location,false,true,"From: 2022-10-24, To: 2022-10-28, Times: 08:00:00 - 17:00:00; From: 2022-10-31, To: 2022-11-04, Times: 08:00:00 - 17:00:00",,16015,"Idaho City, ID 83631, USA",IDAHO CITY,BOISE,IDAHO,ID,43.8285046,-115.8345537,43.8385089,-115.812717,43.819812,-115.8446599,True,Unexpected address size change,False
bonner,Bonner County Election's Office,1500 Hwy 2 Sandpoint ID 83864,1500 Hwy 2,Sandpoint,ID,83864,Locality wide location,false,true,"From: 2022-10-24, To: 2022-10-28, Times: 09:00:00 - 17:00:00; From: 2022-10-31, To: 2022-11-04, Times: 09:00:00 - 17:00:00",1672100,16017,"1500 U.S. Rte 2, Sandpoint, ID 83864, USA",SANDPOINT,BONNER,IDAHO,ID,48.26637849999999,-116.568951,48.26643,-116.5688382,48.2662775,-116.5690829,False,,False
bonner,Bonner County Election's Office,1500 Hwy 2 Sandpoint ID 83864,1500 Hwy 2,Sandpoint,ID,83864,Locality wide location,true,false,"From: 2022-10-17, To: 2022-10-24, Times: 08:00:00 - 17:00:00; From: 2022-10-24, To: 2022-10-28, Times: 08:00:00 - 17:00:00; From: 2022-10-31, To: 2022-11-04, Times: 08:00:00 - 17:00:00; From: 2022-11-07, To: 2022-11-08, Times: 08:00:00 - 17:00:00",1672100,16017,"1500 U.S. Rte 2, Sandpoint, ID 83864, USA",SANDPOINT,BONNER,IDAHO,ID,48.26637849999999,-116.568951,48.26643,-116.5688382,48.2662775,-116.5690829,False,,False
bonneville,Bonneville County Elections,497 N Capital Ave Idaho Falls ID 83402,497 N Capital Ave,Idaho Falls,ID,83402,Locality wide location,false,true,"From: 2022-10-17, To: 2022-10-21, Times: 08:00:00 - 17:00:00; From: 2022-10-24, To: 2022-10-28, Times: 08:00:00 - 17:00:00; From: 2022-10-31, To: 2022-11-04, Times: 08:00:00 - 17:00:00",,16019,"497 N Capital Ave, Idaho Falls, ID 83402, USA",IDAHO FALLS,BONNEVILLE,IDAHO,ID,43.4939307,-112.0415497,43.4940246,-112.04137,43.4938218,-112.0419149,False,,False
bonneville,Bonneville County Elections,497 N Capital Ave Idaho Falls ID 83402,497 N Capital Ave,Idaho Falls,ID,83402,Locality wide location,true,false,"From: 2022-10-17, To: 2022-11-05, Times: 00:00:00 - 23:59:59; From: 2022-11-08, To: 2022-11-08, Times: 00:00:00 - 20:00:00; From: 2022-11-06, To: 2022-11-06, Times: 00:00:00 - 23:59:59; From: 2022-11-07, To: 2022-11-07, Times: 00:00:00 - 23:59:59",,16019,"497 N Capital Ave, Idaho Falls, ID 83402, USA",IDAHO FALLS,BONNEVILLE,IDAHO,ID,43.4939307,-112.0415497,43.4940246,-112.04137,43.4938218,-112.0419149,False,,False
boundary,Boundary County Courthouse,6452 Kootenai St Bonners Ferry ID 83805,6452 Kootenai St,Bonners Ferry,ID,83805,Locality wide location,false,true,"From: 2022-10-17, To: 2022-10-21, Times: 09:00:00 - 17:00:00; From: 2022-10-24, To: 2022-10-28, Times: 09:00:00 - 17:00:00; From: 2022-10-31, To: 2022-11-04, Times: 09:00:00 - 17:00:00",1609370,16021,"6452 Kootenai St, Bonners Ferry, ID 83805, USA",BONNERS FERRY,BOUNDARY,IDAHO,ID,48.6958609,-116.3139353,48.69594379999999,-116.3137461,48.69578509999999,-116.3141586,False,,False
boundary,Boundary County Courthouse,6452 Kootenai St Bonners Ferry ID 83805,6452 Kootenai St,Bonners Ferry,ID,83805,Locality wide location,true,false,"From: 2022-10-17, To: 2022-10-21, Times: 09:00:00 - 17:00:00; From: 2022-10-24, To: 2022-10-28, Times: 09:00:00 - 17:00:00; From: 2022-10-31, To: 2022-11-04, Times: 09:00:00 - 17:00:00; From: 2022-11-07, To: 2022-11-08, Times: 09:00:00 - 17:00:00",1609370,16021,"6452 Kootenai St, Bonners Ferry, ID 83805, USA",BONNERS FERRY,BOUNDARY,IDAHO,ID,48.6958609,-116.3139353,48.69594379999999,-116.3137461,48.69578509999999,-116.3141586,False,,False
butte,Butte County Administration Building,205 W Grand Ave Arco ID 83213,205 W Grand Ave,Arco,ID,83213,Locality wide location,false,true,"From: 2022-10-24, To: 2022-10-28, Times: 09:00:00 - 12:00:00; From: 2022-10-24, To: 2022-10-28, Times: 13:00:00 - 17:00:00; From: 2022-10-31, To: 2022-11-04, Times: 09:00:00 - 12:00:00; From: 2022-10-31, To: 2022-11-04, Times: 13:00:00 - 17:00:00",1603160,16023,"205 W Grand Ave, Arco, ID 83213, USA",ARCO,BUTTE,IDAHO,ID,43.6354159,-113.3014248,43.6355484,-113.3012438,43.635256,-113.3016493,False,,False
butte,Butte County Administration Building,205 W Grand Ave Arco ID 83213,205 W Grand Ave,Arco,ID,83213,Locality wide location,true,false,"From: 2022-10-17, To: 2022-11-05, Times: 00:00:00 - 23:59:59; From: 2022-11-08, To: 2022-11-08, Times: 00:00:00 - 20:00:00; From: 2022-11-06, To: 2022-11-06, Times: 00:00:00 - 23:59:59; From: 2022-11-07, To: 2022-11-07, Times: 00:00:00 - 23:59:59",1603160,16023,"205 W Grand Ave, Arco, ID 83213, USA",ARCO,BUTTE,IDAHO,ID,43.6354159,-113.3014248,43.6355484,-113.3012438,43.635256,-113.3016493,False,,False
camas,County Clerk & Auditor's Office,501 Soldier Rd Fairfield ID 83327,501 Soldier Rd,Fairfield,ID,83327,Locality wide location,false,true,"From: 2022-10-24, To: 2022-10-28, Times: 08:30:00 - 12:00:00; From: 2022-10-24, To: 2022-10-28, Times: 13:00:00 - 17:00:00; From: 2022-10-31, To: 2022-11-04, Times: 08:30:00 - 12:00:00; From: 2022-10-31, To: 2022-11-04, Times: 13:00:00 - 17:00:00",1626290,16025,"501 Soldier Rd, Fairfield, ID 83327, USA",FAIRFIELD,CAMAS,IDAHO,ID,43.3457537,-114.7923502,43.3457795,-114.7922078,43.3457138,-114.7925333,False,,False
canyon,Canyon County Elections Office,1102 E Chicago St Caldwell ID 83605,1102 E Chicago St,Caldwell,ID,83605,Locality wide location,false,true,"From: 2022-10-24, To: 2022-10-28, Times: 08:00:00 - 17:00:00; From: 2022-10-31, To: 2022-11-04, Times: 08:00:00 - 17:00:00",1612250,16027,"1102 E Chicago St, Caldwell, ID 83605, USA",CALDWELL,CANYON,IDAHO,ID,43.6662302,-116.6808169,43.6663518,-116.6806161,43.6660648,-116.6810054,False,,False
canyon,Canyon County Elections Office,1102 E Chicago St Caldwell ID 83605,1102 E Chicago St,Caldwell,ID,83605,Locality wide location,true,false,"From: 2022-10-17, To: 2022-11-05, Times: 00:00:00 - 23:59:59; From: 2022-11-08, To: 2022-11-08, Times: 00:00:00 - 20:00:00; From: 2022-11-06, To: 2022-11-06, Times: 00:00:00 - 23:59:59; From: 2022-11-07, To: 2022-11-07, Times: 00:00:00 - 23:59:59",1612250,16027,"1102 E Chicago St, Caldwell, ID 83605, USA",CALDWELL,CANYON,IDAHO,ID,43.6662302,-116.6808169,43.6663518,-116.6806161,43.6660648,-116.6810054,False,,False
caribou,Caribou County Courthouse,159 S Main Soda Springs ID 83276,159 S Main,Soda Springs,ID,83276,Locality wide location,false,true,"From: 2022-09-26, To: 2022-09-30, Times: 09:00:00 - 17:00:00; From: 2022-10-03, To: 2022-10-07, Times: 09:00:00 - 17:00:00; From: 2022-10-11, To: 2022-10-14, Times: 09:00:00 - 17:00:00; From: 2022-10-17, To: 2022-10-21, Times: 09:00:00 - 17:00:00; From: 2022-10-24, To: 2022-10-28, Times: 09:00:00 - 17:00:00; From: 2022-10-31, To: 2022-11-04, Times: 09:00:00 - 17:00:00",1675195,16029,"159 S Main St, Soda Springs, ID 83276, USA",SODA SPRINGS,CARIBOU,IDAHO,ID,42.65559210000001,-111.6032373,42.6557374,-111.6031359,42.6554535,-111.603379,False,,False
cassia,Cassia County Courthouse,1459 Overland Ave Burley ID 83318,1459 Overland Ave,Burley,ID,83318,Locality wide location,true,false,"From: 2022-10-17, To: 2022-11-05, Times: 00:00:00 - 23:59:59; From: 2022-11-08, To: 2022-11-08, Times: 00:00:00 - 20:00:00; From: 2022-11-06, To: 2022-11-06, Times: 00:00:00 - 23:59:59; From: 2022-11-07, To: 2022-11-07, Times: 00:00:00 - 23:59:59",1611260,16031,"1459 Overland Ave, Burley, ID 83318, USA",BURLEY,CASSIA,IDAHO,ID,42.5345935,-113.7929055,,,,,False,,False
cassia,Cassia County Elections Office,1459 Overland Ave Burley ID 83318,1459 Overland Ave,Burley,ID,83318,Locality wide location,false,true,"From: 2022-10-24, To: 2022-10-28, Times: 08:30:00 - 17:00:00; From: 2022-10-31, To: 2022-11-04, Times: 08:30:00 - 17:00:00",1611260,16031,"1459 Overland Ave, Burley, ID 83318, USA",BURLEY,CASSIA,IDAHO,ID,42.5345935,-113.7929055,,,,,False,,False
cassia,Cassia County Elections Office,1459 Overland Ave Burley ID 83318,1459 Overland Ave,Burley,ID,83318,Locality wide location,true,false,"From: 2022-10-17, To: 2022-11-05, Times: 00:00:00 - 23:59:59; From: 2022-11-08, To: 2022-11-08, Times: 00:00:00 - 20:00:00; From: 2022-11-06, To: 2022-11-06, Times: 00:00:00 - 23:59:59; From: 2022-11-07, To: 2022-11-07, Times: 00:00:00 - 23:59:59",1611260,16031,"1459 Overland Ave, Burley, ID 83318, USA",BURLEY,CASSIA,IDAHO,ID,42.5345935,-113.7929055,,,,,False,,True
clark,Clark County Courthouse,224 W Main St Dubois ID 83423,224 W Main St,Dubois,ID,83423,Locality wide location,false,true,"From: 2022-09-23, To: 2022-09-23, Times: 09:00:00 - 17:00:00; From: 2022-09-26, To: 2022-09-30, Times: 09:00:00 - 17:00:00; From: 2022-10-03, To: 2022-10-07, Times: 09:00:00 - 17:00:00; From: 2022-10-11, To: 2022-10-14, Times: 09:00:00 - 17:00:00; From: 2022-10-24, To: 2022-10-28, Times: 09:00:00 - 17:00:00; From: 2022-10-31, To: 2022-11-04, Times: 09:00:00 - 17:00:00",1622960,16033,"224 W Main St, Dubois, ID 83423, USA",DUBOIS,CLARK,IDAHO,ID,44.1765981,-112.2329731,,,,,False,,False
clearwater,Clearwater County Auditor's Office,150 Michigan Ave Orofino ID 83544,150 Michigan Ave,Orofino,ID,83544,Locality wide location,false,true,"From: 2022-10-24, To: 2022-10-28, Times: 08:00:00 - 17:00:00; From: 2022-10-31, To: 2022-11-04, Times: 08:00:00 - 17:00:00",1659320,16035,"150 Michigan Ave, Orofino, ID 83544, USA",OROFINO,CLEARWATER,IDAHO,ID,46.4799341,-116.2551019,46.4801806,-116.2548799,46.47978699999999,-116.2552941,False,,False
clearwater,Clearwater County Courthouse,150 Michigan Ave Orofino ID 83544,150 Michigan Ave,Orofino,ID,83544,Locality wide location,true,false,"From: 2022-10-17, To: 2022-11-05, Times: 00:00:00 - 23:59:59; From: 2022-11-08, To: 2022-11-08, Times: 00:00:00 - 20:00:00; From: 2022-11-06, To: 2022-11-06, Times: 00:00:00 - 23:59:59; From: 2022-11-07, To: 2022-11-07, Times: 00:00:00 - 23:59:59",1659320,16035,"150 Michigan Ave, Orofino, ID 83544, USA",OROFINO,CLEARWATER,IDAHO,ID,46.4799341,-116.2551019,46.4801806,-116.2548799,46.47978699999999,-116.2552941,False,,False
elmore,Elmore County Courthouse,150 S 4th E St Mountain Home ID 83647,150 S 4th E St,Mountain Home,ID,83647,Locality wide location,false,true,"From: 2022-10-24, To: 2022-10-28, Times: 09:00:00 - 17:00:00; From: 2022-10-31, To: 2022-11-04, Times: 09:00:00 - 17:00:00",1654730,16039,"150 S 4th E St, Mountain Home, ID 83647, USA",MOUNTAIN HOME,ELMORE,IDAHO,ID,43.13171,-115.6902139,,,,,False,,False
elmore,Elmore County Courthouse Drop Box,150 S 4th E St Mountain Home ID 83647,150 S 4th E St,Mountain Home,ID,83647,Locality wide location,true,false,"From: 2022-09-23, To: 2022-11-05, Times: 00:00:00 - 23:59:59; From: 2022-11-08, To: 2022-11-08, Times: 00:00:00 - 20:00:00; From: 2022-11-06, To: 2022-11-06, Times: 00:00:00 - 23:59:59; From: 2022-11-07, To: 2022-11-07, Times: 00:00:00 - 23:59:59",1654730,16039,"150 S 4th E St, Mountain Home, ID 83647, USA",MOUNTAIN HOME,ELMORE,IDAHO,ID,43.13171,-115.6902139,,,,,False,,False
franklin,Franklin County Courthouse,39 W Oneida St Preston ID 83263,39 W Oneida St,Preston,ID,83263,Locality wide location,false,true,"From: 2022-09-26, To: 2022-09-30, Times: 09:00:00 - 17:00:00; From: 2022-10-03, To: 2022-10-07, Times: 09:00:00 - 17:00:00; From: 2022-10-11, To: 2022-10-14, Times: 09:00:00 - 17:00:00; From: 2022-10-17, To: 2022-10-21, Times: 09:00:00 - 17:00:00; From: 2022-10-24, To: 2022-10-28, Times: 09:00:00 - 17:00:00; From: 2022-10-31, To: 2022-11-04, Times: 09:00:00 - 17:00:00",1665260,16041,"39 W Oneida St, Preston, ID 83263, USA",PRESTON,FRANKLIN,IDAHO,ID,42.0958946,-111.8781327,42.0959694,-111.8779519,42.0958328,-111.8782943,False,,False
franklin,Franklin County Courthouse,39 W Oneida St Preston ID 83263,39 W Oneida St,Preston,ID,83263,Locality wide location,true,false,"From: 2022-09-26, To: 2022-11-05, Times: 00:00:00 - 23:59:59; From: 2022-11-08, To: 2022-11-08, Times: 00:00:00 - 20:00:00; From: 2022-11-06, To: 2022-11-06, Times: 00:00:00 - 23:59:59; From: 2022-11-07, To: 2022-11-07, Times: 00:00:00 - 23:59:59",1665260,16041,"39 W Oneida St, Preston, ID 83263, USA",PRESTON,FRANKLIN,IDAHO,ID,42.0958946,-111.8781327,42.0959694,-111.8779519,42.0958328,-111.8782943,False,,False
fremont,Ashton City Building,714 Main St Ashton ID 83420,714 Main St,Ashton,ID,83420,Locality wide location,true,false,"From: 2022-10-17, To: 2022-11-05, Times: 00:00:00 - 23:59:59; From: 2022-11-08, To: 2022-11-08, Times: 00:00:00 - 15:30:00; From: 2022-11-06, To: 2022-11-06, Times: 00:00:00 - 23:59:59; From: 2022-11-07, To: 2022-11-07, Times: 00:00:00 - 23:59:59",1603610,16043,"714 Main St, Ashton, ID 83420, USA",ASHTON,FREMONT,IDAHO,ID,44.0710292,-111.4450282,,,,,False,,False
fremont,Fremont County Courthouse,151 West 1st North St Anthony ID 83445,151 West 1st North St,Anthony,ID,83445,Locality wide location,false,true,"From: 2022-10-24, To: 2022-10-28, Times: 08:00:00 - 17:00:00; From: 2022-10-31, To: 2022-11-04, Times: 08:00:00 - 17:00:00",1671020,16043,"Court House, 151 W 1st N, St Anthony, ID 83445, USA",SAINT ANTHONY,FREMONT,IDAHO,ID,43.9677934,-111.6844484,43.9679098,-111.6842963,43.9676702,-111.6847128,False,,False
fremont,Fremont County Courthouse,151 West 1st North St Anthony ID 83445,151 West 1st North St,Anthony,ID,83445,Locality wide location,true,false,"From: 2022-10-17, To: 2022-11-05, Times: 00:00:00 - 23:59:59; From: 2022-11-08, To: 2022-11-08, Times: 00:00:00 - 20:00:00; From: 2022-11-06, To: 2022-11-06, Times: 00:00:00 - 23:59:59; From: 2022-11-07, To: 2022-11-07, Times: 00:00:00 - 23:59:59",1671020,16043,"Court House, 151 W 1st N, St Anthony, ID 83445, USA",SAINT ANTHONY,FREMONT,IDAHO,ID,43.9677934,-111.6844484,43.9679098,-111.6842963,43.9676702,-111.6847128,False,,False
gem,Gem County Clerk Office,415 E Main St Emmett ID 83617,415 E Main St,Emmett,ID,83617,Locality wide location,false,true,"From: 2022-10-24, To: 2022-10-28, Times: 08:00:00 - 17:00:00; From: 2022-10-31, To: 2022-11-04, Times: 08:00:00 - 17:00:00",1625570,16045,"415 E Main St, Emmett, ID 83617, USA",EMMETT,GEM,IDAHO,ID,43.8752394,-116.4951082,43.8753182,-116.4949423,43.8751861,-116.4953241,False,,False
gem,Gem County Clerk Office,415 E Main St Emmett ID 83617,415 E Main St,Emmett,ID,83617,Locality wide location,true,false,"From: 2022-10-17, To: 2022-11-05, Times: 00:00:00 - 23:59:59; From: 2022-11-08, To: 2022-11-08, Times: 00:00:00 - 20:00:00; From: 2022-10-17, To: 2022-11-05, Times: 00:00:00 - 23:59:59; From: 2022-11-08, To: 2022-11-08, Times: 00:00:00 - 20:00:00; From: 2022-11-06, To: 2022-11-06, Times: 00:00:00 - 23:59:59; From: 2022-11-07, To: 2022-11-07, Times: 00:00:00 - 23:59:59; From: 2022-11-06, To: 2022-11-06, Times: 00:00:00 - 23:59:59; From: 2022-11-07, To: 2022-11-07, Times: 00:00:00 - 23:59:59",1625570,16045,"415 E Main St, Emmett, ID 83617, USA",EMMETT,GEM,IDAHO,ID,43.8752394,-116.4951082,43.8753182,-116.4949423,43.8751861,-116.4953241,False,,False
gooding,Gooding County Courthouse,624 Main St Gooding ID 83330,624 Main St,Gooding,ID,83330,Locality wide location,false,true,"From: 2022-10-24, To: 2022-10-28, Times: 08:00:00 - 17:00:00; From: 2022-10-31, To: 2022-11-04, Times: 08:00:00 - 17:00:00",1632140,16047,"624 Main St, Gooding, ID 83330, USA",GOODING,GOODING,IDAHO,ID,42.9389444,-114.7121193,42.9392091,-114.7119105,42.9387157,-114.7125194,False,,False
idaho,Idaho County Courthouse,320 W Main St Grangeville ID 83530,320 W Main St,Grangeville,ID,83530,Locality wide location,false,true,"From: 2022-10-17, To: 2022-10-21, Times: 08:30:00 - 17:00:00; From: 2022-10-24, To: 2022-10-28, Times: 08:30:00 - 17:00:00; From: 2022-10-31, To: 2022-11-04, Times: 08:30:00 - 17:00:00",1632950,16049,"320 W Main St, Grangeville, ID 83530, USA",GRANGEVILLE,IDAHO,IDAHO,ID,45.9262988,-116.1233624,45.9264058,-116.1229627,45.9261253,-116.1236647,False,,False
idaho,Idaho County Courthouse,320 W Main St Grangeville ID 83530,320 W Main St,Grangeville,ID,83530,Locality wide location,true,false,"From: 2022-10-17, To: 2022-11-05, Times: 00:00:00 - 23:59:59; From: 2022-11-08, To: 2022-11-08, Times: 00:00:00 - 20:00:00; From: 2022-11-06, To: 2022-11-06, Times: 00:00:00 - 23:59:59; From: 2022-11-07, To: 2022-11-07, Times: 00:00:00 - 23:59:59",1632950,16049,"320 W Main St, Grangeville, ID 83530, USA",GRANGEVILLE,IDAHO,IDAHO,ID,45.9262988,-116.1233624,45.9264058,-116.1229627,45.9261253,-116.1236647,False,,False
jefferson,Jefferson County Courthouse,210 Courthouse Way Rigby ID 83442,210 Courthouse Way,Rigby,ID,83442,Locality wide location,false,true,"From: 2022-10-24, To: 2022-10-28, Times: 09:00:00 - 17:00:00; From: 2022-10-31, To: 2022-11-04, Times: 09:00:00 - 17:00:00",1667780,16051,"210 Courthouse Way, Rigby, ID 83442, USA",RIGBY,JEFFERSON,IDAHO,ID,43.678917,-111.910314,,,,,False,,False
jefferson,Jefferson County Courthouse,210 Courthouse Way Rigby ID 83442,210 Courthouse Way,Rigby,ID,83442,Locality wide location,true,false,"From: 2022-10-24, To: 2022-11-05, Times: 00:00:00 - 23:59:59; From: 2022-11-08, To: 2022-11-08, Times: 00:00:00 - 20:00:00; From: 2022-11-06, To: 2022-11-06, Times: 00:00:00 - 23:59:59; From: 2022-11-07, To: 2022-11-07, Times: 00:00:00 - 23:59:59",1667780,16051,"210 Courthouse Way, Rigby, ID 83442, USA",RIGBY,JEFFERSON,IDAHO,ID,43.678917,-111.910314,,,,,False,,False
jerome,Jerome County Elections Department,300 N Lincoln Ave Jerome ID 83338,300 N Lincoln Ave,Jerome,ID,83338,Locality wide location,false,true,"From: 2022-10-17, To: 2022-10-21, Times: 08:30:00 - 17:00:00; From: 2022-10-24, To: 2022-10-28, Times: 08:30:00 - 17:00:00; From: 2022-10-31, To: 2022-11-04, Times: 08:30:00 - 17:00:00",1641320,16053,"300 N Lincoln Ave, Jerome, ID 83338, USA",JEROME,JEROME,IDAHO,ID,42.7264573,-114.5179396,42.7266734,-114.517827,42.72620939999999,-114.5181514,False,,False
jerome,Jerome County Elections Department,300 N Lincoln Ave Jerome ID 83338,300 N Lincoln Ave,Jerome,ID,83338,Locality wide location,true,false,"From: 2022-10-17, To: 2022-11-05, Times: 00:00:00 - 23:59:59; From: 2022-11-08, To: 2022-11-08, Times: 00:00:00 - 20:00:00; From: 2022-11-06, To: 2022-11-06, Times: 00:00:00 - 23:59:59; From: 2022-11-07, To: 2022-11-07, Times: 00:00:00 - 23:59:59",1641320,16053,"300 N Lincoln Ave, Jerome, ID 83338, USA",JEROME,JEROME,IDAHO,ID,42.7264573,-114.5179396,42.7266734,-114.517827,42.72620939999999,-114.5181514,False,,False
kootenai,Kootenai County Elections,1808 N 3rd St Coeur d'Alene ID 83814,1808 N 3rd St,Coeur d'Alene,ID,83814,Locality wide location,false,true,"From: 2022-10-24, To: 2022-10-28, Times: 08:00:00 - 17:00:00; From: 2022-10-31, To: 2022-11-04, Times: 08:00:00 - 17:00:00",1616750,16055,"1808 N 3rd St, Coeur d'Alene, ID 83814, USA",COEUR D'ALENE,KOOTENAI,IDAHO,ID,47.6924635,-116.7818327,47.6927759,-116.7815429,47.6922457,-116.7820322,False,,False
kootenai,Kootenai County Elections,1808 N 3rd St Coeur d'Alene ID 83814,1808 N 3rd St,Coeur d'Alene,ID,83814,Locality wide location,true,false,"From: 2022-10-17, To: 2022-11-05, Times: 00:00:00 - 23:59:59; From: 2022-11-08, To: 2022-11-08, Times: 00:00:00 - 20:00:00; From: 2022-11-06, To: 2022-11-06, Times: 00:00:00 - 23:59:59; From: 2022-11-07, To: 2022-11-07, Times: 00:00:00 - 23:59:59",1616750,16055,"1808 N 3rd St, Coeur d'Alene, ID 83814, USA",COEUR D'ALENE,KOOTENAI,IDAHO,ID,47.6924635,-116.7818327,47.6927759,-116.7815429,47.6922457,-116.7820322,False,,False
latah,Latah County Courthouse,522 S Adams St Moscow ID 83843,522 S Adams St,Moscow,ID,83843,Locality wide location,false,true,"From: 2022-10-24, To: 2022-10-28, Times: 08:00:00 - 17:00:00; From: 2022-10-29, To: 2022-10-29, Times: 09:00:00 - 13:00:00; From: 2022-10-31, To: 2022-11-04, Times: 08:00:00 - 17:00:00",1654550,16057,"522 S Adams St, Moscow, ID 83843, USA",MOSCOW,LATAH,IDAHO,ID,46.7303866,-116.9963308,46.7309272,-116.9958524,46.7302492,-116.9968207,False,,False
latah,Latah County Courthouse,522 S Adams St Moscow ID 83843,522 S Adams St,Moscow,ID,83843,Locality wide location,true,false,"From: 2022-10-17, To: 2022-11-05, Times: 00:00:00 - 23:59:59; From: 2022-11-08, To: 2022-11-08, Times: 00:00:00 - 20:00:00; From: 2022-11-06, To: 2022-11-06, Times: 00:00:00 - 23:59:59; From: 2022-11-07, To: 2022-11-07, Times: 00:00:00 - 23:59:59",1654550,16057,"522 S Adams St, Moscow, ID 83843, USA",MOSCOW,LATAH,IDAHO,ID,46.7303866,-116.9963308,46.7309272,-116.9958524,46.7302492,-116.9968207,False,,False
lemhi,Lemhi County Clerk Office,206 Courthouse Dr Salmon ID 83467,206 Courthouse Dr,Salmon,ID,83467,Locality wide location,false,true,"From: 2022-10-24, To: 2022-10-28, Times: 08:00:00 - 17:00:00; From: 2022-10-31, To: 2022-11-04, Times: 08:00:00 - 17:00:00",1671650,16059,"206 Courthouse Dr, Salmon, ID 83467, USA",SALMON,LEMHI,IDAHO,ID,45.1792723,-113.9022494,45.1794439,-113.9020273,45.1790902,-113.9025256,False,,False
lewis,Lewis County Courthouse,510 Oak St Nezperce ID 83543,510 Oak St,Nezperce,ID,83543,Locality wide location,false,true,"From: 2022-09-23, To: 2022-09-23, Times: 09:00:00 - 17:00:00; From: 2022-09-26, To: 2022-09-30, Times: 09:00:00 - 17:00:00; From: 2022-10-03, To: 2022-10-07, Times: 09:00:00 - 17:00:00; From: 2022-10-11, To: 2022-10-14, Times: 09:00:00 - 17:00:00; From: 2022-10-17, To: 2022-10-21, Times: 09:00:00 - 17:00:00; From: 2022-10-24, To: 2022-10-28, Times: 09:00:00 - 17:00:00; From: 2022-10-31, To: 2022-11-04, Times: 09:00:00 - 17:00:00",1657250,16061,"510 Oak St, Nezperce, ID 83543, USA",NEZPERCE,LEWIS,IDAHO,ID,46.2332542,-116.2410181,46.233453,-116.2407573,46.2330432,-116.2412422,False,,False
lewis,Lewis County Courthouse,510 Oak St Nezperce ID 83543,510 Oak St,Nezperce,ID,83543,Locality wide location,true,false,"From: 2022-10-17, To: 2022-11-05, Times: 00:00:00 - 23:59:59; From: 2022-11-08, To: 2022-11-08, Times: 00:00:00 - 20:00:00; From: 2022-11-06, To: 2022-11-06, Times: 00:00:00 - 23:59:59; From: 2022-11-07, To: 2022-11-07, Times: 00:00:00 - 23:59:59",1657250,16061,"510 Oak St, Nezperce, ID 83543, USA",NEZPERCE,LEWIS,IDAHO,ID,46.2332542,-116.2410181,46.233453,-116.2407573,46.2330432,-116.2412422,False,,False
lincoln,Lincoln County Courthouse,11 W B St Shoshone ID 83352,11 W B St,Shoshone,ID,83352,Locality wide location,false,true,"From: 2022-10-24, To: 2022-10-28, Times: 08:30:00 - 17:00:00; From: 2022-10-31, To: 2022-11-04, Times: 08:30:00 - 17:00:00",1673900,16063,"11 W B St, Shoshone, ID 83352, USA",SHOSHONE,LINCOLN,IDAHO,ID,42.933698,-114.4078879,,,,,False,,False
madison,Madison County Clerk’s Office,134 E Main St Rexburg ID 83440,134 E Main St,Rexburg,ID,83440,Locality wide location,false,true,"From: 2022-10-24, To: 2022-10-28, Times: 08:15:00 - 16:45:00; From: 2022-10-31, To: 2022-11-04, Times: 08:15:00 - 16:45:00",1667420,16065,"134 E Main St, Rexburg, ID 83440, USA",REXBURG,MADISON,IDAHO,ID,43.8256855,-111.7797094,43.825895,-111.7795811,43.825551,-111.7798175,False,,False
madison,Madison County Clerk’s Office,134 E Main St Rexburg ID 83440,134 E Main St,Rexburg,ID,83440,Locality wide location,true,false,"From: 2022-10-17, To: 2022-11-05, Times: 00:00:00 - 23:59:59; From: 2022-11-08, To: 2022-11-08, Times: 00:00:00 - 20:00:00; From: 2022-11-06, To: 2022-11-06, Times: 00:00:00 - 23:59:59; From: 2022-11-07, To: 2022-11-07, Times: 00:00:00 - 23:59:59",1667420,16065,"134 E Main St, Rexburg, ID 83440, USA",REXBURG,MADISON,IDAHO,ID,43.8256855,-111.7797094,43.825895,-111.7795811,43.825551,-111.7798175,False,,False
minidoka,Minidoka County Courthouse,715 G St Rupert ID 83350,715 G St,Rupert,ID,83350,Locality wide location,false,true,"From: 2022-10-24, To: 2022-10-28, Times: 09:00:00 - 16:30:00; From: 2022-10-31, To: 2022-11-04, Times: 09:00:00 - 16:30:00",1670660,16067,"715 G St, Rupert, ID 83350, USA",RUPERT,MINIDOKA,IDAHO,ID,42.619115,-113.6771075,,,,,False,,False
nez_perce,Nez Perce County Auditor Recorder’s Office,1230 Main St Lewiston ID 83501,1230 Main St,Lewiston,ID,83501,Locality wide location,false,true,"From: 2022-10-11, To: 2022-10-14, Times: 08:00:00 - 17:00:00; From: 2022-10-17, To: 2022-10-21, Times: 08:00:00 - 17:00:00; From: 2022-10-24, To: 2022-10-28, Times: 08:00:00 - 17:00:00; From: 2022-10-31, To: 2022-11-04, Times: 08:00:00 - 17:00:00",1646540,,"1230 Main St Byp, Lewiston, ID 83501, USA",LEWISTON,NEZ PERCE,IDAHO,ID,46.4182262,-117.0162845,46.4184249,-117.0159015,46.4180336,-117.0166485,False,,False
nez_perce,Nez Perce County Courthouse,1230 Main St Lewiston ID 83501,1230 Main St,Lewiston,ID,83501,Locality wide location,true,false,"From: 2022-10-11, To: 2022-11-05, Times: 00:00:00 - 23:59:59; From: 2022-11-08, To: 2022-11-08, Times: 00:00:00 - 20:00:00; From: 2022-11-06, To: 2022-11-06, Times: 00:00:00 - 23:59:59; From: 2022-11-07, To: 2022-11-07, Times: 00:00:00 - 23:59:59",1646540,,"1230 Main St Byp, Lewiston, ID 83501, USA",LEWISTON,NEZ PERCE,IDAHO,ID,46.4182262,-117.0162845,46.4184249,-117.0159015,46.4180336,-117.0166485,False,,False
oneida,Oneida County Clerk’s Office,10 W Court St Malad City ID 83252,10 W Court St,Malad City,ID,83252,Locality wide location,false,true,"From: 2022-10-24, To: 2022-10-28, Times: 09:00:00 - 17:00:00; From: 2022-10-31, To: 2022-11-04, Times: 09:00:00 - 17:00:00",1650140,16071,"10 W Court St, Malad City, ID 83252, USA",MALAD CITY,ONEIDA,IDAHO,ID,42.1865226,-112.2455969,42.18656410000001,-112.245519,42.1864922,-112.2457015,False,,False
oneida,Oneida County Clerk’s Office,10 W Court St Malad City ID 83252,10 W Court St,Malad City,ID,83252,Locality wide location,true,false,"From: 2022-10-24, To: 2022-11-05, Times: 00:00:00 - 23:59:59; From: 2022-11-08, To: 2022-11-08, Times: 00:00:00 - 20:00:00; From: 2022-11-06, To: 2022-11-06, Times: 00:00:00 - 23:59:59; From: 2022-11-07, To: 2022-11-07, Times: 00:00:00 - 23:59:59",1650140,16071,"10 W Court St, Malad City, ID 83252, USA",MALAD CITY,ONEIDA,IDAHO,ID,42.1865226,-112.2455969,42.18656410000001,-112.245519,42.1864922,-112.2457015,False,,False
owyhee,Owyhee County Courthouse,20381 ID-78 Murphy ID 83650,20381 ID-78,Murphy,ID,83650,Locality wide location,false,true,"From: 2022-10-17, To: 2022-10-21, Times: 08:30:00 - 17:00:00; From: 2022-10-24, To: 2022-10-28, Times: 08:30:00 - 17:00:00; From: 2022-10-31, To: 2022-11-04, Times: 08:30:00 - 17:00:00",,16073,"20381 ID-78, Murphy, ID 83650, USA",MURPHY,OWYHEE,IDAHO,ID,43.2166175,-116.5510753,43.2170888,-116.5507354,43.2163556,-116.55146,False,,False
payette,Payette County Clerks Office,1130 3rd Ave N Payette ID 83661,1130 3rd Ave N,Payette,ID,83661,Locality wide location,false,true,"From: 2022-10-17, To: 2022-10-21, Times: 09:00:00 - 17:00:00; From: 2022-10-24, To: 2022-10-28, Times: 09:00:00 - 17:00:00; From: 2022-10-31, To: 2022-11-04, Times: 09:00:00 - 17:00:00",1661300,16075,"1130 3rd Ave N, Payette, ID 83661, USA",PAYETTE,PAYETTE,IDAHO,ID,44.07760529999999,-116.9296354,44.0777554,-116.9293469,44.0773328,-116.9301621,False,,False
power,Power County Courthouse,543 Bannock Ave American Falls ID 83211,543 Bannock Ave,American Falls,ID,83211,Locality wide location,true,false,"From: 2022-10-17, To: 2022-11-05, Times: 00:00:00 - 23:59:59; From: 2022-11-08, To: 2022-11-08, Times: 00:00:00 - 20:00:00; From: 2022-11-06, To: 2022-11-06, Times: 00:00:00 - 23:59:59; From: 2022-11-07, To: 2022-11-07, Times: 00:00:00 - 23:59:59",1601900,16077,"543 Bannock Ave, American Falls, ID 83211, USA",AMERICAN FALLS,POWER,IDAHO,ID,42.7829066,-112.8495523,42.783083,-112.8493696,42.78270510000001,-112.8497704,False,,False
power,Power County Election's Office,543 Bannock Ave American Falls ID 83211,543 Bannock Ave,American Falls,ID,83211,Locality wide location,false,true,"From: 2022-10-20, To: 2022-10-21, Times: 09:30:00 - 16:30:00; From: 2022-10-24, To: 2022-10-28, Times: 09:30:00 - 16:30:00; From: 2022-10-31, To: 2022-11-04, Times: 09:30:00 - 16:30:00",1601900,16077,"543 Bannock Ave, American Falls, ID 83211, USA",AMERICAN FALLS,POWER,IDAHO,ID,42.7829066,-112.8495523,42.783083,-112.8493696,42.78270510000001,-112.8497704,False,,False
shoshone,Shoshone County Courthouse,700 High Bank St Wallace ID 83873,700 High Bank St,Wallace,ID,83873,Locality wide location,false,true,"From: 2022-10-24, To: 2022-10-28, Times: 09:00:00 - 17:00:00; From: 2022-10-31, To: 2022-11-04, Times: 09:00:00 - 17:00:00",1684790,16079,"SHOSHONE COUNTY COURT HOUSE, 700 High Bank St, Wallace, ID 83873, USA",WALLACE,SHOSHONE,IDAHO,ID,47.4713503,-115.9220697,47.4714462,-115.9218699,47.4712622,-115.9222556,False,,False
teton,Teton County Courthouse,150 Courthouse Dr Driggs ID 83422,150 Courthouse Dr,Driggs,ID,83422,Locality wide location,false,true,"From: 2022-09-26, To: 2022-09-30, Times: 09:00:00 - 17:00:00; From: 2022-10-03, To: 2022-10-07, Times: 09:00:00 - 17:00:00; From: 2022-10-11, To: 2022-10-14, Times: 09:00:00 - 17:00:00; From: 2022-10-17, To: 2022-10-21, Times: 09:00:00 - 17:00:00; From: 2022-10-24, To: 2022-10-28, Times: 09:00:00 - 17:00:00; From: 2022-10-31, To: 2022-11-04, Times: 09:00:00 - 17:00:00",1622690,16081,"150 Courthouse Dr, Driggs, ID 83422, USA",DRIGGS,TETON,IDAHO,ID,43.7242262,-111.1160243,43.7243507,-111.1159349,43.7241516,-111.1162908,False,,False
teton,Teton County Courthouse,150 Courthouse Dr Driggs ID 83422,150 Courthouse Dr,Driggs,ID,83422,Locality wide location,true,false,"From: 2022-09-26, To: 2022-11-05, Times: 00:00:00 - 23:59:59; From: 2022-11-08, To: 2022-11-08, Times: 00:00:00 - 20:00:00; From: 2022-11-06, To: 2022-11-06, Times: 00:00:00 - 23:59:59; From: 2022-11-07, To: 2022-11-07, Times: 00:00:00 - 23:59:59",1622690,16081,"150 Courthouse Dr, Driggs, ID 83422, USA",DRIGGS,TETON,IDAHO,ID,43.7242262,-111.1160243,43.7243507,-111.1159349,43.7241516,-111.1162908,False,,False
twin_falls,Twin Falls County West,630 Addison Ave W Twin Falls ID 83301,630 Addison Ave W,Twin Falls,ID,83301,Locality wide location,false,true,"From: 2022-10-24, To: 2022-10-28, Times: 08:00:00 - 17:00:00; From: 2022-10-31, To: 2022-11-04, Times: 08:00:00 - 17:00:00",1682810,,"630 Addison Ave W, Twin Falls, ID 83301, USA",TWIN FALLS,TWIN FALLS,IDAHO,ID,42.565261,-114.4943503,42.5659584,-114.4931358,42.5646736,-114.4958139,False,,False
twin_falls,Twin Falls County West Drop Box 1,630 Addison Ave W Twin Falls ID 83301,630 Addison Ave W,Twin Falls,ID,83301,Locality wide location,true,false,"From: 2022-10-24, To: 2022-10-28, Times: 08:00:00 - 17:00:00; From: 2022-10-31, To: 2022-11-04, Times: 08:00:00 - 17:00:00; From: 2022-11-07, To: 2022-11-08, Times: 08:00:00 - 17:00:00",1682810,,"630 Addison Ave W, Twin Falls, ID 83301, USA",TWIN FALLS,TWIN FALLS,IDAHO,ID,42.565261,-114.4943503,42.5659584,-114.4931358,42.5646736,-114.4958139,False,,False
twin_falls,Twin Falls County West Drop Box 2,630 Addison Ave W Twin Falls ID 83301,630 Addison Ave W,Twin Falls,ID,83301,Locality wide location,true,false,"From: 2022-10-24, To: 2022-11-05, Times: 00:00:00 - 23:59:59; From: 2022-11-08, To: 2022-11-08, Times: 00:00:00 - 20:00:00; From: 2022-11-06, To: 2022-11-06, Times: 00:00:00 - 23:59:59; From: 2022-11-07, To: 2022-11-07, Times: 00:00:00 - 23:59:59",1682810,,"630 Addison Ave W, Twin Falls, ID 83301, USA",TWIN FALLS,TWIN FALLS,IDAHO,ID,42.565261,-114.4943503,42.5659584,-114.4931358,42.5646736,-114.4958139,False,,True
valley,Mc Call Courthouse Annex,550 Deinhard Ln McCall ID 83638,550 Deinhard Ln,McCall,ID,83638,Locality wide location,true,false,"From: 2022-10-24, To: 2022-10-28, Times: 08:00:00 - 17:00:00; From: 2022-10-31, To: 2022-11-04, Times: 08:00:00 - 17:00:00",1648790,16085,"550 Deinhard Ln, McCall, ID 83638, USA",MCCALL,VALLEY,IDAHO,ID,44.8973428,-116.0895462,44.8974714,-116.0894052,44.89719059999999,-116.0896737,False,,False
valley,Valley County Courthouse,219 N Main St Cascade ID 83611,219 N Main St,Cascade,ID,83611,Locality wide location,false,true,"From: 2022-10-24, To: 2022-10-28, Times: 08:00:00 - 17:00:00; From: 2022-10-31, To: 2022-11-04, Times: 08:00:00 - 17:00:00",1613150,16085,"219 N Main St, Cascade, ID 83611, USA",CASCADE,VALLEY,IDAHO,ID,44.5171594,-116.0434178,44.517486,-116.043138,44.5168948,-116.0437508,False,,False
valley,Valley County Courthouse,219 N Main St Cascade ID 83611,219 N Main St,Cascade,ID,83611,Locality wide location,true,false,"From: 2022-10-24, To: 2022-10-28, Times: 08:00:00 - 17:00:00; From: 2022-10-31, To: 2022-11-04, Times: 08:00:00 - 17:00:00",1613150,16085,"219 N Main St, Cascade, ID 83611, USA",CASCADE,VALLEY,IDAHO,ID,44.5171594,-116.0434178,44.517486,-116.043138,44.5168948,-116.0437508,False,,False
washington,Washington County Clerks Office,256 E Court St Weiser ID 83672,256 E Court St,Weiser,ID,83672,Locality wide location,false,true,"From: 2022-10-03, To: 2022-10-07, Times: 08:30:00 - 17:00:00; From: 2022-10-11, To: 2022-10-14, Times: 08:30:00 - 17:00:00; From: 2022-10-17, To: 2022-10-21, Times: 08:30:00 - 17:00:00; From: 2022-10-24, To: 2022-10-28, Times: 08:30:00 - 17:00:00; From: 2022-10-31, To: 2022-11-04, Times: 08:30:00 - 17:00:00",1686140,16087,"256 E Court St, Weiser, ID 83672, USA",WEISER,WASHINGTON,IDAHO,ID,44.2464627,-116.9660768,44.2466458,-116.9659918,44.2463272,-116.9661876,False,,False
washington,Washington County Clerks Office,256 E Court St Weiser ID 83672,256 E Court St,Weiser,ID,83672,Locality wide location,true,false,"From: 2022-10-03, To: 2022-11-05, Times: 00:00:00 - 23:59:59; From: 2022-11-08, To: 2022-11-08, Times: 00:00:00 - 20:00:00; From: 2022-11-06, To: 2022-11-06, Times: 00:00:00 - 23:59:59; From: 2022-11-07, To: 2022-11-07, Times: 00:00:00 - 23:59:59",1686140,16087,"256 E Court St, Weiser, ID 83672, USA",WEISER,WASHINGTON,IDAHO,ID,44.2464627,-116.9660768,44.2466458,-116.9659918,44.2463272,-116.9661876,False,,False
