Locality,Location Name,Address Full,Address Line,Address City,Address State,Address Zip,Precincts (Or Locality-wide),Is Drop Off,Is Early Voting,Schedules,Precinct FIPS,Locality FIPS,Google Address,City,County,State Long,State,Latitude,Longitude,NE Latitude,NE Longitude,SW Latitude,SW Longitude,Review Required,Problem,Duplicate
Pima,AUSD - Donaldson Elementary School,2040 W Omar Drive TUCSON AZ 85704,2040 W Omar Drive,TUCSON,AZ,85704,Locality wide location,false,false,"From: 2022-11-08, To: 2022-11-08, Times: 06:00:00 - 19:00:00",,04019,"2040 W Omar Dr, Tucson, AZ 85704, USA",TUCSON,PIMA,ARIZONA,AZ,32.3329821,-111.0124393,,,,,False,,False
Pima,AUSD - Rio Vista Elementary School,1351 E Limberlost Drive TUCSON AZ 85705,1351 E Limberlost Drive,TUCSON,AZ,85705,Locality wide location,false,false,"From: 2022-11-08, To: 2022-11-08, Times: 06:00:00 - 19:00:00",,04019,"1351 E Limberlost Dr, Tucson, AZ 85719, USA",TUCSON,PIMA,ARIZONA,AZ,32.2842607,-110.951921,32.2843518,-110.9518576,32.2841668,-110.9520546,False,,False
Pima,AUSD-Richard Wilson k-8,2330 W. Glover Rd. TUCSON AZ 85742,2330 W. Glover Rd.,TUCSON,AZ,85742,Locality wide location,false,false,"From: 2022-11-08, To: 2022-11-08, Times: 06:00:00 - 19:00:00",,04019,"2330 W Glover Rd, Oro Valley, AZ 85742, USA",ORO VALLEY,PIMA,ARIZONA,AZ,32.4184517,-111.0181908,32.4195375,-111.0180388,32.4174222,-111.0189519,False,,False
Pima,Accelerated Elementary & Secondary School,5245 N Camino De Oeste TUCSON AZ 85745,5245 N Camino De Oeste,TUCSON,AZ,85745,Locality wide location,false,false,"From: 2022-11-08, To: 2022-11-08, Times: 06:00:00 - 19:00:00",,04019,"5245 N Camino De Oeste, Tucson, AZ 85745, USA",TUCSON,PIMA,ARIZONA,AZ,32.30284,-111.065597,,,,,False,,False
Pima,Ajo Federated Church,101 W Lomita Avenue AJO AZ 85321,101 W Lomita Avenue,AJO,AZ,85321,Locality wide location,false,false,"From: 2022-11-08, To: 2022-11-08, Times: 06:00:00 - 19:00:00",,04019,"101 Lomita Ave, Ajo, AZ 85321, USA",AJO,PIMA,ARIZONA,AZ,32.3723426,-112.862988,32.3725227,-112.862808,32.3720997,-112.8632429,False,,False
Pima,Alive Christian Fellowship,9662 N La Cholla Boulevard TUCSON AZ 85742,9662 N La Cholla Boulevard,TUCSON,AZ,85742,Locality wide location,false,false,"From: 2022-11-08, To: 2022-11-08, Times: 06:00:00 - 19:00:00",,04019,"9662 N La Cholla Blvd, Tucson, AZ 85742, USA",TUCSON,PIMA,ARIZONA,AZ,32.3819364,-111.0116243,32.3822643,-111.0115303,32.3818515,-111.0118379,False,,False
Pima,Ambassador Event Center,3455 S Wilmot Road TUCSON AZ 85730,3455 S Wilmot Road,TUCSON,AZ,85730,Locality wide location,false,false,"From: 2022-11-08, To: 2022-11-08, Times: 06:00:00 - 19:00:00",,04019,"3455 S Wilmot Rd, Tucson, AZ 85730, USA",TUCSON,PIMA,ARIZONA,AZ,32.181661,-110.8565027,32.1818782,-110.8563491,32.1815082,-110.8568253,False,,False
Pima,American Legion Post 109,15921 S. Houghton Road VAIL AZ 85641,15921 S. Houghton Road,VAIL,AZ,85641,Locality wide location,false,false,"From: 2022-11-08, To: 2022-11-08, Times: 06:00:00 - 19:00:00",,04019,"15921 S Houghton Rd, Vail, AZ 85641, USA",VAIL,PIMA,ARIZONA,AZ,31.966186,-110.7716201,,,,,False,,False
Pima,American Legion Sahuaro Post #68,4724 S 12th Avenue TUCSON AZ 85714,4724 S 12th Avenue,TUCSON,AZ,85714,Locality wide location,false,false,"From: 2022-11-08, To: 2022-11-08, Times: 06:00:00 - 19:00:00",,04019,"4724 S 12th Ave, Tucson, AZ 85714, USA",TUCSON,PIMA,ARIZONA,AZ,32.1663014,-110.9779005,32.1664668,-110.9777279,32.1661902,-110.9780172,False,,False
Pima,Arivaca Old School Building,17180 W. 4th Street ARIVACA AZ 85601,17180 W. 4th Street,ARIVACA,AZ,85601,Locality wide location,false,false,"From: 2022-11-08, To: 2022-11-08, Times: 06:00:00 - 19:00:00",,04019,"W 4th St, Arivaca, AZ 85601, USA",ARIVACA,PIMA,ARIZONA,AZ,31.5760703,-111.3266955,31.57607350000003,-111.3263115,31.57605089999997,-111.3281731,True,Unexpected address size change,False
Pima,Armory Park Center,220 S 5th Avenue TUCSON AZ 85701,220 S 5th Avenue,TUCSON,AZ,85701,Locality wide location,false,false,"From: 2022-11-08, To: 2022-11-08, Times: 06:00:00 - 19:00:00",,04019,"220 S 5th Ave, Tucson, AZ 85701, USA",TUCSON,PIMA,ARIZONA,AZ,32.2191918,-110.9673821,32.2196854,-110.9671821,32.2188439,-110.9675955,False,,False
Pima,Avra Valley Fire District,15790 W Silverbell Road MARANA AZ 85653,15790 W Silverbell Road,MARANA,AZ,85653,Locality wide location,false,false,"From: 2022-11-08, To: 2022-11-08, Times: 06:00:00 - 19:00:00",,04019,"15790 W Silverbell Rd, Marana, AZ 85653, USA",MARANA,PIMA,ARIZONA,AZ,32.4443913,-111.3027141,32.4444902,-111.3025459,32.444331,-111.3029914,False,,False
Pima,Baboquivari District Office,Federal Route 19 & Fresnal Canyon Road TOPAWA AZ 85639,Federal Route 19 & Fresnal Canyon Road,TOPAWA,AZ,85639,Locality wide location,false,false,"From: 2022-11-08, To: 2022-11-08, Times: 06:00:00 - 19:00:00",,04019,"Topawa, AZ 85639, USA",TOPAWA,PIMA,ARIZONA,AZ,31.8139326,-111.8260138,31.8262468,-111.8042247,31.7934388,-111.8530274,True,Unexpected address size change,False
Pima,Beautiful Savior Lutheran Church,7570 N Thornydale Road TUCSON AZ 85741,7570 N Thornydale Road,TUCSON,AZ,85741,Locality wide location,false,false,"From: 2022-11-08, To: 2022-11-08, Times: 06:00:00 - 19:00:00",,04019,"7570 N Thornydale Rd, Tucson, AZ 85741, USA",TUCSON,PIMA,ARIZONA,AZ,32.3444124,-111.0454586,32.3444877,-111.0453533,32.3443558,-111.0455698,False,,False
Pima,Best Western International Airport Hotel & Suites,6801 S Tucson Boulevard TUCSON AZ 85756,6801 S Tucson Boulevard,TUCSON,AZ,85756,Locality wide location,false,false,"From: 2022-11-08, To: 2022-11-08, Times: 06:00:00 - 19:00:00",,04019,"6801 S Tucson Blvd, Tucson, AZ 85756, USA",TUCSON,PIMA,ARIZONA,AZ,32.1279147,-110.9336658,32.128442,-110.9328462,32.1277299,-110.9340955,False,,False
Pima,Bethel Baptist Church,11040 E Escalante Road TUCSON AZ 85730,11040 E Escalante Road,TUCSON,AZ,85730,Locality wide location,false,false,"From: 2022-11-08, To: 2022-11-08, Times: 06:00:00 - 19:00:00",,04019,"11040 E Escalante Rd, Tucson, AZ 85730, USA",TUCSON,PIMA,ARIZONA,AZ,32.176553,-110.7569,32.1767464,-110.7567007,32.1764094,-110.7571045,False,,False
Pima,Canoa Ranch Recreation Center,5750 S Turquoise Mountain Drive GREEN VALLEY AZ 85622,5750 S Turquoise Mountain Drive,GREEN VALLEY,AZ,85622,Locality wide location,false,false,"From: 2022-11-08, To: 2022-11-08, Times: 06:00:00 - 19:00:00",,04019,"5750 S Turquoise Mountain Dr, Green Valley, AZ 85622, USA",GREEN VALLEY,PIMA,ARIZONA,AZ,31.7880763,-111.0289954,31.7883037,-111.0285987,31.787866,-111.0291598,False,,False
Pima,Canyon Del Oro Assembly of GOD,2950 W Lambert Lane TUCSON AZ 85742,2950 W Lambert Lane,TUCSON,AZ,85742,Locality wide location,false,false,"From: 2022-11-08, To: 2022-11-08, Times: 06:00:00 - 19:00:00",,04019,"2950 W Lambert Ln, Tucson, AZ 85742, USA",TUCSON,PIMA,ARIZONA,AZ,32.3959691,-111.0305802,,,,,False,,False
Pima,Canyon Del Oro Bible Church,9200 N Oracle Road TUCSON AZ 85704,9200 N Oracle Road,TUCSON,AZ,85704,Locality wide location,false,false,"From: 2022-11-08, To: 2022-11-08, Times: 06:00:00 - 19:00:00",,04019,"9200 N Oracle Rd, Oro Valley, AZ 85704, USA",ORO VALLEY,PIMA,ARIZONA,AZ,32.3744838,-110.9647457,32.374784,-110.9642988,32.3743284,-110.9649848,False,,False
Pima,Casa Paloma I Recreation Center,400 W Circulo Del Paladin GREEN VALLEY AZ 85622,400 W Circulo Del Paladin,GREEN VALLEY,AZ,85622,Locality wide location,false,false,"From: 2022-11-08, To: 2022-11-08, Times: 06:00:00 - 19:00:00",,04019,"400 W Círculo Del Paladin, Green Valley, AZ 85614, USA",GREEN VALLEY,PIMA,ARIZONA,AZ,31.8737423,-110.9970009,31.8738194,-110.9968517,31.8736161,-110.9970623,False,,False
Pima,Casas Adobes Baptist Church,10801 N La Cholla Boulevard TUCSON AZ 85742,10801 N La Cholla Boulevard,TUCSON,AZ,85742,Locality wide location,false,false,"From: 2022-11-08, To: 2022-11-08, Times: 06:00:00 - 19:00:00",,04019,"10801 N La Cholla Blvd, Tucson, AZ 85742, USA",TUCSON,PIMA,ARIZONA,AZ,32.4026705,-111.0164114,,,,,False,,False
Pima,Catalina Community Center,16562 North Oracle Road TUCSON AZ 85741,16562 North Oracle Road,TUCSON,AZ,85741,Locality wide location,false,false,"From: 2022-11-08, To: 2022-11-08, Times: 06:00:00 - 19:00:00",,04019,"16562 N Oracle Rd, Tucson, AZ 85739, USA",TUCSON,PIMA,ARIZONA,AZ,32.5069645,-110.9251902,32.5070572,-110.9251086,32.506901,-110.9254042,False,,False
Pima,Charron Vineyard & Winery,18585 S Sonoita Highway VAIL AZ 85641,18585 S Sonoita Highway,VAIL,AZ,85641,Locality wide location,false,false,"From: 2022-11-08, To: 2022-11-08, Times: 06:00:00 - 19:00:00",,04019,"18585 S Sonoita Hwy, Vail, AZ 85641, USA",VAIL,PIMA,ARIZONA,AZ,31.9133824,-110.6588194,,,,,False,,False
Pima,Christ Lutheran Vail Church,14600 E Colossal Cave Road VAIL AZ 85641,14600 E Colossal Cave Road,VAIL,AZ,85641,Locality wide location,false,false,"From: 2022-11-08, To: 2022-11-08, Times: 06:00:00 - 19:00:00",,04019,"14600 E Colossal Cave Rd, Vail, AZ 85641, USA",VAIL,PIMA,ARIZONA,AZ,32.0531436,-110.682613,,,,,False,,False
Pima,Chukut Kuk District,"Federal Route 19, Mile Post 8, Miguel Community SELLS AZ 85634","Federal Route 19, Mile Post 8, Miguel Community",SELLS,AZ,85634,Locality wide location,false,false,"From: 2022-11-08, To: 2022-11-08, Times: 06:00:00 - 19:00:00",,04019,"Sells, AZ 85634, USA",SELLS,PIMA,ARIZONA,AZ,31.9120215,-111.881234,31.9501161,-111.8438081,31.896203,-111.9176001,True,Unexpected address size change,False
Pima,Church of The Painted Hills,3295 W Speedway Boulevard TUCSON AZ 85745,3295 W Speedway Boulevard,TUCSON,AZ,85745,Locality wide location,false,false,"From: 2022-11-08, To: 2022-11-08, Times: 06:00:00 - 19:00:00",,04019,"3295 W Speedway Blvd, Tucson, AZ 85745, USA",TUCSON,PIMA,ARIZONA,AZ,32.235648,-111.0366835,32.2357183,-111.0365958,32.2355232,-111.036839,False,,False
Pima,Clements Regional Center,8155 E Poinciana Drive TUCSON AZ 85730,8155 E Poinciana Drive,TUCSON,AZ,85730,Locality wide location,false,false,"From: 2022-11-08, To: 2022-11-08, Times: 06:00:00 - 19:00:00",,04019,"8155 E Poinciana Dr, Tucson, AZ 85730, USA",TUCSON,PIMA,ARIZONA,AZ,32.1684794,-110.8184582,32.168637,-110.818143,32.1682838,-110.8187798,False,,False
Pima,Continental Ranch Community Center,8881 N Coachline Boulevard TUCSON AZ 85743,8881 N Coachline Boulevard,TUCSON,AZ,85743,Locality wide location,false,false,"From: 2022-11-08, To: 2022-11-08, Times: 06:00:00 - 19:00:00",,04019,"8881 N Coachline Blvd, Tucson, AZ 85743, USA",TUCSON,PIMA,ARIZONA,AZ,32.3674975,-111.1226533,32.3675955,-111.1224661,32.3674195,-111.1227472,False,,False
Pima,Countryside Community Club,9151 N Bald Eagle TUCSON AZ 85742,9151 N Bald Eagle,TUCSON,AZ,85742,Locality wide location,false,false,"From: 2022-11-08, To: 2022-11-08, Times: 06:00:00 - 19:00:00",,04019,"9151 N Bald Eagle Ave, Tucson, AZ 85742, USA",TUCSON,PIMA,ARIZONA,AZ,32.3718173,-111.0710035,32.3735513,-111.0694682,32.3706597,-111.0729726,False,,False
Pima,Desert Hills Center,2980 S Camino Del Sol GREEN VALLEY AZ 85622,2980 S Camino Del Sol,GREEN VALLEY,AZ,85622,Locality wide location,false,false,"From: 2022-11-08, To: 2022-11-08, Times: 06:00:00 - 19:00:00",,04019,"2980 S Camino Del Sol, Green Valley, AZ 85622, USA",GREEN VALLEY,PIMA,ARIZONA,AZ,31.8284039,-111.0141391,31.8285725,-111.0139598,31.8282793,-111.0142844,False,,False
Pima,Desert Springs Baptist Church,10425 N Thornydale Road TUCSON AZ 85742,10425 N Thornydale Road,TUCSON,AZ,85742,Locality wide location,false,false,"From: 2022-11-08, To: 2022-11-08, Times: 06:00:00 - 19:00:00",,04019,"10425 N Thornydale Rd, Tucson, AZ 85742, USA",TUCSON,PIMA,ARIZONA,AZ,32.3959752,-111.0475918,32.396124,-111.047405,32.3957492,-111.0478193,False,,False
Pima,Desert Springs Presbyterian Church,1555 W Overton Road TUCSON AZ 85704,1555 W Overton Road,TUCSON,AZ,85704,Locality wide location,false,false,"From: 2022-11-08, To: 2022-11-08, Times: 06:00:00 - 19:00:00",,04019,"1555 W Overton Rd, Tucson, AZ 85704, USA",TUCSON,PIMA,ARIZONA,AZ,32.3664279,-110.9985611,32.366542,-110.9984269,32.3663477,-110.9987016,False,,False
Pima,Donna R Liggins Neighborhood Center,2160 N 6th Avenue TUCSON AZ 85705,2160 N 6th Avenue,TUCSON,AZ,85705,Locality wide location,false,false,"From: 2022-11-08, To: 2022-11-08, Times: 06:00:00 - 19:00:00",,04019,"2160 N 6th Ave, Tucson, AZ 85705, USA",TUCSON,PIMA,ARIZONA,AZ,32.2470162,-110.967452,32.2470913,-110.9673333,32.2468964,-110.9675771,False,,False
Pima,DoubleTree Suites by Hilton Tucson Williams Center,5335 E Broadway Boulevard TUCSON AZ 85711,5335 E Broadway Boulevard,TUCSON,AZ,85711,Locality wide location,false,false,"From: 2022-11-08, To: 2022-11-08, Times: 06:00:00 - 19:00:00",,04019,"5335 E Broadway Blvd, Tucson, AZ 85711, USA",TUCSON,PIMA,ARIZONA,AZ,32.2220245,-110.8782796,,,,,False,,False
Pima,Dove of Peace Lutheran Church,665 W Roller Coaster Road TUCSON AZ 85704,665 W Roller Coaster Road,TUCSON,AZ,85704,Locality wide location,false,false,"From: 2022-11-08, To: 2022-11-08, Times: 06:00:00 - 19:00:00",,04019,"665 W Roller Coaster Rd, Tucson, AZ 85704, USA",TUCSON,PIMA,ARIZONA,AZ,32.3091485,-110.9802355,32.309284,-110.9801475,32.3089877,-110.9806096,False,,False
Pima,Dusenberry-River Library,5605 E River Road #105 TUCSON AZ 85750,5605 E River Road #105,TUCSON,AZ,85750,Locality wide location,false,false,"From: 2022-11-08, To: 2022-11-08, Times: 06:00:00 - 19:00:00",,04019,"5605 E River Rd UNIT 105, Tucson, AZ 85750, USA",TUCSON,PIMA,ARIZONA,AZ,32.275195,-110.873189,,,,,False,,False
Pima,East Social Center,7 S Abergo Drive GREEN VALLEY AZ 85622,7 S Abergo Drive,GREEN VALLEY,AZ,85622,Locality wide location,false,false,"From: 2022-11-08, To: 2022-11-08, Times: 06:00:00 - 19:00:00",,04019,"7 S Abrego Dr, Green Valley, AZ 85614, USA",GREEN VALLEY,PIMA,ARIZONA,AZ,31.8701157,-110.9879662,31.870516,-110.9875257,31.8696521,-110.9881209,False,,False
Pima,Eckstrom- Columbus Library,4350 E 22nd Street TUCSON AZ 85711,4350 E 22nd Street,TUCSON,AZ,85711,Locality wide location,false,false,"From: 2022-11-08, To: 2022-11-08, Times: 06:00:00 - 19:00:00",,04019,"4350 E 22nd St, Tucson, AZ 85711, USA",TUCSON,PIMA,ARIZONA,AZ,32.2068068,-110.9003081,32.2068133,-110.9002891,32.2067974,-110.9003298,False,,False
Pima,El Mezquite Salon de Eventos,7130 S Nogales Highway TUCSON AZ 85756,7130 S Nogales Highway,TUCSON,AZ,85756,Locality wide location,false,false,"From: 2022-11-08, To: 2022-11-08, Times: 06:00:00 - 19:00:00",,04019,"7130 S Nogales Hwy, Tucson, AZ 85756, USA",TUCSON,PIMA,ARIZONA,AZ,32.1227719,-110.9615269,32.1228887,-110.9614156,32.1226536,-110.961726,False,,False
Pima,El Pueblo Senior Center,101 W Irvington Road TUCSON AZ 85706,101 W Irvington Road,TUCSON,AZ,85706,Locality wide location,false,false,"From: 2022-11-08, To: 2022-11-08, Times: 06:00:00 - 19:00:00",,04019,"101 W Irvington Rd, Tucson, AZ 85714, USA",TUCSON,PIMA,ARIZONA,AZ,32.1625493,-110.9701763,32.1626536,-110.9700904,32.1624613,-110.9703209,False,,False
Pima,Ellie Town Flowing Wells Community Center,1660 W Ruthrauff Road TUCSON AZ 85705,1660 W Ruthrauff Road,TUCSON,AZ,85705,Locality wide location,false,false,"From: 2022-11-08, To: 2022-11-08, Times: 06:00:00 - 19:00:00",,04019,"1660 W Ruthrauff Rd, Tucson, AZ 85705, USA",TUCSON,PIMA,ARIZONA,AZ,32.288087,-111.0016937,32.2883533,-111.0014018,32.287746,-111.0019819,False,,False
Pima,Embassy Suites Tucson-Paloma Village,3110 E Skyline Drive TUCSON AZ 85718,3110 E Skyline Drive,TUCSON,AZ,85718,Locality wide location,false,false,"From: 2022-11-08, To: 2022-11-08, Times: 06:00:00 - 19:00:00",,04019,"3110 E Skyline Dr, Tucson, AZ 85718, USA",TUCSON,PIMA,ARIZONA,AZ,32.3216815,-110.9268667,32.3222361,-110.9263747,32.32133810000001,-110.9276474,False,,False
Pima,Embassy Suites by Hilton Tucson East,6555 E Speedway Boulevard TUCSON AZ 85710,6555 E Speedway Boulevard,TUCSON,AZ,85710,Locality wide location,false,false,"From: 2022-11-08, To: 2022-11-08, Times: 06:00:00 - 19:00:00",,04019,"6555 E Speedway Blvd, Tucson, AZ 85710, USA",TUCSON,PIMA,ARIZONA,AZ,32.2362195,-110.8529317,32.2382162,-110.8526676,32.2359973,-110.8539612,False,,False
Pima,Faith Christian Fellowship,3141 W Ironwood Hills Drive TUCSON AZ 85745,3141 W Ironwood Hills Drive,TUCSON,AZ,85745,Locality wide location,false,false,"From: 2022-11-08, To: 2022-11-08, Times: 06:00:00 - 19:00:00",,04019,"3141 W Ironwood Hill Dr, Tucson, AZ 85745, USA",TUCSON,PIMA,ARIZONA,AZ,32.2500721,-111.0339786,32.2502821,-111.0337777,32.2498765,-111.0342137,False,,False
Pima,Fellowship Bible Church,6700 E Broadway Tucson AZ 85710,6700 E Broadway,Tucson,AZ,85710,Locality wide location,false,true,"From: 2022-10-12, To: 2022-10-12, Times: 08:00:00 - 17:00:00; From: 2022-10-13, To: 2022-10-13, Times: 08:00:00 - 17:00:00; From: 2022-10-22, To: 2022-10-22, Times: 08:00:00 - 17:00:00; From: 2022-10-23, To: 2022-10-23, Times: 08:00:00 - 17:00:00; From: 2022-10-24, To: 2022-10-24, Times: 08:00:00 - 17:00:00; From: 2022-10-25, To: 2022-10-25, Times: 08:00:00 - 17:00:00; From: 2022-10-26, To: 2022-10-26, Times: 08:00:00 - 17:00:00; From: 2022-10-27, To: 2022-10-27, Times: 08:00:00 - 17:00:00; From: 2022-10-28, To: 2022-10-28, Times: 08:00:00 - 17:00:00; From: 2022-10-29, To: 2022-10-29, Times: 08:00:00 - 17:00:00; From: 2022-10-30, To: 2022-10-30, Times: 08:00:00 - 17:00:00; From: 2022-10-31, To: 2022-10-31, Times: 08:00:00 - 17:00:00; From: 2022-10-14, To: 2022-10-14, Times: 08:00:00 - 17:00:00; From: 2022-11-01, To: 2022-11-01, Times: 08:00:00 - 17:00:00; From: 2022-11-02, To: 2022-11-02, Times: 08:00:00 - 17:00:00; From: 2022-11-03, To: 2022-11-03, Times: 08:00:00 - 17:00:00; From: 2022-11-04, To: 2022-11-04, Times: 08:00:00 - 17:00:00; From: 2022-11-05, To: 2022-11-05, Times: 09:00:00 - 15:00:00; From: 2022-11-07, To: 2022-11-07, Times: 08:00:00 - 17:00:00; From: 2022-10-15, To: 2022-10-15, Times: 08:00:00 - 17:00:00; From: 2022-10-16, To: 2022-10-16, Times: 08:00:00 - 17:00:00; From: 2022-10-17, To: 2022-10-17, Times: 08:00:00 - 17:00:00; From: 2022-10-18, To: 2022-10-18, Times: 08:00:00 - 17:00:00; From: 2022-10-19, To: 2022-10-19, Times: 08:00:00 - 17:00:00; From: 2022-10-20, To: 2022-10-20, Times: 08:00:00 - 17:00:00; From: 2022-10-21, To: 2022-10-21, Times: 08:00:00 - 17:00:00",,04019,"6700 E Broadway Blvd, Tucson, AZ 85710, USA",TUCSON,PIMA,ARIZONA,AZ,32.2201756,-110.8492004,32.2202473,-110.8490677,32.2201111,-110.8493548,False,,False
Pima,First United Methodist Church,915 E 4th Street TUCSON AZ 85719,915 E 4th Street,TUCSON,AZ,85719,Locality wide location,false,false,"From: 2022-11-08, To: 2022-11-08, Times: 06:00:00 - 19:00:00",,04019,"915 E 4th St, Tucson, AZ 85719, USA",TUCSON,PIMA,ARIZONA,AZ,32.230719,-110.9572765,32.2309867,-110.9568955,32.2305274,-110.9575314,False,,False
Pima,Fred Archer Neighborhood Center,1665 S La Cholla Boulevard TUCSON AZ 85713,1665 S La Cholla Boulevard,TUCSON,AZ,85713,Locality wide location,false,false,"From: 2022-11-08, To: 2022-11-08, Times: 06:00:00 - 19:00:00",,04019,"1665 S La Cholla Blvd, Tucson, AZ 85713, USA",TUCSON,PIMA,ARIZONA,AZ,32.201517,-111.0104367,32.2016805,-111.0101837,32.2014586,-111.0105254,False,,False
Pima,Gates Pass Community Church,1895 W Speedway Boulevard TUCSON AZ 85745,1895 W Speedway Boulevard,TUCSON,AZ,85745,Locality wide location,false,false,"From: 2022-11-08, To: 2022-11-08, Times: 06:00:00 - 19:00:00",,04019,"1895 W Speedway Blvd, Tucson, AZ 85745, USA",TUCSON,PIMA,ARIZONA,AZ,32.234632,-111.0070013,32.2346763,-111.0068595,32.2345637,-111.0071777,False,,False
Pima,Glad Tidings Assembly of GOD Church,600 N Kolb Road TUCSON AZ 85710,600 N Kolb Road,TUCSON,AZ,85710,Locality wide location,false,false,"From: 2022-11-08, To: 2022-11-08, Times: 06:00:00 - 19:00:00",,04019,"600 N Kolb Rd, Tucson, AZ 85710, USA",TUCSON,PIMA,ARIZONA,AZ,32.2288332,-110.840504,32.2290055,-110.8403275,32.2286251,-110.8406905,False,,False
Pima,Grace Community Covenant Church,9755 N La Cholla Boulevard TUCSON AZ 85742,9755 N La Cholla Boulevard,TUCSON,AZ,85742,Locality wide location,false,false,"From: 2022-11-08, To: 2022-11-08, Times: 06:00:00 - 19:00:00",,04019,"9755 N La Cholla Blvd, Tucson, AZ 85742, USA",TUCSON,PIMA,ARIZONA,AZ,32.3834348,-111.0144804,32.3836007,-111.0142904,32.3832229,-111.0146982,False,,False
Pima,Gu Achi District,Santa Rosa Community SELLS AZ 85634,Santa Rosa Community,SELLS,AZ,85634,Locality wide location,false,false,"From: 2022-11-08, To: 2022-11-08, Times: 06:00:00 - 19:00:00",,04019,"Santa Rosa, AZ 85634, USA",SANTA ROSA,PIMA,ARIZONA,AZ,32.3236779,-112.0412468,32.352699,-112.017643,32.3091218,-112.0778731,True,Unexpected address size change,False
Pima,Gu Vo District Office Compound,"Indian Route 1, Mile Post 19, Gu Vo Village AJO AZ 85321","Indian Route 1, Mile Post 19, Gu Vo Village",AJO,AZ,85321,Locality wide location,false,false,"From: 2022-11-08, To: 2022-11-08, Times: 06:00:00 - 19:00:00",,04019,"Indian Rte 1, Ajo, AZ 85321, USA",AJO,PIMA,ARIZONA,AZ,32.037525,-112.5793684,32.12749270000002,-112.5479625,31.94106759999998,-112.5844641,True,Unexpected address size change,False
Pima,HIS Presence Church Arizona,4108 E North Street TUCSON AZ 85712,4108 E North Street,TUCSON,AZ,85712,Locality wide location,false,false,"From: 2022-11-08, To: 2022-11-08, Times: 06:00:00 - 19:00:00",,04019,"4108 E North St, Tucson, AZ 85712, USA",TUCSON,PIMA,ARIZONA,AZ,32.2491668,-110.9055525,32.249359,-110.9054292,32.2490242,-110.9056171,False,,False
Pima,Hickiwan District,"Vaya Chin Village, Rt 34, MP 53 SELLS AZ 85321","Vaya Chin Village, Rt 34, MP 53",SELLS,AZ,85321,Locality wide location,false,false,"From: 2022-11-08, To: 2022-11-08, Times: 06:00:00 - 19:00:00",,04019,"Sells, AZ 85634, USA",SELLS,PIMA,ARIZONA,AZ,31.9120215,-111.881234,31.9501161,-111.8438081,31.896203,-111.9176001,True,Unexpected address size change,True
Pima,Hilton Garden Inn,6575 S Country Club Road TUCSON AZ 85756,6575 S Country Club Road,TUCSON,AZ,85756,Locality wide location,false,false,"From: 2022-11-08, To: 2022-11-08, Times: 06:00:00 - 19:00:00",,04019,"6575 S Country Club Rd, Tucson, AZ 85756, USA",TUCSON,PIMA,ARIZONA,AZ,32.1325775,-110.9250505,32.1333605,-110.9247996,32.1323691,-110.9253433,False,,False
Pima,Hope Church,3353 N Houghton Road TUCSON AZ 85749,3353 N Houghton Road,TUCSON,AZ,85749,Locality wide location,false,false,"From: 2022-11-08, To: 2022-11-08, Times: 06:00:00 - 19:00:00",,04019,"3353 N Houghton Rd, Tucson, AZ 85749, USA",TUCSON,PIMA,ARIZONA,AZ,32.2676086,-110.7731041,32.2677767,-110.7729964,32.2674948,-110.7732548,False,,False
Pima,Journey Church,4700 N Swan Road TUCSON AZ 85718,4700 N Swan Road,TUCSON,AZ,85718,Locality wide location,false,false,"From: 2022-11-08, To: 2022-11-08, Times: 06:00:00 - 19:00:00",,04019,"4700 N Swan Rd, Tucson, AZ 85718, USA",TUCSON,PIMA,ARIZONA,AZ,32.2925462,-110.8897051,32.292614,-110.8894895,32.2924623,-110.8899261,False,,False
Pima,Kino Sports Complex /Event Center,2805 E Ajo Way TUCSON AZ 85713,2805 E Ajo Way,TUCSON,AZ,85713,Locality wide location,false,false,"From: 2022-11-08, To: 2022-11-08, Times: 06:00:00 - 19:00:00",,04019,"2805 E Ajo Way, Tucson, AZ 85713, USA",TUCSON,PIMA,ARIZONA,AZ,32.180832,-110.9302662,32.1811185,-110.9300238,32.1804778,-110.9305899,False,,False
Pima,Kirk Bear Canyon Library,8959 E Tanque Verde Rd Tucson AZ 85749,8959 E Tanque Verde Rd,Tucson,AZ,85749,Locality wide location,false,true,"From: 2022-10-31, To: 2022-10-31, Times: 09:00:00 - 17:00:00; From: 2022-11-01, To: 2022-11-01, Times: 09:00:00 - 18:00:00; From: 2022-11-02, To: 2022-11-02, Times: 09:00:00 - 17:00:00; From: 2022-11-03, To: 2022-11-03, Times: 09:00:00 - 18:00:00; From: 2022-11-04, To: 2022-11-04, Times: 09:00:00 - 17:00:00; From: 2022-11-05, To: 2022-11-05, Times: 09:00:00 - 15:00:00; From: 2022-11-07, To: 2022-11-07, Times: 08:00:00 - 17:00:00",,04019,"8959 E Tanque Verde Rd, Tucson, AZ 85749, USA",TUCSON,PIMA,ARIZONA,AZ,32.2593686,-110.8014153,32.25957,-110.8012455,32.2589824,-110.8016931,False,,False
Pima,Kirk-Bear Canyon Library,8959 E Tanque Verde Road TUCSON AZ 85749,8959 E Tanque Verde Road,TUCSON,AZ,85749,Locality wide location,false,false,"From: 2022-11-08, To: 2022-11-08, Times: 06:00:00 - 19:00:00",,04019,"8959 E Tanque Verde Rd, Tucson, AZ 85749, USA",TUCSON,PIMA,ARIZONA,AZ,32.2593686,-110.8014153,32.25957,-110.8012455,32.2589824,-110.8016931,False,,False
Pima,Knight of Columbus,601 S Tucson Boulevard TUCSON AZ 85716,601 S Tucson Boulevard,TUCSON,AZ,85716,Locality wide location,false,false,"From: 2022-11-08, To: 2022-11-08, Times: 06:00:00 - 19:00:00",,04019,"601 S Tucson Blvd, Tucson, AZ 85716, USA",TUCSON,PIMA,ARIZONA,AZ,32.2137411,-110.9346941,32.2138216,-110.9345781,32.2135864,-110.9348239,False,,False
Pima,La Quinta Inn& Suites Tucson Reid Park,102 N Alvernon Way TUCSON AZ 85711,102 N Alvernon Way,TUCSON,AZ,85711,Locality wide location,false,false,"From: 2022-11-08, To: 2022-11-08, Times: 06:00:00 - 19:00:00",,04019,"102 N Alvernon Way, Tucson, AZ 85711, USA",TUCSON,PIMA,ARIZONA,AZ,32.2239747,-110.9090347,32.2242362,-110.9079867,32.2236692,-110.9092793,False,,False
Pima,Las Campanas,565 W Belltower Drive GREEN VALLEY AZ 85614,565 W Belltower Drive,GREEN VALLEY,AZ,85614,Locality wide location,false,false,"From: 2022-11-08, To: 2022-11-08, Times: 06:00:00 - 19:00:00",,04019,"565 W Belltower Dr, Green Valley, AZ 85614, USA",GREEN VALLEY,PIMA,ARIZONA,AZ,31.8721003,-111.0008663,31.8723638,-111.0003971,31.8717982,-111.0011609,False,,False
Pima,Lord of Grace Lutheran Church,7250 N Cortaro Road TUCSON AZ 85743,7250 N Cortaro Road,TUCSON,AZ,85743,Locality wide location,false,false,"From: 2022-11-08, To: 2022-11-08, Times: 06:00:00 - 19:00:00",,04019,"7250 N Cortaro Rd, Tucson, AZ 85743, USA",TUCSON,PIMA,ARIZONA,AZ,32.3381052,-111.1060548,32.3383706,-111.1058179,32.3378707,-111.1063588,False,,False
Pima,Lutheran Church of the Foothills,5102 N Craycroft Road TUCSON AZ 85718,5102 N Craycroft Road,TUCSON,AZ,85718,Locality wide location,false,false,"From: 2022-11-08, To: 2022-11-08, Times: 06:00:00 - 19:00:00",,04019,"5102 N Craycroft Rd, Tucson, AZ 85718, USA",TUCSON,PIMA,ARIZONA,AZ,32.2990834,-110.8747943,32.2993181,-110.8746164,32.2989482,-110.8749713,False,,False
Pima,MUSD - Marana High School,12000 W Emigh Road Tucson AZ 85743,12000 W Emigh Road,Tucson,AZ,85743,Locality wide location,false,false,"From: 2022-11-08, To: 2022-11-08, Times: 06:00:00 - 19:00:00",,04019,"12000 W Emigh Rd, Tucson, AZ 85743, USA",TUCSON,PIMA,ARIZONA,AZ,32.3677919,-111.2206,32.3682376,-111.2202706,32.367396,-111.2212787,False,,False
Pima,MUSD - Roadrunner Elementary School,16651 West Calle Carmela MARANA AZ 85653,16651 West Calle Carmela,MARANA,AZ,85653,Locality wide location,false,false,"From: 2022-11-08, To: 2022-11-08, Times: 06:00:00 - 19:00:00",,04019,"16651 W Calle Carmela, Marana, AZ 85653, USA",MARANA,PIMA,ARIZONA,AZ,32.4132333,-111.3227655,32.4132694,-111.3227026,32.4131884,-111.3228309,False,,False
Pima,Marana Municipal Complex,11555 W Civic Center MARANA AZ 85653,11555 W Civic Center,MARANA,AZ,85653,Locality wide location,false,false,"From: 2022-11-08, To: 2022-11-08, Times: 06:00:00 - 19:00:00",,04019,"11555 W Civic Center Dr, Marana, AZ 85653, USA",MARANA,PIMA,ARIZONA,AZ,32.4475558,-111.2111918,32.4481102,-111.2102565,32.4471297,-111.2113798,False,,False
Pima,Marymar Events,2264 E Benson Highway TUCSON AZ 85706,2264 E Benson Highway,TUCSON,AZ,85706,Locality wide location,false,false,"From: 2022-11-08, To: 2022-11-08, Times: 06:00:00 - 19:00:00",,04019,"2264 E Benson Hwy, Tucson, AZ 85714, USA",TUCSON,PIMA,ARIZONA,AZ,32.1644555,-110.938509,32.1646815,-110.9383233,32.1642605,-110.9386859,False,,False
Pima,Miller Golf Links Library,9640 E Golf Links Rd Tucson AZ 85730,9640 E Golf Links Rd,Tucson,AZ,85730,Locality wide location,false,true,"From: 2022-10-31, To: 2022-10-31, Times: 09:00:00 - 17:00:00; From: 2022-11-01, To: 2022-11-01, Times: 09:00:00 - 18:00:00; From: 2022-11-02, To: 2022-11-02, Times: 09:00:00 - 17:00:00; From: 2022-11-03, To: 2022-11-03, Times: 09:00:00 - 18:00:00; From: 2022-11-04, To: 2022-11-04, Times: 09:00:00 - 17:00:00",,04019,"9640 E Golf Links Rd, Tucson, AZ 85730, USA",TUCSON,PIMA,ARIZONA,AZ,32.1907833,-110.7862352,,,,,False,,False
Pima,Miller- GolfLinks Library,9640 E Golflinks Road TUCSON AZ 85745,9640 E Golflinks Road,TUCSON,AZ,85745,Locality wide location,false,false,"From: 2022-11-08, To: 2022-11-08, Times: 06:00:00 - 19:00:00",,04019,"9640 E Golf Links Rd, Tucson, AZ 85730, USA",TUCSON,PIMA,ARIZONA,AZ,32.1907833,-110.7862352,,,,,False,,False
Pima,Morris K. Udall Regional Center,7200 E Tanque Verde Road TUCSON AZ 85715,7200 E Tanque Verde Road,TUCSON,AZ,85715,Locality wide location,false,false,"From: 2022-11-08, To: 2022-11-08, Times: 06:00:00 - 19:00:00",,04019,"7200 E Tanque Verde Rd, Tucson, AZ 85715, USA",TUCSON,PIMA,ARIZONA,AZ,32.2493717,-110.8391799,32.249737,-110.8384579,32.2488387,-110.8399678,False,,False
Pima,Mount Lemmon Community Center,"12949 N Sabino Canyon Park, Mt lemmon TUCSON AZ 85619","12949 N Sabino Canyon Park, Mt lemmon",TUCSON,AZ,85619,Locality wide location,false,false,"From: 2022-11-08, To: 2022-11-08, Times: 06:00:00 - 19:00:00",,04019,"12949 N Sabino Canyon Park, Mt Lemmon, AZ 85619, USA",MOUNT LEMMON,PIMA,ARIZONA,AZ,32.4449042,-110.7607253,32.445023,-110.7606211,32.4447729,-110.7608591,True,Unexpected address size change,False
Pima,Mount Olive Lutheran Church,2005 S Houghton Road TUCSON AZ 85748,2005 S Houghton Road,TUCSON,AZ,85748,Locality wide location,false,false,"From: 2022-11-08, To: 2022-11-08, Times: 06:00:00 - 19:00:00",,04019,"2005 S Houghton Rd, Tucson, AZ 85748, USA",TUCSON,PIMA,ARIZONA,AZ,32.197677,-110.7717072,32.1977451,-110.7715458,32.1975969,-110.7718512,False,,False
Pima,Mount Zion Lutheran Church,4520 W Ajo Way TUCSON AZ 85746,4520 W Ajo Way,TUCSON,AZ,85746,Locality wide location,false,false,"From: 2022-11-08, To: 2022-11-08, Times: 06:00:00 - 19:00:00",,04019,"4520 W Ajo Way, Tucson, AZ 85746, USA",TUCSON,PIMA,ARIZONA,AZ,32.1768253,-111.0286957,,,,,False,,False
Pima,Murphy Wilmot Library,530 N. Wilmot Rd. TUCSON AZ 85711,530 N. Wilmot Rd.,TUCSON,AZ,85711,Locality wide location,false,false,"From: 2022-11-08, To: 2022-11-08, Times: 06:00:00 - 19:00:00",,04019,"530 N Wilmot Rd, Tucson, AZ 85711, USA",TUCSON,PIMA,ARIZONA,AZ,32.2279816,-110.857271,32.22821,-110.8569279,32.2276319,-110.8574627,False,,False
Pima,Nanini Branch Public Library,7300 N Shannon Road TUCSON AZ 85741,7300 N Shannon Road,TUCSON,AZ,85741,Locality wide location,false,false,"From: 2022-11-08, To: 2022-11-08, Times: 06:00:00 - 19:00:00",,04019,"7300 N Shannon Rd, Tucson, AZ 85741, USA",TUCSON,PIMA,ARIZONA,AZ,32.3398206,-111.028205,32.3401289,-111.0278783,32.339534,-111.028431,False,,False
Pima,New Spirit Church,8701 E Old Spanish Trail TUCSON AZ 85710,8701 E Old Spanish Trail,TUCSON,AZ,85710,Locality wide location,false,false,"From: 2022-11-08, To: 2022-11-08, Times: 06:00:00 - 19:00:00",,04019,"8701 E Old Spanish Trail, Tucson, AZ 85710, USA",TUCSON,PIMA,ARIZONA,AZ,32.2164748,-110.8055325,32.216793,-110.8047497,32.2163318,-110.8057561,False,,False
Pima,Orange Grove Mobile Estates,3635 W. Mango Drive TUCSON AZ 85741,3635 W. Mango Drive,TUCSON,AZ,85741,Locality wide location,false,false,"From: 2022-11-08, To: 2022-11-08, Times: 06:00:00 - 19:00:00",,04019,"3635 W Mango Dr, Tucson, AZ 85741, USA",TUCSON,PIMA,ARIZONA,AZ,32.3217492,-111.0422917,32.3218259,-111.0421642,32.3216891,-111.042471,False,,False
Pima,Oro Valley Church of the Nazarene,500 W Calle Concordia ORO VALLEY AZ 85737,500 W Calle Concordia,ORO VALLEY,AZ,85737,Locality wide location,false,false,"From: 2022-11-08, To: 2022-11-08, Times: 06:00:00 - 19:00:00",,04019,"500 W Calle Concordia, Oro Valley, AZ 85704, USA",ORO VALLEY,PIMA,ARIZONA,AZ,32.3741911,-110.9767195,32.3742283,-110.9766992,32.3741556,-110.9768078,False,,False
Pima,Oro Valley County Club,300 W Greenock Drive ORO VALLEY AZ 85737,300 W Greenock Drive,ORO VALLEY,AZ,85737,Locality wide location,false,false,"From: 2022-11-08, To: 2022-11-08, Times: 06:00:00 - 19:00:00",,04019,"300 W Greenock Dr, Oro Valley, AZ 85737, USA",ORO VALLEY,PIMA,ARIZONA,AZ,32.3895132,-110.97162,32.3900618,-110.9713225,32.3892481,-110.9719454,False,,False
Pima,Oro Valley Library,1305 W Naranja Dr Oro Valley AZ 85737,1305 W Naranja Dr,Oro Valley,AZ,85737,Locality wide location,false,true,"From: 2022-10-24, To: 2022-10-24, Times: 09:00:00 - 17:00:00; From: 2022-10-25, To: 2022-10-25, Times: 09:00:00 - 15:00:00; From: 2022-11-01, To: 2022-11-01, Times: 09:00:00 - 15:00:00; From: 2022-11-02, To: 2022-11-02, Times: 09:00:00 - 17:00:00; From: 2022-11-03, To: 2022-11-03, Times: 09:00:00 - 15:00:00; From: 2022-11-04, To: 2022-11-04, Times: 09:00:00 - 17:00:00; From: 2022-11-05, To: 2022-11-05, Times: 09:00:00 - 15:00:00; From: 2022-11-07, To: 2022-11-07, Times: 08:00:00 - 17:00:00; From: 2022-10-26, To: 2022-10-26, Times: 09:00:00 - 17:00:00; From: 2022-10-27, To: 2022-10-27, Times: 09:00:00 - 15:00:00; From: 2022-10-28, To: 2022-10-28, Times: 09:00:00 - 17:00:00; From: 2022-10-29, To: 2022-10-29, Times: 09:00:00 - 17:00:00; From: 2022-10-29, To: 2022-10-29, Times: 09:00:00 - 15:00:00; From: 2022-10-30, To: 2022-10-30, Times: 09:00:00 - 17:00:00; From: 2022-10-30, To: 2022-10-30, Times: 09:00:00 - 15:00:00; From: 2022-10-31, To: 2022-10-31, Times: 09:00:00 - 17:00:00",,04019,"1305 W Naranja Dr, Tucson, AZ 85737, USA",TUCSON,PIMA,ARIZONA,AZ,32.4089028,-110.9943464,32.4093787,-110.9940067,32.4085855,-110.994698,False,,False
Pima,Oro Valley Public Library,1305 W Naranja Drive ORO VALLEY AZ 85737,1305 W Naranja Drive,ORO VALLEY,AZ,85737,Locality wide location,false,false,"From: 2022-11-08, To: 2022-11-08, Times: 06:00:00 - 19:00:00",,04019,"1305 W Naranja Dr, Tucson, AZ 85737, USA",TUCSON,PIMA,ARIZONA,AZ,32.4089028,-110.9943464,32.4093787,-110.9940067,32.4085855,-110.994698,False,,False
Pima,Our Lady of Fatima Parish,1950 W Irvington Place TUCSON AZ 85746,1950 W Irvington Place,TUCSON,AZ,85746,Locality wide location,false,false,"From: 2022-11-08, To: 2022-11-08, Times: 06:00:00 - 19:00:00",,04019,"1950 Irvington Pl, Tucson, AZ 85746, USA",TUCSON,PIMA,ARIZONA,AZ,32.163995,-111.0081411,32.164124,-111.0078584,32.1638113,-111.0083276,False,,False
Pima,Pascua Yaqui PYT Wellness Center,5305 W Calle Torim Tucson AZ 85757,5305 W Calle Torim,Tucson,AZ,85757,Locality wide location,false,true,"From: 2022-10-31, To: 2022-10-31, Times: 09:00:00 - 16:00:00; From: 2022-11-01, To: 2022-11-01, Times: 09:00:00 - 16:00:00; From: 2022-11-02, To: 2022-11-02, Times: 09:00:00 - 16:00:00; From: 2022-11-03, To: 2022-11-03, Times: 09:00:00 - 16:00:00; From: 2022-11-04, To: 2022-11-04, Times: 09:00:00 - 16:00:00; From: 2022-11-05, To: 2022-11-05, Times: 09:00:00 - 15:00:00; From: 2022-11-07, To: 2022-11-07, Times: 08:00:00 - 16:00:00",,04019,"Vaa'a Mantela, 5305 Calle Torim, Tucson, AZ 85757, USA",TUCSON,PIMA,ARIZONA,AZ,32.1111808,-111.0783418,32.1113359,-111.0782722,32.1110085,-111.0783872,False,,False
Pima,Pascua Yaqui Tribe Wellness Center,5305 Calle Torim TUCSON AZ 85757,5305 Calle Torim,TUCSON,AZ,85757,Locality wide location,false,false,"From: 2022-11-08, To: 2022-11-08, Times: 06:00:00 - 19:00:00",,04019,"Vaa'a Mantela, 5305 Calle Torim, Tucson, AZ 85757, USA",TUCSON,PIMA,ARIZONA,AZ,32.1111808,-111.0783418,32.1113359,-111.0782722,32.1110085,-111.0783872,False,,False
Pima,Picture Rocks Community Center,5615 N Sanders Road TUCSON AZ 85741,5615 N Sanders Road,TUCSON,AZ,85741,Locality wide location,false,false,"From: 2022-11-08, To: 2022-11-08, Times: 06:00:00 - 19:00:00",,04019,"5615 N Sanders Rd, Tucson, AZ 85743, USA",TUCSON,PIMA,ARIZONA,AZ,32.3096435,-111.2360432,,,,,False,,False
Pima,"Pima County Natural Resources, Parks & Rec",3500 W River Rd Tucson AZ 85741,3500 W River Rd,Tucson,AZ,85741,Locality wide location,false,true,"From: 2022-10-31, To: 2022-10-31, Times: 09:00:00 - 17:00:00; From: 2022-11-01, To: 2022-11-01, Times: 09:00:00 - 17:00:00; From: 2022-11-02, To: 2022-11-02, Times: 09:00:00 - 17:00:00; From: 2022-11-03, To: 2022-11-03, Times: 09:00:00 - 17:00:00; From: 2022-11-04, To: 2022-11-04, Times: 09:00:00 - 17:00:00; From: 2022-11-05, To: 2022-11-05, Times: 09:00:00 - 15:00:00; From: 2022-11-07, To: 2022-11-07, Times: 08:00:00 - 17:00:00",,04019,"3500 W River Rd, Tucson, AZ 85741, USA",TUCSON,PIMA,ARIZONA,AZ,32.3157108,-111.0385316,,,,,False,,False
Pima,Pisinemo District,"West Highway 86, Route 21 SELLS AZ 85634","West Highway 86, Route 21",SELLS,AZ,85634,Locality wide location,false,false,"From: 2022-11-08, To: 2022-11-08, Times: 06:00:00 - 19:00:00",,04019,"AZ-86, Sells, AZ, USA",SELLS,PIMA,ARIZONA,AZ,31.919069,-111.8820733,31.93734640000002,-111.8508903,31.91583019999998,-111.9172062,True,Unexpected address size change,False
Pima,Ramada by Wyndham,777 W Cushing Street TUCSON AZ 85745,777 W Cushing Street,TUCSON,AZ,85745,Locality wide location,false,false,"From: 2022-11-08, To: 2022-11-08, Times: 06:00:00 - 19:00:00",,04019,"777 W Cushing St, Tucson, AZ 85745, USA",TUCSON,PIMA,ARIZONA,AZ,32.216275,-110.9811902,32.2164361,-110.9811335,32.21609,-110.9812378,False,,False
Pima,Recorder's County Club Office,6550 S Country Club Rd Tucson AZ 85756,6550 S Country Club Rd,Tucson,AZ,85756,Locality wide location,false,true,"From: 2022-10-12, To: 2022-10-12, Times: 08:00:00 - 17:00:00; From: 2022-10-13, To: 2022-10-13, Times: 08:00:00 - 17:00:00; From: 2022-10-22, To: 2022-10-22, Times: 08:00:00 - 17:00:00; From: 2022-10-23, To: 2022-10-23, Times: 08:00:00 - 17:00:00; From: 2022-10-24, To: 2022-10-24, Times: 08:00:00 - 17:00:00; From: 2022-10-25, To: 2022-10-25, Times: 08:00:00 - 17:00:00; From: 2022-10-26, To: 2022-10-26, Times: 08:00:00 - 17:00:00; From: 2022-10-27, To: 2022-10-27, Times: 08:00:00 - 17:00:00; From: 2022-10-28, To: 2022-10-28, Times: 08:00:00 - 17:00:00; From: 2022-10-29, To: 2022-10-29, Times: 08:00:00 - 17:00:00; From: 2022-10-30, To: 2022-10-30, Times: 08:00:00 - 17:00:00; From: 2022-10-31, To: 2022-10-31, Times: 08:00:00 - 17:00:00; From: 2022-10-14, To: 2022-10-14, Times: 08:00:00 - 17:00:00; From: 2022-11-01, To: 2022-11-01, Times: 08:00:00 - 17:00:00; From: 2022-11-02, To: 2022-11-02, Times: 08:00:00 - 17:00:00; From: 2022-11-03, To: 2022-11-03, Times: 08:00:00 - 17:00:00; From: 2022-11-04, To: 2022-11-04, Times: 08:00:00 - 17:00:00; From: 2022-11-05, To: 2022-11-05, Times: 09:00:00 - 15:00:00; From: 2022-11-07, To: 2022-11-07, Times: 08:00:00 - 17:00:00; From: 2022-10-15, To: 2022-10-15, Times: 08:00:00 - 17:00:00; From: 2022-10-16, To: 2022-10-16, Times: 08:00:00 - 17:00:00; From: 2022-10-17, To: 2022-10-17, Times: 08:00:00 - 17:00:00; From: 2022-10-18, To: 2022-10-18, Times: 08:00:00 - 17:00:00; From: 2022-10-19, To: 2022-10-19, Times: 08:00:00 - 17:00:00; From: 2022-10-20, To: 2022-10-20, Times: 08:00:00 - 17:00:00; From: 2022-10-21, To: 2022-10-21, Times: 08:00:00 - 17:00:00",,04019,"6550 S Country Club Rd, Tucson, AZ 85756, USA",TUCSON,PIMA,ARIZONA,AZ,32.1327011,-110.9272858,32.1328996,-110.9267322,32.1324995,-110.9278906,False,,False
Pima,Recorder's Main Office,240 N Stone Tucson AZ 85701,240 N Stone,Tucson,AZ,85701,Locality wide location,false,true,"From: 2022-10-12, To: 2022-10-12, Times: 08:00:00 - 17:00:00; From: 2022-10-13, To: 2022-10-13, Times: 08:00:00 - 17:00:00; From: 2022-10-22, To: 2022-10-22, Times: 08:00:00 - 17:00:00; From: 2022-10-23, To: 2022-10-23, Times: 08:00:00 - 17:00:00; From: 2022-10-24, To: 2022-10-24, Times: 08:00:00 - 17:00:00; From: 2022-10-25, To: 2022-10-25, Times: 08:00:00 - 17:00:00; From: 2022-10-26, To: 2022-10-26, Times: 08:00:00 - 17:00:00; From: 2022-10-27, To: 2022-10-27, Times: 08:00:00 - 17:00:00; From: 2022-10-28, To: 2022-10-28, Times: 08:00:00 - 17:00:00; From: 2022-10-29, To: 2022-10-29, Times: 08:00:00 - 17:00:00; From: 2022-10-30, To: 2022-10-30, Times: 08:00:00 - 17:00:00; From: 2022-10-31, To: 2022-10-31, Times: 08:00:00 - 17:00:00; From: 2022-10-14, To: 2022-10-14, Times: 08:00:00 - 17:00:00; From: 2022-11-01, To: 2022-11-01, Times: 08:00:00 - 17:00:00; From: 2022-11-02, To: 2022-11-02, Times: 08:00:00 - 17:00:00; From: 2022-11-03, To: 2022-11-03, Times: 08:00:00 - 17:00:00; From: 2022-11-04, To: 2022-11-04, Times: 08:00:00 - 17:00:00; From: 2022-11-05, To: 2022-11-05, Times: 09:00:00 - 15:00:00; From: 2022-11-07, To: 2022-11-07, Times: 08:00:00 - 17:00:00; From: 2022-10-15, To: 2022-10-15, Times: 08:00:00 - 17:00:00; From: 2022-10-16, To: 2022-10-16, Times: 08:00:00 - 17:00:00; From: 2022-10-17, To: 2022-10-17, Times: 08:00:00 - 17:00:00; From: 2022-10-18, To: 2022-10-18, Times: 08:00:00 - 17:00:00; From: 2022-10-19, To: 2022-10-19, Times: 08:00:00 - 17:00:00; From: 2022-10-20, To: 2022-10-20, Times: 08:00:00 - 17:00:00; From: 2022-10-21, To: 2022-10-21, Times: 08:00:00 - 17:00:00",,04019,"240 N Stone Ave, Tucson, AZ 85701, USA",TUCSON,PIMA,ARIZONA,AZ,32.2253201,-110.9708749,32.2256834,-110.9705233,32.2251768,-110.9715497,False,,False
Pima,Redeemer Evangelical Lutheran Church & School,8845 N Silverbell Road TUCSON AZ 85743,8845 N Silverbell Road,TUCSON,AZ,85743,Locality wide location,false,false,"From: 2022-11-08, To: 2022-11-08, Times: 06:00:00 - 19:00:00",,04019,"8845 N Silverbell Rd, Tucson, AZ 85743, USA",TUCSON,PIMA,ARIZONA,AZ,32.3671097,-111.1328529,32.3679373,-111.1304745,32.3664781,-111.1337769,False,,False
Pima,Resurrection Lutheran Church,11575 N. First Ave. Building C ORO VALLEY AZ 85737,11575 N. First Ave. Building C,ORO VALLEY,AZ,85737,Locality wide location,false,false,"From: 2022-11-08, To: 2022-11-08, Times: 06:00:00 - 19:00:00",,04019,"11575 N 1st Ave c, Oro Valley, AZ 85737, USA",ORO VALLEY,PIMA,ARIZONA,AZ,32.4167225,-110.9617006,32.4168856,-110.9615461,32.4164358,-110.9620643,True,Unexpected address size change,False
Pima,Richard Elias Mission Library,3770 S Mission Rd Tucson AZ 85713,3770 S Mission Rd,Tucson,AZ,85713,Locality wide location,false,true,"From: 2022-10-31, To: 2022-10-31, Times: 09:00:00 - 17:00:00; From: 2022-11-01, To: 2022-11-01, Times: 09:00:00 - 18:00:00; From: 2022-11-02, To: 2022-11-02, Times: 09:00:00 - 17:00:00; From: 2022-11-03, To: 2022-11-03, Times: 09:00:00 - 18:00:00; From: 2022-11-04, To: 2022-11-04, Times: 09:00:00 - 17:00:00; From: 2022-11-05, To: 2022-11-05, Times: 09:00:00 - 15:00:00; From: 2022-11-07, To: 2022-11-07, Times: 08:00:00 - 17:00:00",,04019,"3770 S Mission Rd, Tucson, AZ 85713, USA",TUCSON,PIMA,ARIZONA,AZ,32.1784109,-111.0043592,32.178612,-111.0040551,32.1782413,-111.0044855,False,,False
Pima,Richey Resource Center,2209 N. 15TH Ave. TUCSON AZ 85705,2209 N. 15TH Ave.,TUCSON,AZ,85705,Locality wide location,false,false,"From: 2022-11-08, To: 2022-11-08, Times: 06:00:00 - 19:00:00",,04019,"2209 N 15th Ave, Tucson, AZ 85705, USA",TUCSON,PIMA,ARIZONA,AZ,32.2481731,-110.9832214,32.2482634,-110.9824433,32.2476527,-110.9832827,False,,False
Pima,Robles Ranch Community Center,16150 W Ajo Way TUCSON AZ 85741,16150 W Ajo Way,TUCSON,AZ,85741,Locality wide location,false,false,"From: 2022-11-08, To: 2022-11-08, Times: 06:00:00 - 19:00:00",,04019,"W Ajo Way, Tucson, AZ, USA",TUCSON,PIMA,ARIZONA,AZ,32.17786,-110.9989353,32.17795720000003,-110.9682207,32.17629939999997,-111.0287869,True,Unexpected address size change,False
Pima,SUSD - Sopori Elementary School,5000 W Arivaca Road SAHUARITA AZ 85629,5000 W Arivaca Road,SAHUARITA,AZ,85629,Locality wide location,false,false,"From: 2022-11-08, To: 2022-11-08, Times: 06:00:00 - 19:00:00",,04019,"5000 W Arivaca Rd, Amado, AZ 85645, USA",AMADO,PIMA,ARIZONA,AZ,31.730198,-111.0709104,31.7306082,-111.0704013,31.72971919999999,-111.0713937,False,,False
Pima,SUSD - Summit View Elementary School,1900 E Summit Street TUCSON AZ 85706,1900 E Summit Street,TUCSON,AZ,85706,Locality wide location,false,false,"From: 2022-11-08, To: 2022-11-08, Times: 06:00:00 - 19:00:00",,04019,"1900 E Summit St, Tucson, AZ 85756, USA",TUCSON,PIMA,ARIZONA,AZ,32.0663195,-110.9434919,32.0665151,-110.9430055,32.0661207,-110.944175,False,,False
Pima,Sahuarita Town Hall,375 W Sahuarita Center Way SAHUARITA AZ 85629,375 W Sahuarita Center Way,SAHUARITA,AZ,85629,Locality wide location,false,false,"From: 2022-11-08, To: 2022-11-08, Times: 06:00:00 - 19:00:00",,04019,"375 W Sahuarita Center Way, Sahuarita, AZ 85629, USA",SAHUARITA,PIMA,ARIZONA,AZ,31.9563225,-110.9769756,31.95661029999999,-110.9766875,31.9560845,-110.9773215,False,,False
Pima,Sahuaro Baptist Church,10361 E Old Spanish Trail TUCSON AZ 85748,10361 E Old Spanish Trail,TUCSON,AZ,85748,Locality wide location,false,false,"From: 2022-11-08, To: 2022-11-08, Times: 06:00:00 - 19:00:00",,04019,"10361 E Old Spanish Trail, Tucson, AZ 85748, USA",TUCSON,PIMA,ARIZONA,AZ,32.1967948,-110.7715342,32.1970118,-110.7712588,32.1966545,-110.7717348,False,,False
Pima,Saint Alban's Episcopal Church,3738 N Old Sabino Canyon Road TUCSON AZ 85750,3738 N Old Sabino Canyon Road,TUCSON,AZ,85750,Locality wide location,false,false,"From: 2022-11-08, To: 2022-11-08, Times: 06:00:00 - 19:00:00",,04019,"3738 N Old Sabino Canyon Rd, Tucson, AZ 85750, USA",TUCSON,PIMA,ARIZONA,AZ,32.27543480000001,-110.838126,32.275724,-110.8377996,32.2750198,-110.8384972,False,,False
Pima,Saint John on the Desert Presbyterian Church,2695 N Houghton Road TUCSON AZ 85749,2695 N Houghton Road,TUCSON,AZ,85749,Locality wide location,false,false,"From: 2022-11-08, To: 2022-11-08, Times: 06:00:00 - 19:00:00",,04019,"2695 N Houghton Rd, Tucson, AZ 85749, USA",TUCSON,PIMA,ARIZONA,AZ,32.2564446,-110.7730099,32.2565533,-110.7729809,32.2563502,-110.7731488,False,,False
Pima,Saint Matthew's Episcopal Church,9071 E Old Spanish Trail TUCSON AZ 85710,9071 E Old Spanish Trail,TUCSON,AZ,85710,Locality wide location,false,false,"From: 2022-11-08, To: 2022-11-08, Times: 06:00:00 - 19:00:00",,04019,"9071 E Old Spanish Trail, Tucson, AZ 85710, USA",TUCSON,PIMA,ARIZONA,AZ,32.2115412,-110.7993365,,,,,False,,False
Pima,Saint Paul's United Methodist Church,8051 E Broadway Boulevard TUCSON AZ 85710,8051 E Broadway Boulevard,TUCSON,AZ,85710,Locality wide location,false,false,"From: 2022-11-08, To: 2022-11-08, Times: 06:00:00 - 19:00:00",,04019,"8051 E Broadway Blvd, Tucson, AZ 85710, USA",TUCSON,PIMA,ARIZONA,AZ,32.2221374,-110.8206467,32.2229556,-110.8195835,32.2210433,-110.8213417,False,,False
Pima,Saint Thomas the Apostle Catholic Church,5150 N Valley View Road TUCSON AZ 85718,5150 N Valley View Road,TUCSON,AZ,85718,Locality wide location,false,false,"From: 2022-11-08, To: 2022-11-08, Times: 06:00:00 - 19:00:00",,04019,"5150 N Valley View Rd, Tucson, AZ 85718, USA",TUCSON,PIMA,ARIZONA,AZ,32.3003056,-110.897482,32.3006728,-110.8972603,32.2997409,-110.8980807,False,,False
Pima,Salazar-Ajo Library,15 W Plaza #179 Ajo AZ 85321,15 W Plaza #179,Ajo,AZ,85321,Locality wide location,false,true,"From: 2022-10-31, To: 2022-10-31, Times: 09:00:00 - 16:00:00; From: 2022-11-01, To: 2022-11-01, Times: 09:00:00 - 16:00:00; From: 2022-11-02, To: 2022-11-02, Times: 09:00:00 - 16:00:00; From: 2022-11-03, To: 2022-11-03, Times: 09:00:00 - 16:00:00; From: 2022-11-04, To: 2022-11-04, Times: 09:00:00 - 16:00:00",,04019,"15 Plaza #179, Ajo, AZ 85321, USA",AJO,PIMA,ARIZONA,AZ,32.37268,-112.861891,,,,,False,,False
Pima,Sam Lena Library,1607 S 6th Avenue SOUTH TUCSON AZ 85713,1607 S 6th Avenue,SOUTH TUCSON,AZ,85713,Locality wide location,false,false,"From: 2022-11-08, To: 2022-11-08, Times: 06:00:00 - 19:00:00",,04019,"1607 S 6th Ave, Tucson, AZ 85713, USA",TUCSON,PIMA,ARIZONA,AZ,32.2022054,-110.9676616,32.2025431,-110.9672171,32.2018038,-110.9681555,True,Unexpected address size change,False
Pima,San Xavier District,2018 W San Xavier Road TUCSON AZ 85746,2018 W San Xavier Road,TUCSON,AZ,85746,Locality wide location,false,false,"From: 2022-11-08, To: 2022-11-08, Times: 06:00:00 - 19:00:00",,04019,"2018 W San Xavier Rd, Tucson, AZ 85746, USA",TUCSON,PIMA,ARIZONA,AZ,32.1070033,-111.010134,32.1071481,-111.009994,32.1069044,-111.0103282,False,,False
Pima,Sandario Baptist Church,6971 N Sandario Road TUCSON AZ 85743,6971 N Sandario Road,TUCSON,AZ,85743,Locality wide location,false,false,"From: 2022-11-08, To: 2022-11-08, Times: 06:00:00 - 19:00:00",,04019,"6971 N Sandario Rd, Tucson, AZ 85743, USA",TUCSON,PIMA,ARIZONA,AZ,32.3314463,-111.2193658,32.3315278,-111.2192336,32.3313453,-111.2194825,False,,False
Pima,Santa Catalina Catholic Church,14380 N Oracle  Road TUCSON AZ 85739,14380 N Oracle  Road,TUCSON,AZ,85739,Locality wide location,false,false,"From: 2022-11-08, To: 2022-11-08, Times: 06:00:00 - 19:00:00",,04019,"14380 N Oracle Rd, Tucson, AZ 85739, USA",TUCSON,PIMA,ARIZONA,AZ,32.4663432,-110.9234904,32.466405,-110.9234383,32.4663003,-110.923564,False,,False
Pima,Santa Cruz Lutheran Church,6809 S Cardinal Avenue Tucson AZ 85746,6809 S Cardinal Avenue,Tucson,AZ,85746,Locality wide location,false,false,"From: 2022-11-08, To: 2022-11-08, Times: 06:00:00 - 19:00:00",,04019,"6809 S Cardinal Ave, Tucson, AZ 85746, USA",TUCSON,PIMA,ARIZONA,AZ,32.1283499,-111.0279599,32.1284298,-111.0277301,32.1281924,-111.0282611,False,,False
Pima,Santa Cruz Valley United Methodist Church,71 E Sahuarita Road SAHUARITA AZ 85629,71 E Sahuarita Road,SAHUARITA,AZ,85629,Locality wide location,false,false,"From: 2022-11-08, To: 2022-11-08, Times: 06:00:00 - 19:00:00",,04019,"71 E Sahuarita Rd, Sahuarita, AZ 85629, USA",SAHUARITA,PIMA,ARIZONA,AZ,31.9588255,-110.9707841,,,,,False,,False
Pima,Schuk Toak District Office,"Highway 86, Mile Post 126.5 SELLS AZ 85634","Highway 86, Mile Post 126.5",SELLS,AZ,85634,Locality wide location,false,false,"From: 2022-11-08, To: 2022-11-08, Times: 06:00:00 - 19:00:00",,04019,"AZ-86, Sells, AZ, USA",SELLS,PIMA,ARIZONA,AZ,31.919069,-111.8820733,31.93734640000002,-111.8508903,31.91583019999998,-111.9172062,True,Unexpected address size change,True
Pima,Sells District Office,Arizona Highway 86 and Mile Post 112.7 SELLS AZ 85634,Arizona Highway 86 and Mile Post 112.7,SELLS,AZ,85634,Locality wide location,false,false,"From: 2022-11-08, To: 2022-11-08, Times: 06:00:00 - 19:00:00",,04019,,,,,,,,,,,,True,"Missing city from Google [{'address_components': [{'long_name': 'Arizona 86', 'short_name': 'AZ-86', 'types': ['route']}, {'long_name': 'Pima County', 'short_name': 'Pima County', 'types': ['administrative_area_level_2', 'political']}, {'long_name': 'Arizona', 'short_name': 'AZ', 'types': ['administrative_area_level_1', 'political']}, {'long_name': 'United States', 'short_name': 'US', 'types': ['country', 'political']}], 'formatted_address': 'AZ-86, Arizona, USA', 'geometry': {'bounds': {'northeast': {'lat': 32.2959055, 'lng': -110.9745074}, 'southwest': {'lat': 31.8848068, 'lng': -112.762883}}, 'location': {'lat': 32.0132755, 'lng': -111.9958883}, 'location_type': 'GEOMETRIC_CENTER', 'viewport': {'northeast': {'lat': 32.2959055, 'lng': -110.9745074}, 'southwest': {'lat': 31.8848068, 'lng': -112.762883}}}, 'partial_match': True, 'place_id': 'ChIJmyFktOEJ1YYRJ3rs7Lr6prk', 'types': ['route']}]",False
Pima,Serenity Baptist Church,"15501 W Ajo Way, Three Points TUCSON AZ 85735","15501 W Ajo Way, Three Points",TUCSON,AZ,85735,Locality wide location,false,false,"From: 2022-11-08, To: 2022-11-08, Times: 06:00:00 - 19:00:00",,04019,"15501 W Ajo Hwy, Tucson, AZ 85735, USA",TUCSON,PIMA,ARIZONA,AZ,32.0821436,-111.2973112,32.0822523,-111.2971138,32.0819302,-111.2974464,True,Unexpected address size change,False
Pima,Sheraton Tucson Hotel,5151 E Grant Road TUCSON AZ 85712,5151 E Grant Road,TUCSON,AZ,85712,Locality wide location,false,false,"From: 2022-11-08, To: 2022-11-08, Times: 06:00:00 - 19:00:00",,04019,"5151 E Grant Rd, Tucson, AZ 85712, USA",TUCSON,PIMA,ARIZONA,AZ,32.2516687,-110.8829528,32.2522595,-110.8823086,32.2510707,-110.8832529,False,,False
Pima,Sierrita Mining and Ranching Co. Community Building,10094 W McGee Ranch Road SAHUARITA AZ 85629,10094 W McGee Ranch Road,SAHUARITA,AZ,85629,Locality wide location,false,false,"From: 2022-11-08, To: 2022-11-08, Times: 06:00:00 - 19:00:00",,04019,"10094 W McGee Ranch Rd, Sahuarita, AZ 85629, USA",SAHUARITA,PIMA,ARIZONA,AZ,31.8937034,-111.1803288,,,,,False,,False
Pima,Sun City Oro Valley - Catalina Vista,14055 N Del Webb Boulevard ORO VALLEY AZ 85737,14055 N Del Webb Boulevard,ORO VALLEY,AZ,85737,Locality wide location,false,false,"From: 2022-11-08, To: 2022-11-08, Times: 06:00:00 - 19:00:00",,04019,"14055 N Del Webb Blvd, Tucson, AZ 85755, USA",TUCSON,PIMA,ARIZONA,AZ,32.4606826,-110.9392459,32.4608443,-110.9390202,32.4604324,-110.9394557,True,Unexpected address size change,False
Pima,TOKA Community Building,51 Baboquivari Dr Sells AZ 85634,51 Baboquivari Dr,Sells,AZ,85634,Locality wide location,false,true,"From: 2022-10-31, To: 2022-10-31, Times: 09:00:00 - 16:00:00; From: 2022-11-01, To: 2022-11-01, Times: 09:00:00 - 16:00:00; From: 2022-11-02, To: 2022-11-02, Times: 09:00:00 - 16:00:00; From: 2022-11-03, To: 2022-11-03, Times: 09:00:00 - 16:00:00; From: 2022-11-04, To: 2022-11-04, Times: 09:00:00 - 16:00:00; From: 2022-11-05, To: 2022-11-05, Times: 09:00:00 - 15:00:00; From: 2022-11-07, To: 2022-11-07, Times: 09:00:00 - 16:00:00",,04019,"51 Baboquivari Dr, Sells, AZ 85634, USA",SELLS,PIMA,ARIZONA,AZ,31.9188349,-111.8650796,31.9189097,-111.8650291,31.9187616,-111.8651577,False,,False
Pima,TUSD - Davis Elementary,500 W Saint Mary's Road TUCSON AZ 85701,500 W Saint Mary's Road,TUCSON,AZ,85701,Locality wide location,false,false,"From: 2022-11-08, To: 2022-11-08, Times: 06:00:00 - 19:00:00",,04019,"500 W St Marys Rd, Tucson, AZ 85701, USA",TUCSON,PIMA,ARIZONA,AZ,32.228953,-110.9794904,32.2291775,-110.9788301,32.2286267,-110.9796857,False,,False
Pima,TUSD-Tolson Elementary,1000 S Greasewood Road TUCSON AZ 85745,1000 S Greasewood Road,TUCSON,AZ,85745,Locality wide location,false,false,"From: 2022-11-08, To: 2022-11-08, Times: 06:00:00 - 19:00:00",,04019,"1000 S Greasewood Rd, Tucson, AZ 85745, USA",TUCSON,PIMA,ARIZONA,AZ,32.2101896,-111.0206461,,,,,False,,False
Pima,The Good Shepherd UCC,17750 S La Cananda Sahuarita AZ 85629,17750 S La Cananda,Sahuarita,AZ,85629,Locality wide location,false,true,"From: 2022-10-31, To: 2022-10-31, Times: 09:00:00 - 17:00:00; From: 2022-11-01, To: 2022-11-01, Times: 09:00:00 - 17:00:00; From: 2022-11-02, To: 2022-11-02, Times: 09:00:00 - 17:00:00; From: 2022-11-03, To: 2022-11-03, Times: 09:00:00 - 17:00:00; From: 2022-11-04, To: 2022-11-04, Times: 09:00:00 - 17:00:00; From: 2022-11-05, To: 2022-11-05, Times: 09:00:00 - 15:00:00; From: 2022-11-07, To: 2022-11-07, Times: 08:00:00 - 17:00:00",,04019,"17750 South La Cañada Drive, Sahuarita, AZ 85629, USA",SAHUARITA,PIMA,ARIZONA,AZ,31.9280556,-110.9955556,,,,,False,,False
Pima,The Good Shepherd UCC,17750 S La Cañada Drive SAHUARITA AZ 85629,17750 S La Cañada Drive,SAHUARITA,AZ,85629,Locality wide location,false,false,"From: 2022-11-08, To: 2022-11-08, Times: 06:00:00 - 19:00:00",,04019,"17750 South La Cañada Drive, Sahuarita, AZ 85629, USA",SAHUARITA,PIMA,ARIZONA,AZ,31.9280556,-110.9955556,,,,,False,,False
Pima,The Springs at Santa Rita,951 W Via Rio Fuerte Green Valley AZ 85614,951 W Via Rio Fuerte,Green Valley,AZ,85614,Locality wide location,false,false,"From: 2022-11-08, To: 2022-11-08, Times: 06:00:00 - 19:00:00",,04019,"951 W Via Rio Fuerte, Green Valley, AZ 85614, USA",GREEN VALLEY,PIMA,ARIZONA,AZ,31.814173,-111.005244,31.8149844,-111.0040171,31.8131507,-111.0075254,False,,False
Pima,Tucson Convention Center,260 S Church Avenue TUCSON AZ 85701,260 S Church Avenue,TUCSON,AZ,85701,Locality wide location,false,false,"From: 2022-11-08, To: 2022-11-08, Times: 06:00:00 - 19:00:00",,04019,"260 S Church Ave, Tucson, AZ 85701, USA",TUCSON,PIMA,ARIZONA,AZ,32.2179296,-110.9739485,32.2191732,-110.9731416,32.2171829,-110.9754198,False,,False
Pima,Tucson Estates,5900 W Western Way Circle TUCSON AZ 85713,5900 W Western Way Circle,TUCSON,AZ,85713,Locality wide location,false,false,"From: 2022-11-08, To: 2022-11-08, Times: 06:00:00 - 19:00:00",,04019,"5900 W Western Way Cir, Tucson, AZ 85713, USA",TUCSON,PIMA,ARIZONA,AZ,32.1877598,-111.0915422,32.1878515,-111.091458,32.1876814,-111.0916589,False,,False
Pima,Tucson Expo Center,3750 E Irvington Road TUCSON AZ 85714,3750 E Irvington Road,TUCSON,AZ,85714,Locality wide location,false,false,"From: 2022-11-08, To: 2022-11-08, Times: 06:00:00 - 19:00:00",,04019,"3750 E Irvington Rd, Tucson, AZ 85714, USA",TUCSON,PIMA,ARIZONA,AZ,32.1615055,-110.9121044,32.1623876,-110.9115473,32.1606224,-110.9129726,False,,False
Pima,Tucson FOP Lodge #1,3445 N Dodge Boulevard TUCSON AZ 85716,3445 N Dodge Boulevard,TUCSON,AZ,85716,Locality wide location,false,false,"From: 2022-11-08, To: 2022-11-08, Times: 06:00:00 - 19:00:00",,04019,"3445 N Dodge Blvd, Tucson, AZ 85716, USA",TUCSON,PIMA,ARIZONA,AZ,32.2697537,-110.914852,32.2698564,-110.914549,32.269639,-110.9149761,False,,False
Pima,Tucson Mountain Baptist Church,5757 W Ajo Highway TUCSON AZ 85735,5757 W Ajo Highway,TUCSON,AZ,85735,Locality wide location,false,false,"From: 2022-11-08, To: 2022-11-08, Times: 06:00:00 - 19:00:00",,04019,"5757 W Ajo Hwy, Tucson, AZ 85735, USA",TUCSON,PIMA,ARIZONA,AZ,32.1660813,-111.0869314,32.1662123,-111.0866395,32.1658421,-111.0870698,False,,False
Pima,U of A - Student Union - Catalina Room,1303 E University Blvd Tucson AZ 85719,1303 E University Blvd,Tucson,AZ,85719,Locality wide location,false,true,"From: 2022-10-31, To: 2022-10-31, Times: 09:00:00 - 17:00:00; From: 2022-11-01, To: 2022-11-01, Times: 09:00:00 - 17:00:00; From: 2022-11-02, To: 2022-11-02, Times: 09:00:00 - 17:00:00; From: 2022-11-03, To: 2022-11-03, Times: 09:00:00 - 17:00:00; From: 2022-11-04, To: 2022-11-04, Times: 09:00:00 - 17:00:00",,04019,"1303 E University Blvd, Tucson, AZ 85719, USA",TUCSON,PIMA,ARIZONA,AZ,32.232592,-110.9519915,,,,,False,,False
Pima,VIDA NUEVA CHURCH OF GOD,504 W Nebraska Street TUCSON AZ 85706,504 W Nebraska Street,TUCSON,AZ,85706,Locality wide location,false,false,"From: 2022-11-08, To: 2022-11-08, Times: 06:00:00 - 19:00:00",,04019,"504 W Nebraska St, Tucson, AZ 85706, USA",TUCSON,PIMA,ARIZONA,AZ,32.1562649,-110.9761417,32.1563586,-110.9760346,32.1562003,-110.9762684,False,,False
Pima,VUSD - Cienega High School,12775 E Mary Ann Cleveland Way VAIL AZ 85641,12775 E Mary Ann Cleveland Way,VAIL,AZ,85641,Locality wide location,false,false,"From: 2022-11-08, To: 2022-11-08, Times: 06:00:00 - 19:00:00",,04019,"12775 E Mary Ann Cleveland Way, Vail, AZ 85641, USA",VAIL,PIMA,ARIZONA,AZ,32.0556703,-110.7204763,32.0556947,-110.7204506,32.0556383,-110.7205124,False,,False
Pima,VUSD - Copper Ridge Elementary School,17650 S Canyon Edge Trail VAIL AZ 85641,17650 S Canyon Edge Trail,VAIL,AZ,85641,Locality wide location,false,false,"From: 2022-11-08, To: 2022-11-08, Times: 06:00:00 - 19:00:00",,04019,"Vail, AZ 85641, USA",VAIL,PIMA,ARIZONA,AZ,32.0005283,-110.7009206,32.0569791,-110.637302,31.9631451,-110.723155,True,Unexpected address size change,False
Pima,VUSD - Desert Sky Middle School,9850 E Rankin Loop VAIL AZ 85641,9850 E Rankin Loop,VAIL,AZ,85641,Locality wide location,false,false,"From: 2022-11-08, To: 2022-11-08, Times: 06:00:00 - 19:00:00",,04019,"9850 E Rankin Loop, Tucson, AZ 85747, USA",TUCSON,PIMA,ARIZONA,AZ,32.1067234,-110.7817828,,,,,False,,False
Pima,VUSD - Ocotillo Ridge Elementary School,10170 South White Lightning Lane VAIL AZ 85641,10170 South White Lightning Lane,VAIL,AZ,85641,Locality wide location,false,false,"From: 2022-11-08, To: 2022-11-08, Times: 06:00:00 - 19:00:00",,04019,"10170 S White Lightning Ln, Vail, AZ 85641, USA",VAIL,PIMA,ARIZONA,AZ,32.0673918,-110.703912,32.0675893,-110.7036136,32.0671055,-110.7042646,False,,False
Pima,VUSD - Sycamore Elementary School,16701 S Houghton Road VAIL AZ 85641,16701 S Houghton Road,VAIL,AZ,85641,Locality wide location,false,false,"From: 2022-11-08, To: 2022-11-08, Times: 06:00:00 - 19:00:00",,04019,"16701 S Houghton Rd, Vail, AZ 85641, USA",VAIL,PIMA,ARIZONA,AZ,31.9528169,-110.7701939,31.9528955,-110.7699342,31.9527347,-110.7704988,False,,False
Pima,VUSD-Cottonwood Elementary,9950 Rees Loop Tucson AZ 85747,9950 Rees Loop,Tucson,AZ,85747,Locality wide location,false,false,"From: 2022-11-08, To: 2022-11-08, Times: 06:00:00 - 19:00:00",,04019,"9950 Rees Loop, Tucson, AZ 85747, USA",TUCSON,PIMA,ARIZONA,AZ,32.0941778,-110.7801237,32.0942407,-110.780059,32.0941247,-110.7801952,False,,False
Pima,Valencia Branch Public Library,202 W Valencia Road TUCSON AZ 85706,202 W Valencia Road,TUCSON,AZ,85706,Locality wide location,false,false,"From: 2022-11-08, To: 2022-11-08, Times: 06:00:00 - 19:00:00",,04019,"202 W Valencia Rd, Tucson, AZ 85706, USA",TUCSON,PIMA,ARIZONA,AZ,32.1345632,-110.972566,32.1347742,-110.9722803,32.1342947,-110.9727682,False,,False
Pima,Westward Look Resort,245 E Ina Road TUCSON AZ 85704,245 E Ina Road,TUCSON,AZ,85704,Locality wide location,false,false,"From: 2022-11-08, To: 2022-11-08, Times: 06:00:00 - 19:00:00",,04019,"245 E Ina Rd, Tucson, AZ 85704, USA",TUCSON,PIMA,ARIZONA,AZ,32.340114,-110.9674054,32.3402176,-110.9672578,32.3400275,-110.9675179,False,,False
Pima,Wheeler Taft Library,7800 N Schisler Dr Tucson AZ 85743,7800 N Schisler Dr,Tucson,AZ,85743,Locality wide location,false,true,"From: 2022-10-31, To: 2022-10-31, Times: 09:00:00 - 17:00:00; From: 2022-11-01, To: 2022-11-01, Times: 09:00:00 - 18:00:00; From: 2022-11-02, To: 2022-11-02, Times: 09:00:00 - 17:00:00; From: 2022-11-03, To: 2022-11-03, Times: 09:00:00 - 18:00:00; From: 2022-11-04, To: 2022-11-04, Times: 09:00:00 - 17:00:00; From: 2022-11-05, To: 2022-11-05, Times: 09:00:00 - 15:00:00; From: 2022-11-07, To: 2022-11-07, Times: 08:00:00 - 17:00:00",,04019,"7800 N Schisler Dr, Tucson, AZ 85743, USA",TUCSON,PIMA,ARIZONA,AZ,32.3489307,-111.0951283,32.3493046,-111.0947609,32.3485967,-111.0954566,False,,False
Pima,Why Domestic Water Improvement District,"341 S Sonoita Way, Highway 85 South AJO AZ 85321","341 S Sonoita Way, Highway 85 South",AJO,AZ,85321,Locality wide location,false,false,"From: 2022-11-08, To: 2022-11-08, Times: 06:00:00 - 19:00:00",,04019,"341 S Sonoita Way #85, Ajo, AZ 85321, USA",AJO,PIMA,ARIZONA,AZ,32.2625878,-112.7396536,,,,,True,Unexpected address size change,False
Pima,Woods Library,3455 N 1st Ave Tucson AZ 85719,3455 N 1st Ave,Tucson,AZ,85719,Locality wide location,false,true,"From: 2022-10-31, To: 2022-10-31, Times: 09:00:00 - 17:00:00; From: 2022-11-01, To: 2022-11-01, Times: 09:00:00 - 18:00:00; From: 2022-11-02, To: 2022-11-02, Times: 09:00:00 - 17:00:00; From: 2022-11-03, To: 2022-11-03, Times: 09:00:00 - 18:00:00; From: 2022-11-04, To: 2022-11-04, Times: 09:00:00 - 17:00:00; From: 2022-11-05, To: 2022-11-05, Times: 09:00:00 - 15:00:00; From: 2022-11-07, To: 2022-11-07, Times: 08:00:00 - 17:00:00",,04019,"3455 N 1st Ave, Tucson, AZ 85719, USA",TUCSON,PIMA,ARIZONA,AZ,32.2699739,-110.9611476,32.2699912,-110.9611391,32.2699652,-110.961158,False,,False
Pima,Woods Memorial Library,3455 N 1st Avenue TUCSON AZ 85719,3455 N 1st Avenue,TUCSON,AZ,85719,Locality wide location,false,false,"From: 2022-11-08, To: 2022-11-08, Times: 06:00:00 - 19:00:00",,04019,"3455 N 1st Ave, Tucson, AZ 85719, USA",TUCSON,PIMA,ARIZONA,AZ,32.2699739,-110.9611476,32.2699912,-110.9611391,32.2699652,-110.961158,False,,False
