Locality,Location Name,Address Full,Address Line,Address City,Address State,Address Zip,Precincts (Or Locality-wide),Is Drop Off,Is Early Voting,Schedules,Precinct FIPS,Locality FIPS,Google Address,City,County,State Long,State,Latitude,Longitude,NE Latitude,NE Longitude,SW Latitude,SW Longitude,Review Required,Problem,Duplicate
Albany County Clerk,ALBANY COUNTY FAIRGROUNDS,"3520 US HWY 287, LARAMIE, WY 82070",,,,,"46-0-FG - 46-0-PSRD (46-0-FG), 46-0-FG - 46-0-7MILE (46-0-FG), 46-0-FG - 46-0-SLWS (46-0-FG), 46-0-FG - 46-0-9MILE (46-0-FG), 46-0-FG - 46-0-SK/SL (46-0-FG), 46-0-FG - 46-0-PD/SL (46-0-FG), 46-0-FG - 46-0-VV (46-0-FG), 46-0-FG - 46-0-SAGE (46-0-FG), 46-0-FG - 46-0-SHRD (46-0-FG), 14-0-FG - 14-0-FGF (14-0-FG), 46-0-FG - 46-0-FG (46-0-FG)",False,false,,,56001,"3520 US-287, Laramie, WY 82070, USA",LARAMIE,ALBANY,WYOMING,WY,41.2828312,-105.5929997,41.2829578,-105.5926116,41.2827162,-105.5934412,False,,False
Albany County Clerk,CENTENNIAL SCHOOL,"2771 STATE HWY 130, CENTENNIAL, WY 82055",,,,,"46-0-CE - 46-0-CWS (46-0-CE), 46-0-CE - 46-0-RV (46-0-CE), 46-0-CE - 46-0-CE (46-0-CE)",False,false,,,56001,"2771 WY-130, Centennial, WY 82055, USA",CENTENNIAL,ALBANY,WYOMING,WY,41.29834899999999,-106.1414847,41.2984291,-106.1413687,41.2982632,-106.141577,False,,False
Albany County Clerk,HARMONY SCHOOL,"20 LEWIS RD, LARAMIE, WY 82070",,,,,"46-0-HM - 46-0-WOLD (46-0-HM), 46-0-HM - 46-0-HM (46-0-HM)",False,false,,,56001,"20 Lewis Rd, Laramie, WY 82070, USA",LARAMIE,ALBANY,WYOMING,WY,41.1655623,-105.8834132,,,,,False,,False
Albany County Clerk,LARAMIE HIGH SCHOOL,"1710 BOULDER DR, LARAMIE, WY 82070",,,,,"13-1 - 13-1 (13-1), 13-3 - 13-3 (13-3)",False,false,,,56001,"1710 Boulder Dr, Laramie, WY 82070, USA",LARAMIE,ALBANY,WYOMING,WY,41.2995949,-105.5509179,41.3002602,-105.550209,41.2983471,-105.5524706,False,,False
Albany County Clerk,LARAMIE PEAK FIRE HALL,"1836 COTTONWOOD PARK RD, WHEATLAND, WY 82201",,,,,14-0-LP - 14-0-LPNF (14-0-LP),False,false,,,56001,"1836 Cottonwood Park Rd, Wheatland, WY 82201, USA",WHEATLAND,ALBANY,WYOMING,WY,42.2960031,-105.3525905,,,,,False,,False
Albany County Clerk,LINCOLN COMMUNITY CENTER,"365 W GRAND AVE, LARAMIE, WY 82072",,,,,45-2 - 45-2 (45-2),False,false,,,56001,"365 W Grand Ave, Laramie, WY 82072, USA",LARAMIE,ALBANY,WYOMING,WY,41.3119277,-105.6004314,41.3122714,-105.6000978,41.3117499,-105.6006869,False,,False
Albany County Clerk,LINFORD SCHOOL,"120 S JOHNSON ST, LARAMIE, WY 82070",,,,,"46-2 - 46-2 (46-2), 46-1 - 46-1 (46-1)",False,false,,,56001,"120 S Johnson St, Laramie, WY 82070, USA",LARAMIE,ALBANY,WYOMING,WY,41.31256339999999,-105.6270489,41.3128063,-105.6264998,41.3121234,-105.6274839,False,,False
Albany County Clerk,ROCK RIVER TOWN HALL,"386 AVE D, ROCK RIVER, WY 82083",,,,,"14-0-RR - 14-0-RRNF (14-0-RR), 14-0-RR - 14-0-RRF (14-0-RR)",False,false,,,56001,"386 Ave D, Rock River, WY 82083, USA",ROCK RIVER,ALBANY,WYOMING,WY,41.7440579,-105.9756656,,,,,False,,False
Albany County Clerk,SLADE SCHOOL,"1223 E. SHIELD ST, LARAMIE, WY 82072",,,,,"14-2 - 14-2 (14-2), 14-3 - 14-3 (14-3)",False,false,,,56001,"1223 E Shields St, Laramie, WY 82072, USA",LARAMIE,ALBANY,WYOMING,WY,41.3230782,-105.579819,,,,,False,,False
Albany County Clerk,SPRING CREEK SCHOOL,"1203 RUSSELL ST, LARAMIE, WY 82070",,,,,"13-2 - 13-2 (13-2), 45-1 - 45-1 (45-1)",False,false,,,56001,"1203 Russell St, Laramie, WY 82070, USA",LARAMIE,ALBANY,WYOMING,WY,41.3033709,-105.5828871,,,,,False,,False
Albany County Clerk,SYBILLE WILDLIFE RESEARCH UNIT,"2362 STATE HWY 34, SYBILLE CANYON, WY 82201",,,,,"14-0-SY - 14-0-SYNF (14-0-SY), 14-0-SY - 14-0-SYF (14-0-SY)",False,false,,,56001,"2362 WY-34, Wheatland, WY 82201, USA",WHEATLAND,ALBANY,WYOMING,WY,41.7639561,-105.3750897,,,,,False,,False
Big Horn County Clerk,BASIN-FAIR GROUNDS,"315 EAST HOLDREGE AVE, BASIN, WY 82410",,,,,"BASIN 01-01 - 01-01-5 (01-01), BASIN 01-01 - 01-01-6 (01-01), BASIN 01-01 - 01-01-0 (01-01), BASIN 01-01 - 01-01-1 (01-01)",False,false,,,56003,"315 E St, Basin, WY 82410, USA",BASIN,BIG HORN,WYOMING,WY,44.38331890000001,-108.0413012,,,,,True,Unexpected address size change,False
Big Horn County Clerk,BURLINGTON-FIRE HALL,"109 N. MAIN STREET, BURLINGTON, WY 82411",,,,,"BURLINGTON 02-01 - 02-01-2 (02-01), BURLINGTON 02-01 - 02-01-0 (02-01), BURLINGTON 02-01 - 02-01-1 (02-01)",False,false,,,56003,"109 Main St, Burlington, WY 82411, USA",BURLINGTON,BIG HORN,WYOMING,WY,44.4462758,-108.431675,,,,,True,Unexpected address size change,False
Big Horn County Clerk,BYRON-TOWN COMPLEX,"35 S PRYOR ST, BYRON, WY 82412",,,,,"BYRON 23-01 - 23-01-6 (23-01), BYRON 23-01 - 23-01-4 (23-01), BYRON 23-01 - 23-01-5 (23-01), BYRON 23-01 - 23-01-0 (23-01), BYRON 23-01 - 23-01-2 (23-01), BYRON 23-01 - 23-01-1 (23-01)",False,false,,,56003,"35 S Pryor St, Byron, WY 82412, USA",BYRON,BIG HORN,WYOMING,WY,44.79554830000001,-108.5041415,44.7958086,-108.5040314,44.7954926,-108.5044721,False,,False
Big Horn County Clerk,COWLEY-LOG GYM,"55 EAST 1ST STREET SOUTH, COWLEY, WY 82420",,,,,"COWLEY 22-01 - 22-01-0 (22-01), COWLEY 22-01 - 22-01-1 (22-01)",False,false,,,56003,"1st St S, Cowley, WY 82420, USA",COWLEY,BIG HORN,WYOMING,WY,44.8819315,-108.4671259,44.88195690000003,-108.4613898,44.88185199999997,-108.4735866,True,Unexpected address size change,False
Big Horn County Clerk,DEAVER-COMMUNITY HALL,"113 1ST AVE. W., DEAVER, WY 82421",,,,,"DEAVER 25-01 - 25-01-0 (25-01), DEAVER 25-01 - 25-01-1 (25-01)",False,false,,,56003,"113 1st Ave W, Deaver, WY 82421, USA",DEAVER,BIG HORN,WYOMING,WY,44.8912768,-108.5962579,,,,,False,,False
Big Horn County Clerk,EMBLEM-GREYBULL VALLEY IRRIGATION DISTRICT OFFICE,"989 US-20, EMBLEM, WY 82422",,,,,"EMBLEM 05-01 - 05-01-5 (05-01), EMBLEM 05-01 - 05-01-6 (05-01), EMBLEM 05-01 - 05-01-7 (05-01), EMBLEM 05-01 - 05-01-0 (05-01)",False,false,,,56003,"989 US-20, Emblem, WY 82422, USA",EMBLEM,BIG HORN,WYOMING,WY,44.5057759,-108.4021024,,,,,False,,False
Big Horn County Clerk,FRANNIE-COMMUNITY CENTER,"305 5TH STREET, FRANNIE, WY 82423",,,,,"FRANNIE 26-01 - 26-01-0 (26-01), FRANNIE 26-01 - 26-01-1 (26-01)",False,false,,,56003,"305 5th St, Frannie, WY 82423, USA",FRANNIE,BIG HORN,WYOMING,WY,44.970711,-108.6173806,44.97100529999999,-108.6169876,44.9705276,-108.6175053,False,,False
Big Horn County Clerk,GREYBULL ELKS LODGE,"622 GREYBULL AVE, GREYBULL, WY 82426",,,,,"GREYBULL 11-01 - 11-01-2 (11-01), GREYBULL 11-01 - 11-01-3 (11-01), GREYBULL 11-01 - 11-01-4 (11-01), GREYBULL 11-01 - 11-01-5 (11-01), GREYBULL 11-01 - 11-01-6 (11-01), GREYBULL 11-01 - 11-01-10 (11-01), GREYBULL 11-01 - 11-01-0 (11-01), GREYBULL 11-01 - 11-01-1 (11-01)",False,false,,,56003,"622 Greybull Ave, Greybull, WY 82426, USA",GREYBULL,BIG HORN,WYOMING,WY,44.4891999,-108.056,,,,,False,,False
Big Horn County Clerk,HYATTVILLE-COMMUNITY CENTER,"308 S MAIN STREET, HYATTVILLE, WY 82428",,,,,"HYATTVILLE 06-01 - 06-01-1 (06-01), HYATTVILLE 06-01 - 06-01-0 (06-01)",False,false,,,56003,"308 Main St, Hyattville, WY 82428, USA",HYATTVILLE,BIG HORN,WYOMING,WY,44.2453282,-107.6030942,44.2453861,-107.6029218,44.2452928,-107.6032259,False,,False
Big Horn County Clerk,LOVELL-COMMUNITY CENTER,"1925 HIGHWAY  310, LOVELL, WY 82431",,,,,"LOVELL 20-01 - 20-01-4 (20-01), LOVELL 20-01 - 20-01-0 (20-01), LOVELL 20-01 - 20-01-1 (20-01), LOVELL 20-01 - 20-01-3 (20-01)",False,false,,,56003,"Lovell, WY 82431, USA",LOVELL,BIG HORN,WYOMING,WY,44.8374532,-108.3895614,44.8447058,-108.371946,44.825761,-108.40355,True,Unexpected address size change,False
Big Horn County Clerk,MANDERSON-TOWN HALL,"100 W RAILWAY ST, MANDERSON, WY 82432",,,,,"MANDERSON 08-01 - 08-01-0 (08-01), MANDERSON 08-01 - 08-01-1 (08-01)",False,false,,,56003,"100 Railway St, Manderson, WY 82432, USA",MANDERSON,BIG HORN,WYOMING,WY,44.2685,-107.964,,,,,False,,False
Big Horn County Clerk,OTTO-BURLINGTON FIRE HALL,"109 N. MAIN STREET, BURLINGTON, WY 82411",,,,,"OTTO 03-01 - 03-01-1 (03-01), OTTO 03-01 - 03-01-0 (03-01)",False,false,,,56003,"109 Main St, Burlington, WY 82411, USA",BURLINGTON,BIG HORN,WYOMING,WY,44.4462758,-108.431675,,,,,True,Unexpected address size change,True
Big Horn County Clerk,SHELL-COMMUNITY HALL,"201 SMITH AVE, SHELL, WY 82441",,,,,SHELL 16-01 - 16-01-0 (16-01),False,false,,,56003,"201 Smith Ave, Shell, WY 82441, USA",SHELL,BIG HORN,WYOMING,WY,44.5359457,-107.7783581,44.5360172,-107.7782379,44.5357683,-107.7785689,False,,False
Campbell County Clerk,4-J SCHOOL,"2830 HWY 50, GILLETTE , WY 82718",,,,,"13-01 - 13-01-A (13-01), 13-01 - 13-01 (13-01)",False,false,,,56005,"2830 WY-50, Gillette, WY 82718, USA",GILLETTE,CAMPBELL,WYOMING,WY,43.9601969,-105.7350449,,,,,False,,False
Campbell County Clerk,CAM-PLEX WYOMING CENTER,"4101 MAVERICK DRIVE, GILLETTE, WY 82718",,,,,"03-01 - 03-01-A (03-01), 03-01 - 03-01-B (03-01), 19-01 - 19-01-C (19-01), 18-01 - 18-01-D (18-01), 18-01 - 18-01-C (18-01), 19-01 - 19-01-D (19-01), 03-01 - 03-01-D (03-01), 02-01 - 02-01-B (02-01), 02-01 - 02-01-C (02-01), 18-01 - 18-01-E (18-01), 01-21 - 01-21-B (01-21), 03-01 - 03-01-J (03-01), 03-01 - 03-01-L (03-01), 03-01 - 03-01-M (03-01), 23-01 - 23-01-B (23-01), 23-01 - 23-01-A (23-01), 03-01 - 03-01-N (03-01), 26-01 - 26-01-A (26-01), 18-01 - 18-01-A (18-01), 23-01 - 23-01-C (23-01), 26-01 - 26-01-B (26-01), 23-01 - 23-01-F (23-01), 23-01 - 23-01-G (23-01), 23-01 - 23-01-D (23-01), 23-01 - 23-01-E (23-01), 23-01 - 23-01-J (23-01), 01-27 - 01-27 (01-27), 01-27 - 01-27-A (01-27), 01-27 - 01-27-C (01-27), 24-01 - 24-01-B (24-01), 24-01 - 24-01-E (24-01), 01-18 - 01-18-A (01-18), 01-02 - 01-02 (01-02), 22-01 - 22-01-A (22-01), 22-01 - 22-01-B (22-01), 03-01 - 03-01-P (03-01), 01-27 - 01-27-B (01-27), 03-01 - 03-01-O (03-01), 26-01 - 26-01-C (26-01), 01-01 - 01-01 (01-01), 01-03 - 01-03 (01-03), 01-05 - 01-05 (01-05), 01-07 - 01-07 (01-07), 01-09 - 01-09 (01-09), 01-12 - 01-12 (01-12), 01-14 - 01-14 (01-14), 01-15 - 01-15 (01-15), 01-16 - 01-16 (01-16), 01-17 - 01-17 (01-17), 01-18 - 01-18 (01-18), 01-19 - 01-19 (01-19), 01-20 - 01-20 (01-20), 01-21 - 01-21 (01-21), 02-01 - 02-01 (02-01), 03-01 - 03-01 (03-01), 09-01 - 09-01 (09-01), 18-01 - 18-01 (18-01), 19-01 - 19-01 (19-01), 01-17 - 01-17-A (01-17), 22-01 - 22-01 (22-01), 18-01 - 18-01-B (18-01), 03-01 - 03-01-E (03-01), 03-01 - 03-01-G (03-01), 03-01 - 03-01-H (03-01), 02-01 - 02-01-D (02-01), 01-22 - 01-22 (01-22), 01-25 - 01-25 (01-25), 01-26 - 01-26 (01-26), 23-01 - 23-01 (23-01), 24-01 - 24-01 (24-01), 26-01 - 26-01 (26-01), 01-23 - 01-23 (01-23), 01-24 - 01-24 (01-24), 23-01 - 23-01-H (23-01), 02-01 - 02-01-E (02-01), 03-01 - 03-01-C (03-01)",False,false,,,56005,"4101 Maverick Dr, Gillette, WY 82718, USA",GILLETTE,CAMPBELL,WYOMING,WY,44.2792685,-105.4430095,,,,,False,,False
Campbell County Clerk,LITTLE POWDER SCHOOL,"15902 HWY 59 N, WESTON, WY 82731",,,,,08-01 - 08-01 (08-01),False,false,,,56005,"15902 WY-59, Weston, WY 82731, USA",WESTON,CAMPBELL,WYOMING,WY,44.8413543,-105.3700718,44.8413877,-105.369888,44.8413022,-105.3702356,False,,False
Campbell County Clerk,RAWHIDE SCHOOL,"200 PROSPECTOR PKWY, GILLETTE , WY 82716",,,,,"06-01 - 06-01-B (06-01), 06-01 - 06-01-C (06-01), 06-01 - 06-01 (06-01), 06-01 - 06-01-A (06-01)",False,false,,,56005,"200 Prospector Pkwy, Gillette, WY 82716, USA",GILLETTE,CAMPBELL,WYOMING,WY,44.3910477,-105.5434138,44.392129,-105.542867,44.3905253,-105.5447702,False,,False
Campbell County Clerk,RECLUSE COMMUNITY HALL,"110 GREENOUGH ROAD, RECLUSE, WY 82725",,,,,07-01 - 07-01 (07-01),False,false,,,56005,"110 Greenough Rd, Recluse, WY 82725, USA",RECLUSE,CAMPBELL,WYOMING,WY,44.751346,-105.7337372,44.751483,-105.7335673,44.7511665,-105.7339031,False,,False
Campbell County Clerk,ROZET SCHOOL,"14054 HWY 51, ROZET, WY 82727",,,,,"04-01 - 04-01-B (04-01), 04-01 - 04-01-D (04-01), 04-01 - 04-01-E (04-01), 04-01 - 04-01-C (04-01), 04-01 - 04-01-F (04-01), 04-01 - 04-01-G (04-01), 04-01 - 04-01-H (04-01), 04-01 - 04-01 (04-01), 04-01 - 04-01-A (04-01)",False,false,,,56005,"Rozet School, 14054 WY-51, Rozet, WY 82727, USA",ROZET,CAMPBELL,WYOMING,WY,44.2766811,-105.2081161,44.27670519999999,-105.2080834,44.2766685,-105.2081517,False,,False
Campbell County Clerk,WRIGHT TOWN HALL,"395 LARIAT WAY, WRIGHT , WY 82732",,,,,"14-01 - 14-01-A (14-01), 14-02 - 14-02-B (14-02), 14-02 - 14-02 (14-02), 14-02 - 14-02-A (14-02)",False,false,,,56005,"Wright, WY, USA",WRIGHT,CAMPBELL,WYOMING,WY,43.75188319999999,-105.4913345,43.765547,-105.4736901,43.736989,-105.526029,True,Unexpected address size change,False
Carbon County Clerk,ELK MOUNTAIN SENIOR CENTER,"208 BRIDGE ST., ELK MOUNTAIN, WY 82324",,,,,"09-01 - 09-01-1 (09-01), 10-01 - 10-01-0 (10-01), 09-01 - 09-01-0 (09-01)",False,false,,,56007,"208 Bridge St, Elk Mountain, WY 82324, USA",ELK MOUNTAIN,CARBON,WYOMING,WY,41.6875625,-106.4145699,41.6876599,-106.4144402,41.6874754,-106.4146823,False,,False
Carbon County Clerk,ENCAMPMENT OPERA HOUSE,"622 RANKIN, ENCAMPMENT, WY 82325",,,,,"12-01 - 12-01-1 (12-01), 13-01 - 13-01-1 (13-01), 13-01 - 13-01-0 (13-01), 12-01 - 12-01-0 (12-01)",False,false,,,56007,"622 Rankin Ave, Encampment, WY 82325, USA",ENCAMPMENT,CARBON,WYOMING,WY,41.2079515,-106.7940792,41.2081068,-106.7938417,41.20782450000001,-106.7943234,False,,False
Carbon County Clerk,HANNA RECREATION CENTER,"8000 WY HIGHWAY 72, HANNA, WY 82327",,,,,"06-01 - 06-01-0 (06-01), 08-01 - 08-01-1 (08-01), 08-01 - 08-01-0 (08-01), 06-01 - 06-01-1 (06-01)",False,false,,,56007,"8000 WY-72, Hanna, WY 82327, USA",HANNA,CARBON,WYOMING,WY,41.871797,-106.5479111,41.8721327,-106.5475071,41.87144600000001,-106.5485021,False,,False
Carbon County Clerk,JEFFREY CENTER,"315 W. PINE ST., RAWLINS, WY 82301",,,,,"01-02 - 01-02-1 (01-02), 04-01 - 04-01-0 (04-01), 05-01 - 05-01-1 (05-01), 05-01 - 05-01-0 (05-01), 01-01 - 01-01-0 (01-01), 01-02 - 01-02-0 (01-02), 02-01 - 02-01-0 (02-01), 02-02 - 02-02-0 (02-02), 03-01 - 03-01-0 (03-01), 03-02 - 03-02-0 (03-02)",False,false,,,56007,"315 W Pine St, Rawlins, WY 82301, USA",RAWLINS,CARBON,WYOMING,WY,41.7905993,-107.2392575,41.7907649,-107.238885,41.7903989,-107.2396476,False,,False
Carbon County Clerk,MEDICINE BOW COMMUNITY CENTER,"221 PINE ST., MEDICINE BOW, WY 82329",,,,,"07-01 - 07-01-1 (07-01), 07-01 - 07-01-0 (07-01), 07-01 - 07-01-2 (07-01)",False,false,,,56007,"221 Pine St, Medicine Bow, WY 82329, USA",MEDICINE BOW,CARBON,WYOMING,WY,41.8973638,-106.1997715,41.8975038,-106.1996486,41.8972737,-106.1999674,False,,False
Carbon County Clerk,PLATTE VALLEY COMMUNITY CENTER,"210 W. ELM ST., SARATOGA, WY 82331",,,,,"11-02 - 11-02-0 (11-02), 11-01 - 11-01-0 (11-01), 11-02 - 11-02-1 (11-02), 11-02 - 11-02-2 (11-02)",False,false,,,56007,"210 W Elm Ave, Saratoga, WY 82331, USA",SARATOGA,CARBON,WYOMING,WY,41.4535288,-106.8094494,41.4537555,-106.8091407,41.4531242,-106.8095949,False,,False
Carbon County Clerk,VALLEY COMMUNITY CENTER,"255 W. OSBORNE, BAGGS, WY 82321",,,,,"14-01 - 14-01-1 (14-01), 15-01 - 15-01-1 (15-01), 14-01 - 14-01-0 (14-01), 15-01 - 15-01-0 (15-01)",False,false,,,56007,"255 W Osborne St, Baggs, WY 82321, USA",BAGGS,CARBON,WYOMING,WY,41.035407,-107.6601911,,,,,False,,False
Converse County Clerk,01-01 EASTERN WY COLLEGE,"800 S WINDRIVER DR, DOUGLAS, WY 82633",,,,,"01-01 - 1-1-1 (01-01), 01-01 - 1-1-2 (01-01)",False,false,,,56009,"800 S Windriver Dr, Douglas, WY 82633, USA",DOUGLAS,CONVERSE,WYOMING,WY,42.74800339999999,-105.4006954,,,,,False,,False
Converse County Clerk,02-02 DGLS REC CNTR,"1701 HAMILTON, DOUGLAS, WY 82633",,,,,02-02 - 2-2-0 (02-02),False,false,,,56009,"1701 Hamilton St, Douglas, WY 82633, USA",DOUGLAS,CONVERSE,WYOMING,WY,42.750692,-105.3650805,42.7540173,-105.3615012,42.7482051,-105.3670914,False,,False
Converse County Clerk,03-01 EASTERN WY COLLEGE,"800 S WINDRIVER DR, DOUGLAS, WY 82633",,,,,03-01 - 3-1-0 (03-01),False,false,,,56009,"800 S Windriver Dr, Douglas, WY 82633, USA",DOUGLAS,CONVERSE,WYOMING,WY,42.74800339999999,-105.4006954,,,,,False,,True
Converse County Clerk,04-04 DGLS REC CNTR,"1701 HAMILTON, DOUGLAS, WY 82633",,,,,04-04 - 4-4-0 (04-04),False,false,,,56009,"1701 Hamilton St, Douglas, WY 82633, USA",DOUGLAS,CONVERSE,WYOMING,WY,42.750692,-105.3650805,42.7540173,-105.3615012,42.7482051,-105.3670914,False,,True
Converse County Clerk,06-06 GLNRK REC CNTR,"412 S 4TH, GLENROCK, WY 82637",,,,,"06-06 - 6-6-1 (06-06), 06-06 - 6-6-2 (06-06), 06-06 - 6-6-3 (06-06)",False,false,,,56009,"412 S 4th St, Glenrock, WY 82637, USA",GLENROCK,CONVERSE,WYOMING,WY,42.8589374,-105.8714162,42.8594128,-105.8710609,42.8585087,-105.871886,False,,False
Converse County Clerk,07-07 DGLS REC CNTR,"1701 HAMILTON, DOUGLAS, WY 82633",,,,,07-07 - 7-7-0 (07-07),False,false,,,56009,"1701 Hamilton St, Douglas, WY 82633, USA",DOUGLAS,CONVERSE,WYOMING,WY,42.750692,-105.3650805,42.7540173,-105.3615012,42.7482051,-105.3670914,False,,True
Converse County Clerk,08-08 EASTERN WY COLLEGE,"800 S WINDRIVER DR, DOUGLAS, WY 82633",,,,,08-08 - 8-8-0 (08-08),False,false,,,56009,"800 S Windriver Dr, Douglas, WY 82633, USA",DOUGLAS,CONVERSE,WYOMING,WY,42.74800339999999,-105.4006954,,,,,False,,True
Converse County Clerk,09-01 GLNRK REC CNTR,"412 S 4TH, GLENROCK, WY 82633",,,,,09-01 - 9-1-0 (09-01),False,false,,,56009,"412 S 4th St, Glenrock, WY 82637, USA",GLENROCK,CONVERSE,WYOMING,WY,42.8589374,-105.8714162,42.8594128,-105.8710609,42.8585087,-105.871886,False,,True
Converse County Clerk,09-02 GLNRK REC CNTR,"412 S 4TH, GLENROCK, WY 82637",,,,,09-02 - 9-2-0 (09-02),False,false,,,56009,"412 S 4th St, Glenrock, WY 82637, USA",GLENROCK,CONVERSE,WYOMING,WY,42.8589374,-105.8714162,42.8594128,-105.8710609,42.8585087,-105.871886,False,,True
Converse County Clerk,10-10 GLNRK REC CNTR,"412 S 4TH, GLENROCK, WY 82637",,,,,"10-10 - 10-10-2 (10-10), 10-10 - 10-10-1 (10-10)",False,false,,,56009,"412 S 4th St, Glenrock, WY 82637, USA",GLENROCK,CONVERSE,WYOMING,WY,42.8589374,-105.8714162,42.8594128,-105.8710609,42.8585087,-105.871886,False,,True
Converse County Clerk,11-11 GLNRK REC CNTR,"412 S 4TH, GLENROCK, WY 82637",,,,,11-11 - 11-11-0 (11-11),False,false,,,56009,"412 S 4th St, Glenrock, WY 82637, USA",GLENROCK,CONVERSE,WYOMING,WY,42.8589374,-105.8714162,42.8594128,-105.8710609,42.8585087,-105.871886,False,,True
Converse County Clerk,13-13 DRY CREEK HALL,"3549 HWY 59, DOUGLAS, WY 82633",,,,,13-13 - 13-13-0 (13-13),False,false,,,56009,"3549 WY-59, Douglas, WY 82633, USA",DOUGLAS,CONVERSE,WYOMING,WY,43.2340961,-105.2605329,,,,,False,,False
Converse County Clerk,20-20 DGLS REC CNTR,"1701 HAMILTON, DOUGLAS, WY 82633",,,,,20-20 - 20-20-0 (20-20),False,false,,,56009,"1701 Hamilton St, Douglas, WY 82633, USA",DOUGLAS,CONVERSE,WYOMING,WY,42.750692,-105.3650805,42.7540173,-105.3615012,42.7482051,-105.3670914,False,,True
Converse County Clerk,23-01 DGLS REC CNTR,"1701 HAMILTON, DOUGLAS, WY 82633",,,,,23-1 - 23-1-0 (23-1),False,false,,,56009,"1701 Hamilton St, Douglas, WY 82633, USA",DOUGLAS,CONVERSE,WYOMING,WY,42.750692,-105.3650805,42.7540173,-105.3615012,42.7482051,-105.3670914,False,,True
Converse County Clerk,23-02 DGLS REC CNTR,"1701 HAMILTON, DOUGLAS, WY 82633",,,,,23-2 - 23-2-0 (23-2),False,false,,,56009,"1701 Hamilton St, Douglas, WY 82633, USA",DOUGLAS,CONVERSE,WYOMING,WY,42.750692,-105.3650805,42.7540173,-105.3615012,42.7482051,-105.3670914,False,,True
Converse County Clerk,23-03 DGLS REC CNTR,"1701 HAMILTON, DOUGLAS, WY 82633",,,,,23-3 - 23-3-0 (23-3),False,false,,,56009,"1701 Hamilton St, Douglas, WY 82633, USA",DOUGLAS,CONVERSE,WYOMING,WY,42.750692,-105.3650805,42.7540173,-105.3615012,42.7482051,-105.3670914,False,,True
Converse County Clerk,23-04 DGLS REC CNTR,"1701 HAMILTON, DOUGLAS, WY 82633",,,,,23-4 - 23-4-0 (23-4),False,false,,,56009,"1701 Hamilton St, Douglas, WY 82633, USA",DOUGLAS,CONVERSE,WYOMING,WY,42.750692,-105.3650805,42.7540173,-105.3615012,42.7482051,-105.3670914,False,,True
Converse County Clerk,23-05 DGLS REC CNTR,"1701 HAMILTON, DOUGLAS, WY 82633",,,,,23-5 - 23-5-0 (23-5),False,false,,,56009,"1701 Hamilton St, Douglas, WY 82633, USA",DOUGLAS,CONVERSE,WYOMING,WY,42.750692,-105.3650805,42.7540173,-105.3615012,42.7482051,-105.3670914,False,,True
Converse County Clerk,23-06 DGLS REC CNTR,"1701 HAMILTON, DOUGLAS, WY 82633",,,,,23-6 - 23-6-0 (23-6),False,false,,,56009,"1701 Hamilton St, Douglas, WY 82633, USA",DOUGLAS,CONVERSE,WYOMING,WY,42.750692,-105.3650805,42.7540173,-105.3615012,42.7482051,-105.3670914,False,,True
Crook County Clerk,ALADDIN COMMUNITY BUILDING,"3997 STATE HWY 24, ALADDIN, WY 82710",,,,,07-07 ALADDIN - 07-07-0 (07-07),False,false,,,56011,"3997 WY-24, Aladdin, WY 82710, USA",ALADDIN,CROOK,WYOMING,WY,44.6406443,-104.1856972,,,,,False,,False
Crook County Clerk,BARTON RANCH VOTING BOOTH,"48 INYAN KARA CREEK ROAD, UPTON, WY 82730",,,,,12-12 ELMORE - 12-12-0 (12-12),False,false,,,56011,"48 Inyan Kara Creek Rd, Upton, WY 82730, USA",UPTON,CROOK,WYOMING,WY,44.3154949,-104.6166705,44.3155492,-104.6166279,44.3154545,-104.61673,False,,False
Crook County Clerk,COLONY COMMUNITY BUILDING,"471 US HWY 212, COLONY, WY 57717",,,,,24-24 COLONY - 24-24-0 (24-24),False,false,,,56011,"Colony, WY 82710, USA",COLONY,CROOK,WYOMING,WY,44.8699865,-104.1552184,,,,,True,Unexpected address size change,False
Crook County Clerk,COURTHOUSE BASEMENT,"309 CLEVELAND STREET, SUNDANCE, WY 82729",,,,,"01-01 SUNDANCE INSIDE NORTH - 01-01-0 (01-01), 01-02 SUNDANCE INSIDE SOUTH - 01-02-0 (01-02), 02-02 SUNDANCE OUTSIDE - 02-02-0 (02-02)",False,false,,,56011,"309 E Cleveland St, Sundance, WY 82729, USA",SUNDANCE,CROOK,WYOMING,WY,44.4054137,-104.3784057,44.4057311,-104.3780885,44.4050778,-104.3790331,False,,False
Crook County Clerk,GREATER HULETT COMMUNITY CENTER,"401 SAGER STREET, HULETT, WY 82720",,,,,"09-09 ALVA - 09-09-0 (09-09), 13-13 HULETT OUTSIDE - 13-13-0 (13-13), 14-14 HULETT INSIDE - 14-14-0 (14-14), 23-23 NEW HAVEN - 23-23-0 (23-23)",False,false,,,56011,"401 Sager Ave, Hulett, WY 82720, USA",HULETT,CROOK,WYOMING,WY,44.686122,-104.6020301,44.6863874,-104.601774,44.6857993,-104.6022395,False,,False
Crook County Clerk,MOORCROFT TOWN CENTER,"103 S BELLE FOURCHE AVENUE, MOORCROFT, WY 82721",,,,,"16-16 MOORCROFT OUTSIDE - 16-16-0 (16-16), 18-01 MOORCROFT WEST SIDE - 18-01-0 (18-01), 18-02 MOORCROFT EAST SIDE - 18-02-0 (18-02)",False,false,,,56011,"103 S Belle Fourche Ave, Moorcroft, WY 82721, USA",MOORCROFT,CROOK,WYOMING,WY,44.2627099,-104.9483506,44.26283470000001,-104.9480084,44.2625241,-104.9485569,False,,False
Crook County Clerk,NE WYOMING WELCOME CENTER,"5266 OLD HWY 14, BEULAH, WY 82712",,,,,03-03 BEULAH - 03-03-0 (03-03),False,false,,,56011,"Beulah, WY 82712, USA",BEULAH,CROOK,WYOMING,WY,44.5444299,-104.089102,,,,,True,Unexpected address size change,False
Crook County Clerk,OSHOTO FIRE HALL,"1753 D ROAD, OSHOTO, WY 82721",,,,,26-26 OSHOTO - 26-26-0 (26-26),False,false,,,56011,"1753 D Rd, Oshoto, WY 82721, USA",OSHOTO,CROOK,WYOMING,WY,44.5925082,-104.9857871,,,,,False,,False
Crook County Clerk,PINE HAVEN COMMUNITY CENTER,"3 MEADOWS LANE, PINE HAVEN, WY 82721",,,,,15-15 PINE HAVEN - 15-15-0 (15-15),False,false,,,56011,"Pine Haven, WY 82721, USA",PINE HAVEN,CROOK,WYOMING,WY,44.3577603,-104.8105257,44.365812,-104.791591,44.34305000000001,-104.82144,True,Unexpected address size change,False
Crook County Clerk,RAM CENTER,"18048 US HWY 14, SUNDANCE, WY 82729",,,,,11-11 TOWER JUNCTION - 11-11-0 (11-11),False,false,,,56011,"18048 US-14, Sundance, WY 82729, USA",SUNDANCE,CROOK,WYOMING,WY,44.50400459999999,-104.7045994,,,,,False,,False
Fremont County Clerk,VOTE CENTER ARAPAHOE SCHOOL CHARTER MULTIPURPOSE RM,"445 LITTLE WIND RIVER BOTTOM RD, ARAPAHOE, WY 82510",,,,,Locality wide location,False,false,,,56013,"445 Little Wind River Bottom Rd, Arapahoe, WY 82510, USA",ARAPAHOE,FREMONT,WYOMING,WY,42.9639327,-108.4901413,,,,,False,,False
Fremont County Clerk,VOTE CENTER BOB CAREY MEMORIAL FIELDHOUSE,"350 BALDWIN CREEK RD, LANDER, WY 82520",,,,,Locality wide location,False,false,,,56013,"350 Baldwin Creek Rd, Lander, WY 82520, USA",LANDER,FREMONT,WYOMING,WY,42.8414934,-108.7506359,,,,,False,,False
Fremont County Clerk,VOTE CENTER DUBOIS HEADWATERS ARTS & CONF CTR,"20 STALDNAKER ST, DUBOIS, WY 82513",,,,,Locality wide location,False,false,,,56013,"20 Stalnaker St, Dubois, WY 82513, USA",DUBOIS,FREMONT,WYOMING,WY,43.53616359999999,-109.6470286,43.5363142,-109.6467272,43.5359926,-109.6472784,False,,False
Fremont County Clerk,VOTE CENTER FREMONT CENTER,"1010 FAIRGROUNDS DR, RIVERTON, WY 82501",,,,,Locality wide location,False,false,,,56013,"1010 Fairgrounds Dr, Riverton, WY 82501, USA",RIVERTON,FREMONT,WYOMING,WY,43.0146643,-108.3811513,43.0149121,-108.3809601,43.01451120000001,-108.3814523,False,,False
Fremont County Clerk,VOTE CENTER FT WASHAKIE SCHOOL GYM,"90 FT WASHAKIE SCHOOL RD, FT WASHAKIE, WY 82514",,,,,Locality wide location,False,false,,,56013,"90 Fort Washakie School Rd, Fort Washakie, WY 82514, USA",FORT WASHAKIE,FREMONT,WYOMING,WY,42.9989989,-108.8525509,,,,,False,,False
Fremont County Clerk,VOTE CENTER KINNEAR FIRE HALL,"11521 HWY 26, KINNEAR, WY 82516",,,,,Locality wide location,False,false,,,56013,"11521 US-26, Kinnear, WY 82516, USA",KINNEAR,FREMONT,WYOMING,WY,43.1516817,-108.6766899,43.1517498,-108.6765925,43.1516182,-108.6768165,False,,False
Fremont County Clerk,VOTE CENTER SHOSHONI SENIOR CITIZEN CENTER,"214 E 2ND ST, SHOSHONI, WY 82649",,,,,Locality wide location,False,false,,,56013,"214 E 2 St, Shoshoni, WY 82649, USA",SHOSHONI,FREMONT,WYOMING,WY,43.2359671,-108.1081724,43.2360472,-108.1078828,43.2358541,-108.1083909,False,,False
Fremont County Clerk,VOTE CENTER WY INDIAN HIGH SCHOOL GYM,"638 BLUE SKY HWY, ETHETE, WY 82520",,,,,Locality wide location,False,false,,,56013,"638 Blue Sky Hwy, Ethete, WY 82520, USA",ETHETE,FREMONT,WYOMING,WY,43.0133977,-108.7727191,43.0165583,-108.7700651,43.01147760000001,-108.7750336,False,,False
Goshen County Clerk,FORT LARAMIE - COMMUNITY CENTER,"102 W OTIS STREET, FORT LARAMIE, WY 82212",,,,,"9-1 - 9-1-2 (09-1), 9-1 - 9-1-0 (09-1), 9-1 - 9-1-1 (09-1)",False,false,,,56015,"102 Otis St, Fort Laramie, WY 82212, USA",FORT LARAMIE,GOSHEN,WYOMING,WY,42.2155107,-104.5173657,,,,,False,,False
Goshen County Clerk,HAWK SPRINGS - COMMUNITY CENTER,"435 POWER STREET, HAWK SPRINGS, WY 82217",,,,,17-1 - 17-1-0 (17-1),False,false,,,56015,"435 Powers St, Hawk Springs, WY 82217, USA",HAWK SPRINGS,GOSHEN,WYOMING,WY,41.78687600000001,-104.2627374,41.786936,-104.2626131,41.786813,-104.2628823,False,,False
Goshen County Clerk,HUNTLEY - TABLE MTN VINEYARDS,"5933 ROAD 48, HUNTLEY, WY 82218",,,,,16-1 - 16-1-0 (16-1),False,false,,,56015,"Huntley, WY 82218, USA",HUNTLEY,GOSHEN,WYOMING,WY,41.9330596,-104.14691,,,,,True,Unexpected address size change,False
Goshen County Clerk,IOWA CENTER - JACKSON HOME,"1717 STATE HWY 313, CHUGWATER, WY 82210",,,,,20-1 - 20-1-0 (20-1),False,false,,,56015,"1717 WY-313, Chugwater, WY 82210, USA",CHUGWATER,GOSHEN,WYOMING,WY,41.7408327,-104.5528309,,,,,False,,False
Goshen County Clerk,JAY EM - FOREST MOUND CHAPEL,"FOREST MOUND CHAPEL 
145 MAIN STREET, JAY EM, WY 82219",,,,,"2-1 - 2-1-2 (02-1), 2-1 - 2-1-0 (02-1)",False,false,,,56015,"145 Main St, Jay Em, WY 82219, USA",JAY EM,GOSHEN,WYOMING,WY,42.4605547,-104.3683176,,,,,True,Unexpected address size change,False
Goshen County Clerk,LA GRANGE - MEMORIAL BUILDING,"403 M STREET, LA GRANGE, WY 82221",,,,,"18-1 - 18-1-0 (18-1), 18-1 - 18-1-1 (18-1)",False,false,,,56015,"403 M St, La Grange, WY 82221, USA",LA GRANGE,GOSHEN,WYOMING,WY,41.6353934,-104.1636269,41.6355063,-104.1635242,41.6352328,-104.1637098,False,,False
Goshen County Clerk,LINGLE - COMMUNITY CENTER,"LINGLE COMMUNITY CENTER 
233 MAIN STREET, LINGLE, WY 82223",,,,,"8-2 - 8-2 (08-2), 8-1 - 8-1-0 (08-1), 8-1 - 8-1-1 (08-1)",False,false,,,56015,"233 Main St, Lingle, WY 82223, USA",LINGLE,GOSHEN,WYOMING,WY,42.1356238,-104.345261,,,,,True,Unexpected address size change,False
Goshen County Clerk,PRAIRIE CENTER - FIRE HALL,"4959 ROAD 122, TORRINGTON, WY 82240",,,,,1-1 - 1-1 (01-1),False,false,,,56015,"Rd 122, Torrington, WY 82240, USA",TORRINGTON,GOSHEN,WYOMING,WY,42.074549,-104.1507349,42.07461800000002,-104.1385889,42.07453859999997,-104.1690337,True,Invalid final address,False
Goshen County Clerk,TORRINGTON - RENDEZVOUS CENTER,"4740 US HWY 26/85, TORRINGTON, WY 82240",,,,,"7-2 - 7-2-1 (07-2), 7-2 - 7-2-2 (07-2), 7-3 - 7-3-1 (07-3), 7-3 - 7-3-2 (07-3), 7-1 - 7-1 (07-1), 7-2 - 7-2 (07-2), 7-3 - 7-3 (07-3)",False,false,,,56015,"4740 US-26 #85, Torrington, WY 82240, USA",TORRINGTON,GOSHEN,WYOMING,WY,42.0710431,-104.200266,,,,,False,,False
Goshen County Clerk,VETERAN - FIRE HALL,"4TH AND BUFFALO, VETERAN, WY 82243",,,,,13-1 - 13-1 (13-1),False,false,,,56015,"Veteran, WY 82243, USA",VETERAN,GOSHEN,WYOMING,WY,41.96441189999999,-104.3805119,41.9732269,-104.372625,41.950579,-104.3987169,True,Unexpected address size change,False
Goshen County Clerk,YODER - COMMUNITY CENTER,"215 MAIN STREET, YODER, WY 82244",,,,,"15-1 - 15-1-2 (15-1), 15-1 - 15-1-0 (15-1), 15-1 - 15-1-1 (15-1)",False,false,,,56015,"215 Main St, Yoder, WY 82244, USA",YODER,GOSHEN,WYOMING,WY,41.9163763,-104.295426,41.9164798,-104.2953369,41.9163271,-104.2956758,False,,False
Hot Springs County Clerk,ARMORY,"83 US HWY 20 NORTH, THERMOPOLIS, WY 82443",,,,,4-1 - RURAL - 4-1-0 (4-01),False,false,,,56017,"83 US-20, Thermopolis, WY 82443, USA",THERMOPOLIS,HOT SPRINGS,WYOMING,WY,43.6534491,-108.2044654,43.6535999,-108.2042284,43.6532974,-108.2047016,False,,False
Hot Springs County Clerk,"FAIR BUILDING 1, THERMOPOLIS, WY 82443","627 SPRINGVIEW, THERMOPOLIS, WY 82443",,,,,1-1 - THERMOPOLIS WEST - 1-1-0 (1-01),False,false,,,56017,"627 Springview St, Thermopolis, WY 82443, USA",THERMOPOLIS,HOT SPRINGS,WYOMING,WY,43.65260689999999,-108.2085461,43.6526893,-108.208285,43.6525223,-108.2087397,False,,False
Hot Springs County Clerk,"FAIR BUILDING 2, THERMOPOLIS WY 82443","627 SPRINGVIEW, THERMOPOLIS, WY 82443",,,,,1-2 - THERMOPOLIS EAST - 1-2-0 (1-02),False,false,,,56017,"627 Springview St, Thermopolis, WY 82443, USA",THERMOPOLIS,HOT SPRINGS,WYOMING,WY,43.65260689999999,-108.2085461,43.6526893,-108.208285,43.6525223,-108.2087397,False,,True
Hot Springs County Clerk,HOT SPRINGS COUNTY MUSEUM,"700 BROADWAY, THERMOPOLIS, WY 82443",,,,,"2-1 - EAST THERMOPOLIS - 2-1-0 (2-01), 3-1 - KIRBY - 3-1-0 (3-01)",False,false,,,56017,"700 Broadway St, Thermopolis, WY 82443, USA",THERMOPOLIS,HOT SPRINGS,WYOMING,WY,43.6465675,-108.2139945,43.6467929,-108.2138755,43.6464013,-108.2141168,False,,False
Johnson County Clerk,BOMBER MTN CIVIC CENTER,"63 N BURRITT AVE, BUFFALO, WY 82834",,,,,"2-14 - 02-14-0 (02-14), 3-4 - 03-04-0 (03-04), 3-5 - 03-05-0 (03-05), 3-6 - 03-06-0 (03-06), 3-7 - 03-07-0 (03-07), 4-8 - 04-08-0 (04-08), 5-9 - 05-09-0 (05-09), 10-15 - 10-15-0 (10-15)",False,false,,,56019,"63 N Burritt Ave, Buffalo, WY 82834, USA",BUFFALO,JOHNSON,WYOMING,WY,44.3473896,-106.7010522,44.34772720000001,-106.7004769,44.3470695,-106.701829,False,,False
Johnson County Clerk,CATHOLIC REC HALL,"532 N LOBBAN AVE, BUFFALO, WY 82834",,,,,"3-1 - 03-01-0 (03-01), 3-2 - 03-02-0 (03-02), 3-3 - 03-03-0 (03-03), 3-8 - 03-08-0 (03-08), 4-7 - 04-07-0 (04-07)",False,false,,,56019,"532 N Lobban Ave, Buffalo, WY 82834, USA",BUFFALO,JOHNSON,WYOMING,WY,44.3533957,-106.6971595,44.353526,-106.6970252,44.3532398,-106.6972746,False,,False
Johnson County Clerk,HAROLD JARRARD PARK,"603 NOLAN AVE, KAYCEE, WY 82639",,,,,"6-10 - 06-10-0 (06-10), 8-11 - 08-11-0 (08-11), 9-12 - 09-12-0 (09-12)",False,false,,,56019,"603 Nolan Ave, Kaycee, WY 82639, USA",KAYCEE,JOHNSON,WYOMING,WY,43.70688089999999,-106.6384025,,,,,False,,False
Laramie County Clerk,DAVID R ROMERO PARK,"1317 PARSLEY BLVD, CHEYENNE, WY 82007",,,,,Locality wide location,False,false,,,56021,"1317 Parsley Blvd, Cheyenne, WY 82007, USA",CHEYENNE,LARAMIE,WYOMING,WY,41.1244801,-104.8255359,41.1246689,-104.8252621,41.1243378,-104.8258883,False,,False
Laramie County Clerk,EVENT CENTER AT ARCHER,"3801 ARCHER PARKWAY BLDG, CHEYENNE, WY 82009",,,,,Locality wide location,False,false,,,56021,"3801 Archer Pkwy, Cheyenne, WY 82009, USA",CHEYENNE,LARAMIE,WYOMING,WY,41.1513547,-104.6514945,41.15383629999999,-104.6445219,41.1469592,-104.6589603,True,Unexpected address size change,False
Laramie County Clerk,KIWANIS COMMUNITY HOUSE,"4603 LIONS PARK DR, CHEYENNE, WY 82001",,,,,Locality wide location,False,false,,,56021,"4603 Lions Park Dr, Cheyenne, WY 82001, USA",CHEYENNE,LARAMIE,WYOMING,WY,41.157823,-104.8316219,41.1578687,-104.8315481,41.1577711,-104.831677,False,,False
Laramie County Clerk,LARAMIE CO COMM COLLEGE,"1400 E COLLEGE DR, CHEYENNE, WY 82007",,,,,Locality wide location,False,false,,,56021,"1400 E College Dr, Cheyenne, WY 82007, USA",CHEYENNE,LARAMIE,WYOMING,WY,41.1038489,-104.7810831,41.10420149999999,-104.7806939,41.1035911,-104.7815032,False,,False
Laramie County Clerk,NORTH CHRISTIAN CHURCH,"2015 TRANQUILITY RD, CHEYENNE, WY 82009",,,,,Locality wide location,False,false,,,56021,"2015 Tranquility Rd, Cheyenne, WY 82009, USA",CHEYENNE,LARAMIE,WYOMING,WY,41.1777188,-104.7914221,41.1778809,-104.7911969,41.1774818,-104.7917009,False,,False
Laramie County Clerk,PINE BLUFFS COMM CENTER,"708 LAWSON, PINE BLUFFS, WY 82082",,,,,Locality wide location,False,false,,,56021,"708 Lawson St, Pine Bluffs, WY 82082, USA",PINE BLUFFS,LARAMIE,WYOMING,WY,41.1773402,-104.0743164,41.1774838,-104.0740971,41.1772065,-104.0746079,False,,False
Laramie County Clerk,STOREY GYM,"2811 HOUSE AVE, CHEYENNE, WY 82001",,,,,Locality wide location,False,false,,,56021,"2811 House Ave, Cheyenne, WY 82001, USA",CHEYENNE,LARAMIE,WYOMING,WY,41.1453371,-104.8187406,41.1457164,-104.8181682,41.1449238,-104.8191174,False,,False
Lincoln County Clerk,AFTON CIVIC CENTER,"150 S. WASHINGTON 
, AFTON, WY 83110",,,,,2-2 - 2-2-0 (2-02),False,false,,,56023,"150 Washington St, Afton, WY 83110, USA",AFTON,LINCOLN,WYOMING,WY,42.7301475,-110.9351094,42.7303428,-110.9348601,42.7300531,-110.9352436,False,,False
Lincoln County Clerk,AFTON CIVIC CENTER,"150 S. WASHINGTON, AFTON, WY 83110",,,,,2-1 - 2-1-0 (2-01),False,false,,,56023,"150 Washington St, Afton, WY 83110, USA",AFTON,LINCOLN,WYOMING,WY,42.7301475,-110.9351094,42.7303428,-110.9348601,42.7300531,-110.9352436,False,,True
Lincoln County Clerk,AFTON CIVIC CENTER,"150 S. WASHINGTON, AFTON, WY 83110",,,,,2-6 - 2-6-0 (2-06),False,false,,,56023,"150 Washington St, Afton, WY 83110, USA",AFTON,LINCOLN,WYOMING,WY,42.7301475,-110.9351094,42.7303428,-110.9348601,42.7300531,-110.9352436,False,,True
Lincoln County Clerk,AFTON CIVIC CENTER,"150 S. WASHINGTON, AFTON, WY 83110",,,,,2-7 - 2-7-0 (2-07),False,false,,,56023,"150 Washington St, Afton, WY 83110, USA",AFTON,LINCOLN,WYOMING,WY,42.7301475,-110.9351094,42.7303428,-110.9348601,42.7300531,-110.9352436,False,,True
Lincoln County Clerk,ALPINE CIVIC CENTER,"121 HWY 89, ALPINE, WY 83128",,,,,"2-3 - 2-3-0 OUT (2-03), 2-3 - 2-3-1 IN (2-03)",False,false,,,56023,"121 US-89, Alpine, WY 83128, USA",ALPINE,LINCOLN,WYOMING,WY,43.1619402,-111.0198683,43.1620862,-111.0196224,43.161701,-111.0201291,False,,False
Lincoln County Clerk,COKEVILLE TOWN HALL,"110 PINE ST., COKEVILLE, WY 83114",,,,,"2-9 - 2-9-0 OUT (2-09), 2-9 - 2-9-1 IN (2-09)",False,false,,,56023,"110 Pine St, Cokeville, WY 83114, USA",COKEVILLE,LINCOLN,WYOMING,WY,42.0852738,-110.9569505,42.0854338,-110.9567123,42.0850668,-110.9572873,False,,False
Lincoln County Clerk,LABARGE TOWN HALL,"228 S. LABARGE ST., LABARGE, WY 83123",,,,,"1-8 - 1-8-0 OUT (1-08), 1-8 - 1-8-1 IN (1-08)",False,false,,,56023,"228 S Labarge St, La Barge, WY 83123, USA",LA BARGE,LINCOLN,WYOMING,WY,42.2598275,-110.1953681,,,,,False,,False
Lincoln County Clerk,SOUTH LINCOLN TRAINING AND EVENTS CENTER,"215 WYOMING HWY 233, KEMMERER, WY 83101",,,,,1-1 - 1-1-0 (1-01),False,false,,,56023,"215 Wyoming State Hwy 233, Frontier, WY 83121, USA",FRONTIER,LINCOLN,WYOMING,WY,41.8127553,-110.5357914,41.8129426,-110.5356166,41.8126206,-110.5359343,False,,False
Lincoln County Clerk,SOUTH LINCOLN TRAINING AND EVENTS CENTER,"215 WYOMING HWY 233, KEMMERER, WY 83101",,,,,"1-6 - 1-6-0 (1-06), 1-4 - 1-4-0 OUT (1-04), 1-4 - 1-4-1 IN (1-04), 1-7 - 1-7-0 OUT (1-07), 1-7 - 1-7-1 IN (1-07)",False,false,,,56023,"215 Wyoming State Hwy 233, Frontier, WY 83121, USA",FRONTIER,LINCOLN,WYOMING,WY,41.8127553,-110.5357914,41.8129426,-110.5356166,41.8126206,-110.5359343,False,,True
Lincoln County Clerk,STAR VALLEY COMMUNITY COMPLEX,"107736 N US 89, ETNA, WY 83118",,,,,"2-5 - 2-5-0 A22 (2-05), 2-5 - 2-5-3 M21 (2-05), 2-5 - 2-5-1 M22 (2-05)",False,false,,,56023,"107736 US-89, Etna, WY 83118, USA",ETNA,LINCOLN,WYOMING,WY,43.0307429,-111.0108527,,,,,False,,False
Lincoln County Clerk,STAR VALLEY RANCH TOWN HALL,"171 VISTA DRIVE #7007, STAR VALLEY RANCH, WY 83127",,,,,"2-10 - 2-10-0 OUT (2-10), 2-10 - 2-10-1 IN (2-10)",False,false,,,56023,"171 Vista Dr #7007, Star Valley Ranch, WY 83127, USA",STAR VALLEY RANCH,LINCOLN,WYOMING,WY,42.9789532,-110.9694312,42.9790333,-110.9692738,42.9788145,-110.9695334,False,,False
Lincoln County Clerk,THAYNE COMMUNITY CENTER,"250 VANNOY PARKWAY, THAYNE, WY 83127",,,,,"2-4 - 2-4-0 (2-04), 2-8 - 2-8-0 OUT (2-08), 2-8 - 2-8-1 IN (2-08)",False,false,,,56023,"250 Van Noy Pkwy, Thayne, WY 83127, USA",THAYNE,LINCOLN,WYOMING,WY,42.919706,-110.9994805,,,,,False,,False
Natrona County Clerk,1-1 NORTH CASPER ELEMENTARY,"1014 GLENARM, CASPER, WY 82601",,,,,"1-1 - 1-1.4 (1-1), 1-1 - 1-1.1 (1-1)",False,false,,,56025,"1014 Glenarm St, Casper, WY 82601, USA",CASPER,NATRONA,WYOMING,WY,42.86057419999999,-106.3163846,42.8606407,-106.3163518,42.8605018,-106.316438,False,,False
Natrona County Clerk,1-2 NATRONA COUNTY LIBRARY,"307 E 2ND ST, CASPER, WY 82601",,,,,1-2 - 1-2.1 (1-2),False,false,,,56025,"307 E 2nd St, Casper, WY 82601, USA",CASPER,NATRONA,WYOMING,WY,42.8483927,-106.3220138,42.84860159999999,-106.3214041,42.8481842,-106.3221847,False,,False
Natrona County Clerk,1-4 CASPER COLLEGE,"THUNDERBIRD GYM, CASPER, WY 82601",,,,,"1-4 - 1-4.1 (1-4), 1-4 - 1-4.4 (1-4)",False,false,,,56025,"1944 Lisco Dr, Casper, WY 82601, USA",CASPER,NATRONA,WYOMING,WY,42.8305659,-106.3271563,,,,,False,,False
Natrona County Clerk,1-7 SENIOR CITIZENS' CENTER,"1831 E 4TH ST, CASPER, WY 82601",,,,,1-7 - 1-7.1 (1-7),False,false,,,56025,"1831 E 4th St, Casper, WY 82601, USA",CASPER,NATRONA,WYOMING,WY,42.8452862,-106.2994215,,,,,False,,False
Natrona County Clerk,11-1 RED CREEK SCHOOL,"5818 BATES CREEK RT, CASPER, WY 82604",,,,,11-1 - 11-1.1 (11-1),False,false,,,56025,"5818 Bates Creek Rd, Casper, WY 82604, USA",CASPER,NATRONA,WYOMING,WY,42.6442564,-106.4199065,42.64432610000001,-106.4198505,42.6441664,-106.419975,False,,False
Natrona County Clerk,11-2 ALCOVA CHURCH,"21925 KORTES RD , ALCOVA, WY 82620",,,,,11-2 - 11-2.1 (11-2),False,false,,,56025,"21925 Kortes Rd, Alcova, WY 82620, USA",ALCOVA,NATRONA,WYOMING,WY,42.5535561,-106.7162308,42.5536336,-106.7160157,42.5534977,-106.7163724,False,,False
Natrona County Clerk,11-3 POISON SPIDER SCHOOL,"14200 POISON SPIDER RD, CASPER, WY 82604",,,,,11-3 - 11-3.1 (11-3),False,false,,,56025,"14200 Poison Spider Rd, Casper, WY 82604, USA",CASPER,NATRONA,WYOMING,WY,42.8344246,-106.5671541,42.83488,-106.566379,42.8340231,-106.5678087,False,,False
Natrona County Clerk,11-4 POISON SPIDER SCHOOL,"14200 POISON SPIDER RD, CASPER, WY 82604",,,,,11-4 - 11-4.1 (11-4),False,false,,,56025,"14200 Poison Spider Rd, Casper, WY 82604, USA",CASPER,NATRONA,WYOMING,WY,42.8344246,-106.5671541,42.83488,-106.566379,42.8340231,-106.5678087,False,,True
Natrona County Clerk,12-2 ST STEPHENS CHURCH,"4700 S POPLAR, CASPER, WY 82604",,,,,"12-2 - 12-2.1 (12-2), 12-2 - 12-2.5 (12-2), 12-2 - 12-2.2 (12-2)",False,false,,,56025,"4700 S Poplar St, Casper, WY 82601, USA",CASPER,NATRONA,WYOMING,WY,42.8040108,-106.3455053,42.8041735,-106.3452797,42.8039054,-106.3457339,False,,False
Natrona County Clerk,13-1 BRESSLER RANCH,"7750 33 MILE RD, CASPER, WY 82604",,,,,13-1 - 13-1.1 (13-1),False,false,,,56025,"7750 33 Mile Rd, Casper, WY 82604, USA",CASPER,NATRONA,WYOMING,WY,42.9572503,-106.5151605,42.9573833,-106.5150631,42.95711,-106.5152208,False,,False
Natrona County Clerk,13-2 HOUSE OF OUR SHEPARD CHURCH,"12540 NOTCHES RD, POWDER RIVER , WY 82648",,,,,13-2 - 13-2.1 (13-2),False,false,,,56025,"12540 Notches Rd, Casper, WY 82604, USA",CASPER,NATRONA,WYOMING,WY,43.0326672,-106.9874723,,,,,False,,False
Natrona County Clerk,14-1 BENNETT RANCH,"24500 WILLOW CREEK RD., KAYCEE, WY 82639",,,,,14-1 - 14-1.1 (14-1),False,false,,,56025,"24500 W Willow Creek Rd, Kaycee, WY 82639, USA",KAYCEE,NATRONA,WYOMING,WY,43.442819,-106.775752,,,,,False,,False
Natrona County Clerk,2-10 BETHEL BAPTIST CHURCH,"3030 S POPLAR, CASPER, WY 82604",,,,,2-10 - 2-10.1 (2-10),False,false,,,56025,"3030 S Poplar St, Casper, WY 82601, USA",CASPER,NATRONA,WYOMING,WY,42.8181646,-106.3406348,42.8182205,-106.3404937,42.818064,-106.3408303,False,,False
Natrona County Clerk,2-6 RADUIS CHURCH,"4301 CASPER MOUNTAIN RD , CASPER, WY 82601",,,,,2-6 - 2-6.1 (2-6),False,false,,,56025,"4301 Casper Mountain Rd, Casper, WY 82601, USA",CASPER,NATRONA,WYOMING,WY,42.8070611,-106.3284439,42.8073023,-106.3280294,42.806862,-106.328637,False,,False
Natrona County Clerk,3-10 ST PATRICK'S COMMONS,"400 COUNTRY CLUB RD, CASPER, WY 82609",,,,,3-10 - 3-10.1 (3-10),False,false,,,56025,"400 Country Club Rd, Casper, WY 82609, USA",CASPER,NATRONA,WYOMING,WY,42.8456236,-106.2911071,42.8457889,-106.291002,42.8452571,-106.2913596,False,,False
Natrona County Clerk,3-8 PRINCE OF PEACE LUTHERAN CHURCH,"2300 E 15TH ST, CASPER, WY 82609",,,,,3-8 - 3-8.1 (3-8),False,false,,,56025,"2300 E 15th St, Casper, WY 82609, USA",CASPER,NATRONA,WYOMING,WY,42.8357094,-106.2969923,42.8360468,-106.2966307,42.8354782,-106.2973453,False,,False
Natrona County Clerk,4-1 EVANSVILLE COMMUNITY CENTER - IN,"71 CURTIS, EVANSVILLE, WY 82636",,,,,4-1 - 4-1.1 (4-1),False,false,,,56025,"71 Curtis St, Evansville, WY 82636, USA",EVANSVILLE,NATRONA,WYOMING,WY,42.8596292,-106.2704672,42.8598042,-106.2703159,42.8594775,-106.270607,False,,False
Natrona County Clerk,4-2 EVANSVILLE COMMUNITY CENTER - OUT,"71 CURTIS ST, EVANSVILLE, WY 82636",,,,,4-2 - 4-2.1 (4-2),False,false,,,56025,"71 Curtis St, Evansville, WY 82636, USA",EVANSVILLE,NATRONA,WYOMING,WY,42.8596292,-106.2704672,42.8598042,-106.2703159,42.8594775,-106.270607,False,,True
Natrona County Clerk,5-1 EVANSVILLE COMMUNITY CENTER,"71 CURTIS, EVANSVILLE, WY 82636",,,,,5-1 - 5-1.1 (5-1),False,false,,,56025,"71 Curtis St, Evansville, WY 82636, USA",EVANSVILLE,NATRONA,WYOMING,WY,42.8596292,-106.2704672,42.8598042,-106.2703159,42.8594775,-106.270607,False,,True
Natrona County Clerk,7-1 MIDWEST TOWN HALL,"531 PEAKE, MIDWEST, WY 82643",,,,,"7-1 - 7-1.1 (7-1), 7-1 - 7-1.5 (7-1)",False,false,,,56025,"531 Peake St, Midwest, WY 82643, USA",MIDWEST,NATRONA,WYOMING,WY,43.41304900000001,-106.2772685,43.4131624,-106.2770648,43.41298630000001,-106.2773431,False,,False
Natrona County Clerk,7-2 EDGERTON TOWN HALL,"311 N 2ND, EDGERTON, WY 82635",,,,,"7-2 - 7-2.1 (7-2), 7-2 - 7-2.5 (7-2)",False,false,,,56025,"311 N Second St, Edgerton, WY 82635, USA",EDGERTON,NATRONA,WYOMING,WY,43.4136555,-106.2473896,,,,,False,,False
Natrona County Clerk,8-1 MILLS COMMUNITY CENTER,"401 WASATCH, MILLS , WY 82644",,,,,8-1 - 8-1.1 (8-1),False,false,,,56025,"401 Wasatch Ave, Mills, WY 82644, USA",MILLS,NATRONA,WYOMING,WY,42.8427759,-106.3687772,42.8429312,-106.3685207,42.8426103,-106.3690403,False,,False
Natrona County Clerk,8-2 MILLS COMMUNITY CENTER,"704 4TH STREET, CASPER, WY 82601",,,,,8-2 - 8-2.1 (8-2),False,false,,,56025,"704 E 4th St, Casper, WY 82601, USA",CASPER,NATRONA,WYOMING,WY,42.8468113,-106.3163326,,,,,False,,False
Natrona County Clerk,8-3 WARDWELL WATER & SEWER,"4150 SALT CREEK HWY, CASPER, WY 82601",,,,,"8-3 - 8-3.1 (8-3), 8-3 - 8-3.2 (8-3)",False,false,,,56025,"4150 Salt Creek Hwy, Casper, WY 82601, USA",CASPER,NATRONA,WYOMING,WY,42.9056584,-106.3409984,42.9057764,-106.3407893,42.9055655,-106.3412214,False,,False
Natrona County Clerk,8-4 CHRISTIAN CHURCH OF CASPER,"8188 ZERO RD, CASPER, WY 82604",,,,,8-4 - 8-4.1 (8-4),False,false,,,56025,"8188 Zero Rd, Casper, WY 82604, USA",CASPER,NATRONA,WYOMING,WY,42.86344889999999,-106.4511302,,,,,False,,False
Natrona County Clerk,8-5 BAR NUNN FIRE STATION,"1705 SUNSET BLVD., BAR NUNN, WY 82601",,,,,8-5 - 8-5.1 (8-5),False,false,,,56025,"1705 Sunset Blvd, Bar Nunn, WY 82601, USA",BAR NUNN,NATRONA,WYOMING,WY,42.9126744,-106.3452293,42.9127766,-106.3450424,42.9126004,-106.3453845,False,,False
Natrona County Clerk,9-1 WY GAME AND FISH,"3030 ENERGY LN, CASPER, WY 82604",,,,,"9-1 - 9-1.1 (9-1), 9-1 - 9-1.2 (9-1), 9-1 - 9-1.6 (9-1)",False,false,,,56025,"3030 Energy Ln, Casper, WY 82604, USA",CASPER,NATRONA,WYOMING,WY,42.8199549,-106.3784888,42.8202207,-106.3780237,42.8196521,-106.3790147,False,,False
Natrona County Clerk,INDUSTRIAL BUILDING,"1700 FAIRGROUNDS ROAD, CASPER, WY 82601",,,,,"1-12 - 1-12.1 (1-12), 2-1 - 2-1.1 (2-1), 2-2 - 2-2.1 (2-2), 2-3 - 2-3.1 (2-3), 2-4 - 2-4.1 (2-4), 2-7 - 2-7.1 (2-7), 2-8 - 2-8.1 (2-8), 2-8 - 2-8.4 (2-8), 2-9 - 2-9.1 (2-9), 2-9 - 2-9.2 (2-9), 1-6 - 1-6.2 (1-6), 1-3 - 1-3.1 (1-3), 1-5 - 1-5.1 (1-5), 1-6 - 1-6.1 (1-6), 1-6 - 1-6.4 (1-6), 1-9 - 1-9.1 (1-9), 1-11 - 1-11.1 (1-11)",False,false,,,56025,"1700 Fairgrounds Rd, Casper, WY 82604, USA",CASPER,NATRONA,WYOMING,WY,42.8358917,-106.3670064,,,,,False,,False
Natrona County Clerk,RESTORATION CHURCH,"411 S WALSH DRIVE, CASPER, WY 82609",,,,,"3-2 - 3-2.1 (3-2), 3-3 - 3-3.1 (3-3), 3-4 - 3-4.1 (3-4), 3-5 - 3-5.1 (3-5), 3-6 - 3-6.1 (3-6), 3-9 - 3-9.1 (3-9)",False,false,,,56025,"411 S Walsh Dr, Casper, WY 82609, USA",CASPER,NATRONA,WYOMING,WY,42.8471652,-106.2759353,42.8474036,-106.2752267,42.8468544,-106.2767554,False,,False
Niobrara County Clerk,LANCE CREEK ELEMENTARY SCHOOL,"325 20 MILE ROAD, LANCE CREEEK, WY 82222",,,,,4-1 LANCE CREEK - 4-1-0 (4-1),False,false,,,56027,"325 20 Mile Rd, Lance Creek, WY 82222, USA",LANCE CREEK,NIOBRARA,WYOMING,WY,43.0451681,-104.6994624,43.0452259,-104.6992632,43.0450464,-104.6997266,False,,False
Niobrara County Clerk,MANVILLE TOWN HALL,"651 5TH ST., MANVILLE, WY 82227",,,,,"7-1 MANVILLE - 7-1-0 (7-1), 7-1 MANVILLE - 7-1-1 (7-1)",False,false,,,56027,"651 5th St, Manville, WY 82227, USA",MANVILLE,NIOBRARA,WYOMING,WY,42.7792148,-104.6181355,42.7792639,-104.6180491,42.7791893,-104.618199,False,,False
Niobrara County Clerk,NIOBRARA CO FAIRGROUNDS 6-1,"4080 US HWY 20, LUSK, WY 82225",,,,,"6-1 NORTH LUSK - 6-1-2 (6-1), 6-1 NORTH LUSK - 6-1-0 (6-1), 6-1 NORTH LUSK - 6-1-1 (6-1)",False,false,,,56027,"4080 US-20, Lusk, WY 82225, USA",LUSK,NIOBRARA,WYOMING,WY,42.75398879999999,-104.4564086,42.75426160000001,-104.4561061,42.7538929,-104.4567829,False,,False
Niobrara County Clerk,NIOBRARA CO FAIRGROUNDS 6-2,"4080 US HWY 20, LUSK, WY 82225",,,,,"6-2 SOUTH LUSK - 6-2-2 (6-2), 6-2 SOUTH LUSK - 6-2-0 (6-2), 6-2 SOUTH LUSK - 6-2-1 (6-2)",False,false,,,56027,"4080 US-20, Lusk, WY 82225, USA",LUSK,NIOBRARA,WYOMING,WY,42.75398879999999,-104.4564086,42.75426160000001,-104.4561061,42.7538929,-104.4567829,False,,True
Niobrara County Clerk,RENNARD'S GARAGE,"19609 US HWY 85, LUSK, WY 82225",,,,,1-2 WARREN - 1-2-0 (1-2),False,false,,,56027,"Lusk, WY 82225, USA",LUSK,NIOBRARA,WYOMING,WY,42.7624668,-104.4521747,42.7789981,-104.4377821,42.748652,-104.478442,True,Unexpected address size change,False
Niobrara County Clerk,STAGE STATION,"869 STAGE RD., LUSK, WY 82225",,,,,3-2 HAT CREEK - 3-2-0 (3-2),False,false,,,56027,"869 Stage Rd, Lusk, WY 82225, USA",LUSK,NIOBRARA,WYOMING,WY,42.9307828,-104.3433476,42.930867,-104.3431782,42.9307343,-104.3433838,False,,False
Park County Clerk,CLARK/PIONEER RECREATION CENTER (1-1),"321 RD 1AB, CLARK, WY 82435",,,,,01-1 - 1-1-0 (01-1),False,false,,,56029,"321 Rd 1Ab, Powell, WY 82435, USA",POWELL,PARK,WYOMING,WY,44.9052334,-109.172956,44.9053128,-109.1726629,44.9051392,-109.1732144,False,,False
Park County Clerk,CODY AUDITORIUM,"1240 BECK AVE, CODY, WY 82414",,,,,"02-1 - 2-1-0 (02-1), 02-2 - 2-2-0 (02-2), 24-1 - 24-1-1 (24-1), 24-1 - 24-1-2 (24-1), 24-2 - 24-2-0 (24-2), 24-3 - 24-3-0 (24-3), 25-1 - 25-1-0 (25-1), 25-2 - 25-2-0 (25-2), 25-3 - 25-3-0 (25-3)",False,false,,,56029,"1240 Beck Ave, Cody, WY 82414, USA",CODY,PARK,WYOMING,WY,44.5246579,-109.062557,44.5248254,-109.0623401,44.5244615,-109.0627847,False,,False
Park County Clerk,CODY REC. CENTER,"1402 HEART MOUNTAIN ST, CODY, WY 82414",,,,,"03-2 - 3-2-3 (03-2), 03-1 - 3-1-0 (03-1), 03-2 - 3-2-1 (03-2), 03-2 - 3-2-2 (03-2), 04-2 - 4-2-1 (04-2), 04-2 - 4-2-2 (04-2), 04-2 - 4-2-3 (04-2)",False,false,,,56029,"1402 Heart Mountain St, Cody, WY 82414, USA",CODY,PARK,WYOMING,WY,44.522121,-109.05997,,,,,False,,False
Park County Clerk,GARLAND COMMUNITY CHURCH (6-1),"900 SHERIDAN, GARLAND, WY 82435",,,,,"06-1 - 6-1-4 (06-1), 06-1 - 6-1-1 (06-1), 06-1 - 6-1-2 (06-1), 06-1 - 6-1-3 (06-1)",False,false,,,56029,"900 Sheridan Ave, Garland, WY 82435, USA",GARLAND,PARK,WYOMING,WY,44.782174,-108.662665,44.7822166,-108.6625683,44.782037,-108.6627605,False,,False
Park County Clerk,MEETEETSE SENIOR CENTER,"1105 PARK AVE, MEETEETSE, WY 82433",,,,,"08-1 - 8-1-0 (08-1), 08-2 - 8-2-0 (08-2), 08-3 - 8-3-0 (08-3)",False,false,,,56029,"1105 Park Ave, Meeteetse, WY 82433, USA",MEETEETSE,PARK,WYOMING,WY,44.1566667,-108.8729294,44.1567635,-108.8727981,44.1565497,-108.8730835,False,,False
Park County Clerk,MOUNTAIN VIEW CLUB (21-1),"1001 RD 18, POWELL, WY 82435",,,,,"21-1 - 21-1-3 (21-1), 21-1 - 21-1-1 (21-1), 21-1 - 21-1-2 (21-1)",False,false,,,56029,"1001 Rd 18, Powell, WY 82435, USA",POWELL,PARK,WYOMING,WY,44.7393305,-108.9324627,,,,,False,,False
Park County Clerk,PARK COUNTY COURTHOUSE (11-2),"1002 SHERIDAN AVE, CODY, WY 82414",,,,,11-2 - 11-2-0 (11-2),False,false,,,56029,"1002 Sheridan Ave, Cody, WY 82414, USA",CODY,PARK,WYOMING,WY,44.525506,-109.0673746,44.5257334,-109.0669739,44.5251518,-109.0676284,False,,False
Park County Clerk,POWELL FAIRGROUNDS,"655 E. 5TH ST, POWELL, WY 82435",,,,,"10-2 - 10-2-2 (10-2), 09-1 - 9-1-0 (09-1), 09-2 - 9-2-0 (09-2), 09-4 - 9-4-0 (09-4), 09-5 - 9-5-0 (09-5), 09-7 - 9-7-0 (09-7), 10-1 - 10-1-1 (10-1), 10-1 - 10-1-2 (10-1), 10-1 - 10-1-3 (10-1), 10-2 - 10-2-1 (10-2), 23-1 - 23-1-0 (23-1)",False,false,,,56029,"655 E 5th St, Powell, WY 82435, USA",POWELL,PARK,WYOMING,WY,44.7593305,-108.7510791,44.75947980000001,-108.7509729,44.7591721,-108.7511676,False,,False
Park County Clerk,SOUTHFORK FIRE HALL,"3 ROAD 6NQ, CODY, WY 82414",,,,,"04-1 - 4-1-0 (04-1), 07-2 - 7-2-0 (07-2)",False,false,,,56029,"3 Rd 6Nq, Cody, WY 82414, USA",CODY,PARK,WYOMING,WY,44.4070578,-109.2622114,44.4071203,-109.2620141,44.4069995,-109.2623622,False,,False
Park County Clerk,WAPITI SCHOOL HOUSE (16-1),"3167 NORTHFORK HWY, CODY, WY 82414",,,,,"16-1 - 16-1-2 (16-1), 16-1 - 16-1-1 (16-1)",False,false,,,56029,"3167 N Fork Hwy, Cody, WY 82414, USA",CODY,PARK,WYOMING,WY,44.466525,-109.441235,,,,,False,,False
Platte County Clerk,AGRIPLEX,"59 ANTELOPE GAP RD, WHEATLAND, WY 82201",,,,,"1-6 Wheatland Town - 1-6 (1-6), 1-3 Antelope Gap - 1-3-1 (1-3), 1-1 1F - 1-1-2 (1-1), 1-3 Antelope Gap - 1-3-2 (1-3), 1-1 1F - 1-1-1 (1-1), 1-2 2F - 1-2 (1-2)",False,false,,,56031,"Platte County 4-H Building, 59 Antelope Gap Rd, Wheatland, WY 82201, USA",WHEATLAND,PLATTE,WYOMING,WY,42.05312079999999,-104.9424902,42.0532851,-104.942397,42.0529181,-104.9426142,False,,False
Platte County Clerk,CHUGWATER COMMUNITY CENTER,"311 2ND ST, CHUGWATER, WY 82210",,,,,"4-1 Chugwater - 4-1-1 (4-1), 4-1 Chugwater - 4-1-2 (4-1), 4-1 Chugwater - 4-1-3 (4-1)",False,false,,,56031,"311 2nd St, Chugwater, WY 82210, USA",CHUGWATER,PLATTE,WYOMING,WY,41.7572436,-104.8218867,41.7573315,-104.8217383,41.7571679,-104.8220313,False,,False
Platte County Clerk,GLENDO TOWN HALL,"114 S YELLOWSTONE HWY, GLENDO, WY 82213",,,,,"3-1 Glendo - 3-1-1 (3-1), 3-1 Glendo - 3-1-2 (3-1)",False,false,,,56031,"114 S Yellowstone Hwy, Glendo, WY 82213, USA",GLENDO,PLATTE,WYOMING,WY,42.5020178,-105.0264738,42.5021364,-105.026381,42.5019588,-105.0265226,False,,False
Platte County Clerk,GUERNSEY VFW,"42 S IDAHO AVE , GUERNSEY, WY 82214",,,,,"2-1 GUERNSEY - 2-1 (2-1), 2-2 Sunrise - 2-2-1 (2-2), 2-2 Sunrise - 2-2-2 (2-2)",False,false,,,56031,"42 S Idaho Ave, Guernsey, WY 82214, USA",GUERNSEY,PLATTE,WYOMING,WY,42.269373,-104.7425688,42.2694798,-104.7423911,42.2693318,-104.7427987,False,,False
Sheridan County Clerk,BECKTON SCHOOL HOUSE BUILDING,"4 BECKTON ROAD, SHERIDAN, WY 82801",,,,,7-1 - 7-1-0 (07-1),False,false,,,56033,"4 Beckton Hall Rd, Sheridan, WY 82801, USA",SHERIDAN,SHERIDAN,WYOMING,WY,44.7531751,-107.1044489,,,,,False,,False
Sheridan County Clerk,BETHESDA WORSHIP,"5135 COFFEEN AVE, SHERIDAN, WY 82801",,,,,"11-1 - 11-1-0 (11-1), 6-1 - 6-1-0 (06-1)",False,false,,,56033,"5135 Coffeen Ave, Sheridan, WY 82801, USA",SHERIDAN,SHERIDAN,WYOMING,WY,44.74188119999999,-106.9457684,,,,,False,,False
Sheridan County Clerk,BIG HORN WOMEN'S CLUB,"314 S. SECOND ST., BIG HORN, WY 82833",,,,,12-1 - 12-1-0 (12-1),False,false,,,56033,"314 S 2nd St, Sheridan, WY 82801, USA",SHERIDAN,SHERIDAN,WYOMING,WY,44.679675,-106.9925882,,,,,False,,False
Sheridan County Clerk,CALVARY BAPTIST CHURCH,"1660 BIGHORN AVE., SHERIDAN, WY 82801",,,,,3-5 - 3-5-0 (03-5),False,false,,,56033,"1660 Big Horn Ave, Sheridan, WY 82801, USA",SHERIDAN,SHERIDAN,WYOMING,WY,44.7800356,-106.9584206,44.7802492,-106.9582718,44.7798241,-106.9584785,False,,False
Sheridan County Clerk,CLEARMONT FIRE HALL (ARVADA),"124 MAIN STREET, ARVADA, WY 82831",,,,,9-1 - 9-1-0 (09-1),False,false,,,56033,"124 Main St, Arvada, WY 82831, USA",ARVADA,SHERIDAN,WYOMING,WY,44.6531752,-106.1327067,44.6532734,-106.1325284,44.65309750000001,-106.1328843,False,,False
Sheridan County Clerk,CLEARMONT TOWN HALL,"1605 PENNSYLVANIA AVE, CLEARMONT, WY 82835",,,,,10-1 - 10-1-0 (10-1),False,false,,,56033,"1605 Pennsylvania Ave, Clearmont, WY 82835, USA",CLEARMONT,SHERIDAN,WYOMING,WY,44.638985,-106.3808622,44.6390872,-106.3806874,44.6388908,-106.3810437,False,,False
Sheridan County Clerk,COUNTY COURTHOUSE,"224 S. MAIN STREET, SHERIDAN, WY 82801",,,,,3-2 - 3-2-0 (03-2),False,false,,,56033,"224 S Main St, Sheridan, WY 82801, USA",SHERIDAN,SHERIDAN,WYOMING,WY,44.7949879,-106.9565726,44.79512649999999,-106.9563947,44.7949169,-106.9567157,False,,False
Sheridan County Clerk,CULLIGAN OF SHERIDAN,"1831 S. SHERIDAN AVE, SHERIDAN, WY 82801",,,,,4-2 - 4-2-0 (04-2),False,false,,,56033,"1831 S Sheridan Ave, Sheridan, WY 82801, USA",SHERIDAN,SHERIDAN,WYOMING,WY,44.77930689999999,-106.9474275,44.77942669999999,-106.9472729,44.7791874,-106.9476677,False,,False
Sheridan County Clerk,DAYTON TOWN HALL,"608 BROADWAY, DAYTON, WY 82836",,,,,"20-1 - 20-1-0 (20-1), 20-2 - 20-2-0 (20-2)",False,false,,,56033,"Dayton, WY, USA",DAYTON,SHERIDAN,WYOMING,WY,44.8752464,-107.2623021,44.8795689,-107.2503129,44.867526,-107.27245,True,Unexpected address size change,False
Sheridan County Clerk,ED HAMMER INC,"107 E ALGER, SHERIDAN, WY 82801",,,,,1-1 - 1-1-0 (01-1),False,false,,,56033,"107 E Alger St, Sheridan, WY 82801, USA",SHERIDAN,SHERIDAN,WYOMING,WY,44.8009862,-106.954162,44.8012111,-106.9539021,44.8008026,-106.9544306,False,,False
Sheridan County Clerk,EXHIBIT HALL,"1753 VICTORIA-FAIRGROUNDS, SHERIDAN, WY 82801",,,,,"13-1 - 13-1-1 (13-1), 13-1 - 13-1-0 (13-1), 2-1 - 2-1-0 (02-1), 2-2 - 2-2-0 (02-2), 2-3 - 2-3-0 (02-3), 2-4 - 2-4-0 (02-4), 2-5 - 2-5-0 (02-5)",False,false,,,56033,"1753 Victoria St, Sheridan, WY 82801, USA",SHERIDAN,SHERIDAN,WYOMING,WY,44.8031225,-106.9813127,,,,,True,Unexpected address size change,False
Sheridan County Clerk,HOLY NAME CHURCH,"260 E LOUCKS, SHERIDAN, WY 82801",,,,,"3-3 - 3-3-0 (03-3), 4-3 - 4-3-0 (04-3), 4-4 - 4-4-0 (04-4)",False,false,,,56033,"260 E Loucks St, Sheridan, WY 82801, USA",SHERIDAN,SHERIDAN,WYOMING,WY,44.7969415,-106.9523183,44.7971071,-106.9520121,44.7968038,-106.9526661,False,,False
Sheridan County Clerk,PRAIRIE DOG COMMUNITY CENTER,"479 MEADE CREEK ROAD, SHERIDAN , WY 82801",,,,,19-1 - 19-1-0 (19-1),False,false,,,56033,"479 Meade Creek Rd, Sheridan, WY 82801, USA",SHERIDAN,SHERIDAN,WYOMING,WY,44.7009564,-106.8510112,44.7010902,-106.8509598,44.7008982,-106.851069,False,,False
Sheridan County Clerk,RANCHESTER TOWN HALL,"145 COFFEEN STREET, RANCHESTER, WY 82839",,,,,"17-1 - 17-1-0 (17-1), 17-2 - 17-2-0 (17-2), 18-1 - 18-1-0 (18-1)",False,false,,,56033,"145 Coffeen St, Ranchester, WY 82839, USA",RANCHESTER,SHERIDAN,WYOMING,WY,44.9095925,-107.1607876,,,,,False,,False
Sheridan County Clerk,STORY WOMAN'S CLUB,"28 NORTH PINEY, STORY, WY 82842",,,,,8-1 - 8-1-0 (08-1),False,false,,,56033,"28 N Piney Rd, Story, WY 82832, USA",STORY,SHERIDAN,WYOMING,WY,44.5744706,-106.8924114,44.574578,-106.8923314,44.5743923,-106.8924789,False,,False
Sheridan County Clerk,THE ROCK CHURCH,"1100 BIG HORN AVE, SHERIDAN, WY 82801",,,,,3-4 - 3-4-0 (03-4),False,false,,,56033,"1100 Big Horn Ave, Sheridan, WY 82801, USA",SHERIDAN,SHERIDAN,WYOMING,WY,44.786398,-106.9582569,44.786536,-106.9580964,44.7862559,-106.9585253,False,,False
Sheridan County Clerk,TOURIST INFORMATION CENTER,"1517 E 5TH ST., SHERIDAN, WY 82801",,,,,"5-1 - 5-1-1 (05-1), 5-1 - 5-1-0 (05-1)",False,false,,,56033,"1517 E 5th St, Sheridan, WY 82801, USA",SHERIDAN,SHERIDAN,WYOMING,WY,44.8057846,-106.9351485,44.805976,-106.9350283,44.8056381,-106.9353797,False,,False
Sheridan County Clerk,WYARNO FIRE HALL,"665 WYARNO ROAD, SHERIDAN, WY 82845",,,,,16-1 - 16-1-0 (16-1),False,false,,,56033,"665 Wyarno Rd, Sheridan, WY 82801, USA",SHERIDAN,SHERIDAN,WYOMING,WY,44.8368169,-106.8300709,,,,,False,,False
Sublette County Clerk,BONDURANT ELEM SCH,"14224 U S HWY 189 & 191, BONDURANT, WY 82922",,,,,5-1 - 5-1-0 (5-1),False,false,,,56035,"Bondurant, WY, USA",BONDURANT,SUBLETTE,WYOMING,WY,43.2029911,-110.4087919,43.280178,-110.261416,43.0403589,-110.5230969,True,Unexpected address size change,False
Sublette County Clerk,BOULDER COMM CTR,"210 ADAMS AVENUE, BOULDER, WY 82923",,,,,1-4 - 1-4-0 (1-4),False,false,,,56035,"210 Adams Ave, Boulder, WY 82923, USA",BOULDER,SUBLETTE,WYOMING,WY,42.7479727,-109.7124308,42.7481514,-109.7122839,42.7478122,-109.7125689,False,,False
Sublette County Clerk,DANIEL SCHOOL HOUSE,"18 SCHOOL HOUSE LANE, DANIEL, WY 83115",,,,,"4-1 - 4-1-0 (4-1), 4-2 - 4-2-0 (4-2)",False,false,,,56035,"18 School House Ln, Daniel, WY 83115, USA",DANIEL,SUBLETTE,WYOMING,WY,42.8646474,-110.0756978,42.8647455,-110.0756143,42.8646083,-110.0758431,False,,False
Sublette County Clerk,MARBLETON SENIOR CENTER,"429 E SECOND STREET, MARBLETON, WY 83113",,,,,"2-1 - 2-1-0 (2-1), 2-2 - 2-2-0 (2-2)",False,false,,,56035,"2nd St, Marbleton, WY 83113, USA",MARBLETON,SUBLETTE,WYOMING,WY,42.5544706,-110.1091023,42.55451030000002,-110.1016095,42.55444889999998,-110.1154973,True,Unexpected address size change,False
Sublette County Clerk,WRANGLER GYM,"665 N TYLER AVENUE, PINEDALE, WY 82941",,,,,"1-1 - 1-1-0 (1-1), 1-3 - 1-3-0 (1-3)",False,false,,,56035,"665 N Tyler Ave, Pinedale, WY 82941, USA",PINEDALE,SUBLETTE,WYOMING,WY,42.8724777,-109.8601777,,,,,False,,False
Sweetwater County Clerk,BAIROIL TOWN HALL,"1101 ANTELOPE DR, BAIROIL, WY 82322",,,,,25-2 - 25-2-0 (25-2),False,false,,,56037,"1101 Antelope Dr, Bairoil, WY 82322, USA",BAIROIL,SWEETWATER,WYOMING,WY,42.2379336,-107.5618318,,,,,False,,False
Sweetwater County Clerk,BUNNING FREIGHT STATION,"603 SOUTH MAIN STREET, ROCK SPRINGS, WY 82901",,,,,"03-7 - 03-7-2 (03-7), 03-6 - 03-6-0 (03-6), 03-7 - 03-7-1 (03-7)",False,false,,,56037,"603 S Main St, Rock Springs, WY 82901, USA",ROCK SPRINGS,SWEETWATER,WYOMING,WY,41.5874252,-109.2187276,,,,,True,Unexpected address size change,False
Sweetwater County Clerk,FARSON COMMUNITY HALL,"4039 US 191, FARSON, WY 82932",,,,,20-2 - 20-2-1 (20-2),False,false,,,56037,"4039 US-191, Farson, WY 82932, USA",FARSON,SWEETWATER,WYOMING,WY,42.1077363,-109.4494947,42.1079435,-109.4491606,42.1075816,-109.4498204,False,,False
Sweetwater County Clerk,GR IMMACULATE CONCEPTION CATHOLIC CHURCH,"900 HITCHING POST DRIVE, GREEN RIVER, WY 82935",,,,,"10-9 - 10-9-0 (10-9), 10-10 - 10-10-0 (10-10)",False,false,,,56037,"900 Hitching Post Dr, Green River, WY 82935, USA",GREEN RIVER,SWEETWATER,WYOMING,WY,41.507761,-109.4631878,41.50806439999999,-109.4630471,41.5075601,-109.463352,False,,False
Sweetwater County Clerk,GR MANSFACE CHURCH,"350 MANSFACE DRIVE, GREEN RIVER, WY 82935",,,,,"10-12 - 10-12-0 (10-12), 10-13 - 10-13-0 (10-13)",False,false,,,56037,"350 Mansface St, Green River, WY 82935, USA",GREEN RIVER,SWEETWATER,WYOMING,WY,41.5167292,-109.4754356,41.5169314,-109.4752108,41.5165286,-109.4756896,False,,False
Sweetwater County Clerk,GR RECREATION CENTER,"1775 HITCHING POST, GREEN RIVER, WY 82935",,,,,10-11 - 10-11-0 (10-11),False,false,,,56037,"1775 Hitching Post Dr, Green River, WY 82935, USA",GREEN RIVER,SWEETWATER,WYOMING,WY,41.4988695,-109.4662555,41.4992626,-109.4655827,41.4984981,-109.4666587,False,,False
Sweetwater County Clerk,GR SWEETWATER COUNTY LIBRARY,"300 NORTH FIRST EAST, GREEN RIVER, WY 82935",,,,,10-8 - 10-8-0 (10-8),False,false,,,56037,"300 N 1st E St, Green River, WY 82935, USA",GREEN RIVER,SWEETWATER,WYOMING,WY,41.5299528,-109.4644892,41.5300219,-109.4643094,41.5296357,-109.4648121,False,,False
Sweetwater County Clerk,GRANGER TOWN HALL,"200 FIRST, GRANGER, WY 82934",,,,,"01-2 - 01-2-1 (01-2), 01-2 - 01-2-2 (01-2)",False,false,,,56037,"200 1st St, Granger, WY 82934, USA",GRANGER,SWEETWATER,WYOMING,WY,41.59363099999999,-109.9679687,41.5938189,-109.9676135,41.5933821,-109.9682404,False,,False
Sweetwater County Clerk,HEALTH AND HUMAN SERVICES BUILDING,"333 BROADWAY, ROCK SPRINGS, WY 82901",,,,,"04-7 - 04-7-1 (04-7), 04-7 - 04-7-2 (04-7), 04-6 - 04-6-2 (04-6), 04-7 - 04-7-5 (04-7), 04-7 - 04-7-4 (04-7), 04-1 - 04-1-0 (04-1), 04-7 - 04-7-3 (04-7), 04-6 - 04-6-1 (04-6)",False,false,,,56037,"333 Broadway St, Rock Springs, WY 82901, USA",ROCK SPRINGS,SWEETWATER,WYOMING,WY,41.5856509,-109.221035,41.58587259999999,-109.2207434,41.5855359,-109.2212868,False,,False
Sweetwater County Clerk,K-MOTIVE BUILDING JAMESTOWN,"249 WILSON ST, GREEN RIVER, WY 82935",,,,,"09-3 - 09-3-3 (09-3), 09-3 - 09-3-1 (09-3), 09-3 - 09-3-2 (09-3)",False,false,,,56037,"249 Wilson St, Green River, WY 82935, USA",GREEN RIVER,SWEETWATER,WYOMING,WY,41.5564954,-109.5206647,41.556538,-109.5205362,41.5564512,-109.520819,False,,False
Sweetwater County Clerk,MCKINNON SCHOOL BUILDING,"10 1/2 OLD HIGHWAY 414, MCKINNON, WY 82938",,,,,24-1 - 24-1-0 (24-1),False,false,,,56037,"1 Old Hwy 414 #10, McKinnon, WY 82938, USA",MCKINNON,SWEETWATER,WYOMING,WY,41.0278186,-109.9397771,,,,,False,,False
Sweetwater County Clerk,RELIANCE FIRE STATION,"1016 3RD STREET, RELIANCE, WY 82943",,,,,"12-2 - 12-2-2 (12-2), 12-2 - 12-2-1 (12-2)",False,false,,,56037,"1016 3rd St, Rock Springs, WY 82901, USA",ROCK SPRINGS,SWEETWATER,WYOMING,WY,41.6714932,-109.1954607,41.6716013,-109.1953781,41.6714101,-109.1955503,False,,False
Sweetwater County Clerk,RS 1ST CONGREGATION CHURCH,"1275 ADAMS AVENUE, ROCK SPRINGS, WY 82901",,,,,04-4 - 04-4-0 (04-4),False,false,,,56037,"1275 Adams Ave, Rock Springs, WY 82901, USA",ROCK SPRINGS,SWEETWATER,WYOMING,WY,41.5746189,-109.2078412,41.57477739999999,-109.2076451,41.5744727,-109.2080568,False,,False
Sweetwater County Clerk,RS CIVIC CENTER,"410 N STREET, ROCK SPRINGS, WY 82901",,,,,"21-1 - 21-1-3 (21-1), 03-4 - 03-4-0 (03-4), 06-1 - 06-1-0 (06-1), 21-1 - 21-1-1 (21-1)",False,false,,,56037,"410 N St, Rock Springs, WY 82901, USA",ROCK SPRINGS,SWEETWATER,WYOMING,WY,41.592991,-109.2183869,41.5931731,-109.2181042,41.59280469999999,-109.2186559,True,Invalid final address,False
Sweetwater County Clerk,RS COUNTY EVENTS COMPLEX,"3320 A YELLOWSTONE ROAD, ROCK SPRINGS, WY 82901",,,,,"07-4 - 07-4-2 (07-4), 07-3 - 07-3-2 (07-3), 06-5 - 06-5-0 (06-5), 07-3 - 07-3-1 (07-3), 07-4 - 07-4-1 (07-4)",False,false,,,56037,"3320 Yellowstone Rd, Rock Springs, WY 82901, USA",ROCK SPRINGS,SWEETWATER,WYOMING,WY,41.6379314,-109.2483994,41.6383034,-109.2479103,41.6376328,-109.2489078,False,,False
Sweetwater County Clerk,RS SCHOOL ADMINISTRATION BLDG,"3550 FOOTHILL BLVD, ROCK SPRINGS, WY 82901",,,,,05-8 - 05-8-0 (05-8),False,false,,,56037,"3550 Foothill Blvd, Rock Springs, WY 82901, USA",ROCK SPRINGS,SWEETWATER,WYOMING,WY,41.59001120000001,-109.2529525,41.5901901,-109.2526395,41.58976029999999,-109.2534061,False,,False
Sweetwater County Clerk,RS WESTERN WYOMING COLLEGE,"2500 COLLEGE DRIVE, ROCK SPRINGS, WY 82901",,,,,"05-7 - 05-7-0 (05-7), 05-6 - 05-6-0 (05-6), 06-3 - 06-3-0 (06-3)",False,false,,,56037,"Main Building, 2500 College Dr, Rock Springs, WY 82901, USA",ROCK SPRINGS,SWEETWATER,WYOMING,WY,41.5919918,-109.2376207,41.5927875,-109.2366153,41.5890655,-109.2386487,False,,False
Sweetwater County Clerk,RS WHITE MOUNTAIN LIBRARY,"2935 SWEETWATER DRIVE, ROCK SPRINGS, WY 82901",,,,,"05-9 - 05-9-2 (05-9), 04-5 - 04-5-0 (04-5), 05-10 - 05-10-0 (05-10), 05-9 - 05-9-1 (05-9)",False,false,,,56037,"2935 Sweetwater Dr, Rock Springs, WY 82901, USA",ROCK SPRINGS,SWEETWATER,WYOMING,WY,41.5859063,-109.2696787,41.586123,-109.269093,41.5856242,-109.269991,False,,False
Sweetwater County Clerk,SUPERIOR ADMINISTRATION BUILDING,"3 N. MAIN, SUPERIOR, WY 82945",,,,,"19-1 - 19-1-1 (19-1), 19-1 - 19-1-2 (19-1)",False,false,,,56037,"3 N Main St, Superior, WY 82945, USA",SUPERIOR,SWEETWATER,WYOMING,WY,41.76569060000001,-108.9686028,,,,,False,,False
Sweetwater County Clerk,WAMSUTTER TOWN  HALL,"231 MCCORMICK ST, WAMSUTTER, WY 82336",,,,,"23-2 - 23-2-1 (23-2), 23-2 - 23-2-2 (23-2)",False,false,,,56037,"231 McCormick St, Wamsutter, WY 82336, USA",WAMSUTTER,SWEETWATER,WYOMING,WY,41.6712709,-107.9867889,,,,,False,,False
Sweetwater County Clerk,WASHAM SLAGOWSKI RESIDENCE,"1120 WASHAM RD, WASHAM, WY 82938",,,,,13-2 - 13-2-0 (13-2),False,false,,,56037,"1120 Washam Rd, McKinnon, WY 82938, USA",MCKINNON,SWEETWATER,WYOMING,WY,41.00649910000001,-109.6834373,41.0065753,-109.6833709,41.0064275,-109.6835424,False,,False
Teton County Clerk,ALTA LIBRARY,"50 ALTA SCHOOL RD, ALTA, WY 83014",,,,,Locality wide location,False,false,,,56039,"50 Alta School Rd, Alta, WY 83414, USA",ALTA,TETON,WYOMING,WY,43.7549886,-111.0361202,43.755081,-111.0359215,43.7549347,-111.0362406,False,,False
Teton County Clerk,PARKS AND RECREATION CENTER,"155 E GILL AVE, JACKSON, WY 83001",,,,,Locality wide location,False,false,,,56039,"155 E Gill Ave, Jackson, WY 83001, USA",JACKSON,TETON,WYOMING,WY,43.4825804,-110.7593742,43.48289,-110.7589347,43.4822699,-110.7598825,False,,False
Teton County Clerk,TETON COUNTY LIBRARY,"125 VIRGINIAN LN, JACKSON, WY 83001",,,,,Locality wide location,False,false,,,56039,"125 Virginian Ln, Jackson, WY 83001, USA",JACKSON,TETON,WYOMING,WY,43.471553,-110.7796261,43.4718486,-110.7793413,43.4711576,-110.7802578,False,,False
Teton County Clerk,WEED AND PEST,"7575 US HWY 89, JACKSON, WY 83001",,,,,Locality wide location,False,false,,,56039,"7575 US-89, Jackson, WY 83001, USA",JACKSON,TETON,WYOMING,WY,43.3722631,-110.7432914,43.3724441,-110.74308,43.3720663,-110.7434284,False,,False
Teton County Clerk,WILSON COMMUNITY CENTER,"5655 MAIN ST, WILSON, WY 83014",,,,,Locality wide location,False,false,,,56039,"5655 Main St, Wilson, WY 83014, USA",WILSON,TETON,WYOMING,WY,43.5009536,-110.875146,43.5010695,-110.8750837,43.5008364,-110.8753221,False,,False
Uinta County Clerk,BEAR RIVER TOWN HALL,"81 ELK DRIVE , BEAR RIVER, WY 82930",,,,,2-2 Bear River - 220 (2-2),False,false,,,56041,"81 Elk Dr, Bear River, WY 82930, USA",BEAR RIVER,UINTA,WYOMING,WY,41.37983,-111.0345374,41.37988319999999,-111.0343829,41.3797065,-111.0347393,False,,False
Uinta County Clerk,LYMAN TOWN HALL,"100 E SAGE, LYMAN, WY 82937",,,,,"3-1 Town of Lyman - 310 (3-1), 3-2 Lyman Rural - 320 (3-2)",False,false,,,56041,"100 E Sage St, Lyman, WY 82937, USA",LYMAN,UINTA,WYOMING,WY,41.3261285,-110.2920646,41.3263126,-110.2917747,41.3258301,-110.2926823,False,,False
Uinta County Clerk,MNTN VIEW SENIOR CENTER,"330 WEST 2ND STREET, MOUNTAIN VIEW, WY 82939",,,,,"4-1 Bridger Valley Rural - 410 (4-1), 4-2 Mountain View Town - 420 (4-2)",False,false,,,56041,"330 W 2nd St, Mountain View, WY 82939, USA",MOUNTAIN VIEW,UINTA,WYOMING,WY,41.2706664,-110.3420482,,,,,True,Unexpected address size change,False
Uinta County Clerk,ROUNDHOUSE,"1500 MAIN STREET, EVANSTON, WY 82930",,,,,"1-3 North Evanston - 132 (1-3), 1-3 North Evanston - 130 (1-3), 1-4 Central Evanston - 140 (1-4), 2-1 Hilliard - 210 (2-1), 2-1 Hilliard - 211 (2-1), 2-1 Hilliard - 212 (2-1), 1-3 North Evanston - 131 (1-3)",False,false,,,56041,"1500 Main St, Evanston, WY 82930, USA",EVANSTON,UINTA,WYOMING,WY,41.2716477,-110.9706947,,,,,False,,False
Uinta County Clerk,THE MACHINE SHOP,"1440 MAIN ST, EVANSTON, WY 82930",,,,,"1-2 South Evanston - 121 (1-2), 1-1 West Evanston - 110 (1-1), 1-2 South Evanston - 120 (1-2)",False,false,,,56041,"1440 Main St, Evanston, WY 82930, USA",EVANSTON,UINTA,WYOMING,WY,41.271235,-110.9699445,,,,,False,,False
Washakie County Clerk,COMMUNITY CENTER COMPLEX,"1200 CULBERTSON AVE, WORLAND, WY 82401",,,,,"5-5 FAIRGROUNDS - 05-05-50 (5-5), 5-5 FAIRGROUNDS - 05-05-70CW (5-5), 5-5 FAIRGROUNDS - 05-05-75 (5-5), 5-1 METHODIST RER - 05-01-0 (5-1), 5-2 HIGH SCHOOL - 05-02-0 (5-2), 5-3 COMMUNITY CENTER - 05-03-0 (5-3), 5-5 FAIRGROUNDS - 05-05-0 (5-5)",False,false,,,56043,"1200 Culbertson Ave, Worland, WY 82401, USA",WORLAND,WASHAKIE,WYOMING,WY,44.0145868,-107.9518474,,,,,False,,False
Washakie County Clerk,TEN SLEEP SENIOR CENTER,"204 SECOND STREET, TEN SLEEP, WY 82442",,,,,"3-1 TEN SLEEP - 03-01-01 (3-1), 3-1 TEN SLEEP - 03-01-00 (3-1)",False,false,,,56043,"204 2nd St, Ten Sleep, WY 82442, USA",TEN SLEEP,WASHAKIE,WYOMING,WY,44.0338401,-107.4494591,,,,,True,Unexpected address size change,False
Weston County Clerk,OSAGE FIRE HALL,"551 METZ, OSAGE, WY 82723",,,,,2-1 - 2-1-0 (2-1),False,false,,,56045,"551 Metz St, Osage, WY 82723, USA",OSAGE,WESTON,WYOMING,WY,43.9814104,-104.4258443,43.9817951,-104.4252748,43.9812113,-104.4260087,False,,False
Weston County Clerk,UPTON COMMUNITY CNTR,"916 ASH ST, UPTON, WY 82730",,,,,"3-1 - 3-1-0 (3-1), 4-1 - 4-1-0 (4-1)",False,false,,,56045,"916 Ash St, Upton, WY 82730, USA",UPTON,WESTON,WYOMING,WY,44.1038436,-104.627832,,,,,False,,False
Weston County Clerk,WESTON COUNTY EVENTS CENTER,"24 FAIRGROUNDS ROAD, NEWCASTLE, WY 82701",,,,,"1-1 - 1-1-0 (1-1), 1-2 - 1-2-0 (1-2), 5-1 - 5-1-0 (5-1), 5-2 - 5-2-0 (5-2), 5-3 - 5-3-0 (5-3)",False,false,,,56045,"24 Fairgrounds Rd, Newcastle, WY 82701, USA",NEWCASTLE,WESTON,WYOMING,WY,43.8439973,-104.2173468,,,,,False,,False
