Locality,Location Name,Address Full,Address Line,Address City,Address State,Address Zip,Precincts (Or Locality-wide),Is Drop Off,Is Early Voting,Schedules,Precinct FIPS,Locality FIPS,Google Address,City,County,State Long,State,Latitude,Longitude,NE Latitude,NE Longitude,SW Latitude,SW Longitude,Review Required,Problem,Duplicate
arkansas,Ev Courthouse Annex Stuttgart,312 S College St Stuttgart AR 72160,312 S College St,Stuttgart,AR,72160,Locality wide location,false,true,"From: 2022-10-24, To: 2022-10-28, Times: 08:00:00 - 18:00:00; From: 2022-10-29, To: 2022-10-29, Times: 10:00:00 - 16:00:00; From: 2022-10-31, To: 2022-11-04, Times: 08:00:00 - 18:00:00; From: 2022-11-05, To: 2022-11-05, Times: 10:00:00 - 16:00:00; From: 2022-11-07, To: 2022-11-07, Times: 08:00:00 - 17:00:00",0567490,05001,"312 S College St, Stuttgart, AR 72160, USA",STUTTGART,ARKANSAS,ARKANSAS,AR,34.49945,-91.5516244,34.4995092,-91.55152489999999,34.4993243,-91.5518613,False,,False
arkansas,Ev Courthouse Dewitt,101 Court Square Dewitt AR 72042,101 Court Square,Dewitt,AR,72042,Locality wide location,false,true,"From: 2022-10-24, To: 2022-10-28, Times: 08:00:00 - 18:00:00; From: 2022-10-29, To: 2022-10-29, Times: 10:00:00 - 16:00:00; From: 2022-10-31, To: 2022-11-04, Times: 08:00:00 - 18:00:00; From: 2022-11-05, To: 2022-11-05, Times: 10:00:00 - 16:00:00; From: 2022-11-07, To: 2022-11-07, Times: 08:00:00 - 17:00:00",0518790,05001,"101 Court Square, DeWitt, AR 72042, USA",DEWITT,ARKANSAS,ARKANSAS,AR,34.295249,-91.335098,34.2954888,-91.3349026,34.2951333,-91.335199,False,,False
ashley,EV 2 Ashley County Courthouse,205 E Jefferson St Hamburg AR 71646,205 E Jefferson St,Hamburg,AR,71646,Locality wide location,false,true,"From: 2022-10-24, To: 2022-10-28, Times: 08:00:00 - 18:00:00; From: 2022-10-29, To: 2022-10-29, Times: 10:00:00 - 16:00:00; From: 2022-10-31, To: 2022-11-04, Times: 08:00:00 - 18:00:00; From: 2022-11-05, To: 2022-11-05, Times: 10:00:00 - 16:00:00; From: 2022-11-07, To: 2022-11-07, Times: 08:00:00 - 17:00:00",0529500,05003,"205 E Jefferson St, Hamburg, AR 71646, USA",HAMBURG,ASHLEY,ARKANSAS,AR,33.2275489,-91.7956569,33.2276763,-91.795542,33.2272879,-91.7964113,False,,False
ashley,Ev 1 Cossett Community Center,105 W 2nd Ave Crossett AR 71635,105 W 2nd Ave,Crossett,AR,71635,Locality wide location,false,true,"From: 2022-10-24, To: 2022-10-28, Times: 08:00:00 - 18:00:00; From: 2022-10-29, To: 2022-10-29, Times: 10:00:00 - 16:00:00; From: 2022-10-31, To: 2022-11-04, Times: 08:00:00 - 18:00:00; From: 2022-11-05, To: 2022-11-05, Times: 10:00:00 - 16:00:00; From: 2022-11-07, To: 2022-11-07, Times: 08:00:00 - 17:00:00",0516240,05003,"105 W 2nd Ave, Crossett, AR 71635, USA",CROSSETT,ASHLEY,ARKANSAS,AR,33.1335132,-91.96258329999999,33.13364200000001,-91.96230949999999,33.1333584,-91.96284159999999,False,,False
baxter,Ev - Baxter County Courthouse,1 E 7th St Mountain Home AR 72653,1 E 7th St,Mountain Home,AR,72653,Locality wide location,false,true,"From: 2022-10-24, To: 2022-10-28, Times: 08:00:00 - 18:00:00; From: 2022-10-29, To: 2022-10-29, Times: 10:00:00 - 16:00:00; From: 2022-10-31, To: 2022-11-04, Times: 08:00:00 - 18:00:00; From: 2022-11-05, To: 2022-11-05, Times: 10:00:00 - 16:00:00; From: 2022-11-07, To: 2022-11-07, Times: 08:00:00 - 17:00:00",,05005,"1 E 7th St, Mountain Home, AR 72653, USA",MOUNTAIN HOME,BAXTER,ARKANSAS,AR,36.3350672,-92.3848952,,,,,False,,False
baxter,Ev - Baxter County Fairgrounds,1507 Fairgrounds Dr Mountain Home AR 72653,1507 Fairgrounds Dr,Mountain Home,AR,72653,Locality wide location,false,true,"From: 2022-10-24, To: 2022-10-28, Times: 08:00:00 - 18:00:00; From: 2022-10-29, To: 2022-10-29, Times: 10:00:00 - 16:00:00; From: 2022-10-31, To: 2022-11-04, Times: 08:00:00 - 18:00:00; From: 2022-11-05, To: 2022-11-05, Times: 10:00:00 - 16:00:00; From: 2022-11-07, To: 2022-11-07, Times: 08:00:00 - 17:00:00",,05005,"1507 Fairgrounds Dr, Mountain Home, AR 72653, USA",MOUNTAIN HOME,BAXTER,ARKANSAS,AR,36.3233722,-92.3843318,36.323578,-92.3840288,36.3231215,-92.384565,False,,False
baxter,Ev- Baxter Co. Election Commission Hq,213 E 5th St Mountain Home AR 72653,213 E 5th St,Mountain Home,AR,72653,Locality wide location,false,true,"From: 2022-10-24, To: 2022-10-28, Times: 08:00:00 - 18:00:00; From: 2022-10-29, To: 2022-10-29, Times: 10:00:00 - 16:00:00; From: 2022-10-31, To: 2022-11-04, Times: 08:00:00 - 18:00:00; From: 2022-11-05, To: 2022-11-05, Times: 10:00:00 - 16:00:00; From: 2022-11-07, To: 2022-11-07, Times: 08:00:00 - 17:00:00",,05005,"213 E 5th St, Mountain Home, AR 72653, USA",MOUNTAIN HOME,BAXTER,ARKANSAS,AR,36.3362603,-92.3830205,36.3363473,-92.3829097,36.3361756,-92.383146,False,,False
benton,EV-1 Bentonville - Benton County Admin,215 E Central Ave Bentonville AR 72712,215 E Central Ave,Bentonville,AR,72712,Locality wide location,false,true,"From: 2022-10-24, To: 2022-10-28, Times: 08:00:00 - 18:00:00; From: 2022-10-29, To: 2022-10-29, Times: 10:00:00 - 16:00:00; From: 2022-10-31, To: 2022-11-04, Times: 08:00:00 - 18:00:00; From: 2022-11-05, To: 2022-11-05, Times: 10:00:00 - 16:00:00; From: 2022-11-07, To: 2022-11-07, Times: 08:00:00 - 17:00:00",0505320,05007,"215 E Central Ave, Bentonville, AR 72712, USA",BENTONVILLE,BENTON,ARKANSAS,AR,36.3726402,-94.20627239999999,36.37284390000001,-94.20615199999999,36.3724249,-94.20643729999999,False,,False
benton,EV-10 Grace Lutheran Church,415 N 6th Pl Lowell AR 72745,415 N 6th Pl,Lowell,AR,72745,Locality wide location,false,true,"From: 2022-10-24, To: 2022-10-28, Times: 08:00:00 - 17:00:00; From: 2022-10-31, To: 2022-11-04, Times: 08:00:00 - 17:00:00",0541720,05007,"415 N 6th Pl, Lowell, AR 72745, USA",LOWELL,BENTON,ARKANSAS,AR,36.26111270000001,-94.14869730000001,36.261304,-94.1483624,36.260814,-94.1490099,False,,False
benton,EV-11 New Life Christian Church,103 Riordan Rd Bella Vista AR 72714,103 Riordan Rd,Bella Vista,AR,72714,Locality wide location,false,true,"From: 2022-10-24, To: 2022-10-28, Times: 08:00:00 - 17:00:00; From: 2022-11-01, To: 2022-11-04, Times: 08:00:00 - 17:00:00",0504840,05007,"103 Riordan Rd, Bella Vista, AR 72715, USA",BELLA VISTA,BENTON,ARKANSAS,AR,36.4517703,-94.25200219999999,36.4520087,-94.25172189999999,36.4514477,-94.25235839999999,False,,False
benton,EV-12 Gravette Civic Center,401 Charlotte St SE Gravette AR 72736,401 Charlotte St SE,Gravette,AR,72736,Locality wide location,false,true,"From: 2022-10-24, To: 2022-10-28, Times: 09:00:00 - 18:00:00; From: 2022-10-31, To: 2022-11-04, Times: 09:00:00 - 18:00:00",0528360,05007,"401 Charlotte St SE, Gravette, AR 72736, USA",GRAVETTE,BENTON,ARKANSAS,AR,36.4192684,-94.4496465,36.4193916,-94.4495166,36.41913700000001,-94.44979819999999,False,,False
benton,EV-13 Nebco Community Bldg,17823 Marshall St Garfield AR 72732,17823 Marshall St,Garfield,AR,72732,Locality wide location,false,true,"From: 2022-10-24, To: 2022-10-28, Times: 09:00:00 - 18:00:00; From: 2022-10-31, To: 2022-11-04, Times: 09:00:00 - 18:00:00",0525750,05007,"17823 Marshall St, Garfield, AR 72732, USA",GARFIELD,BENTON,ARKANSAS,AR,36.4445526,-93.98264689999999,,,,,False,,False
benton,EV-2 Rogers - Benton County Clerk,2111 W Walnut St Rogers AR 72756,2111 W Walnut St,Rogers,AR,72756,Locality wide location,false,true,"From: 2022-10-24, To: 2022-10-28, Times: 08:00:00 - 18:00:00; From: 2022-10-29, To: 2022-10-29, Times: 10:00:00 - 16:00:00; From: 2022-10-31, To: 2022-11-04, Times: 08:00:00 - 18:00:00; From: 2022-11-05, To: 2022-11-05, Times: 10:00:00 - 16:00:00; From: 2022-11-07, To: 2022-11-07, Times: 08:00:00 - 17:00:00",0560410,05007,"2111 W Walnut St, Rogers, AR 72756, USA",ROGERS,BENTON,ARKANSAS,AR,36.3359803,-94.1475868,,,,,False,,False
benton,EV-3 Siloam Spgs - Benton County Clerk's Office,707 S Lincoln St Siloam Springs AR 72761,707 S Lincoln St,Siloam Springs,AR,72761,Locality wide location,false,true,"From: 2022-10-24, To: 2022-10-28, Times: 08:00:00 - 18:00:00; From: 2022-10-29, To: 2022-10-29, Times: 10:00:00 - 16:00:00; From: 2022-10-31, To: 2022-11-04, Times: 08:00:00 - 18:00:00; From: 2022-11-05, To: 2022-11-05, Times: 10:00:00 - 16:00:00; From: 2022-11-07, To: 2022-11-07, Times: 08:00:00 - 17:00:00",0564370,05007,"707 S Lincoln St, Siloam Springs, AR 72761, USA",SILOAM SPRINGS,BENTON,ARKANSAS,AR,36.1793126,-94.52687150000001,36.1794726,-94.5268126,36.1791646,-94.5270164,False,,False
benton,EV-4 Benton County Election Commission,2109 W Walnut St Rogers AR 72756,2109 W Walnut St,Rogers,AR,72756,Locality wide location,false,true,"From: 2022-10-24, To: 2022-10-28, Times: 08:00:00 - 18:00:00; From: 2022-10-29, To: 2022-10-29, Times: 10:00:00 - 16:00:00; From: 2022-10-31, To: 2022-11-04, Times: 08:00:00 - 18:00:00; From: 2022-11-05, To: 2022-11-05, Times: 10:00:00 - 16:00:00; From: 2022-11-07, To: 2022-11-07, Times: 08:00:00 - 17:00:00",0560410,05007,"2109 W Walnut St, Rogers, AR 72756, USA",ROGERS,BENTON,ARKANSAS,AR,36.33455,-94.14841400000002,,,,,False,,False
benton,EV-5 First Landmark Baptist Church,206 SE 28th St Bentonville AR 72712,206 SE 28th St,Bentonville,AR,72712,Locality wide location,false,true,"From: 2022-10-24, To: 2022-10-28, Times: 08:00:00 - 18:00:00; From: 2022-10-31, To: 2022-11-04, Times: 08:00:00 - 18:00:00; From: 2022-11-07, To: 2022-11-07, Times: 08:00:00 - 17:00:00",0505320,05007,"206 SE 28th St, Bentonville, AR 72712, USA",BENTONVILLE,BENTON,ARKANSAS,AR,36.3418432,-94.2073728,,,,,False,,False
benton,EV-6 Centerton Community Building,290 Main St Centerton AR 72719,290 Main St,Centerton,AR,72719,Locality wide location,false,true,"From: 2022-10-24, To: 2022-10-28, Times: 08:00:00 - 18:00:00; From: 2022-10-31, To: 2022-11-04, Times: 08:00:00 - 18:00:00; From: 2022-11-07, To: 2022-11-07, Times: 08:00:00 - 17:00:00",0512820,05007,"290 Main St, Centerton, AR 72719, USA",CENTERTON,BENTON,ARKANSAS,AR,36.3605692,-94.28450439999999,36.3606759,-94.2842814,36.3604972,-94.2846747,False,,False
benton,EV-7 Rogers Convention Center,3303 S Pinnacle Hills Pkwy Rogers AR 72758,3303 S Pinnacle Hills Pkwy,Rogers,AR,72758,Locality wide location,false,true,"From: 2022-10-24, To: 2022-10-28, Times: 08:00:00 - 18:00:00; From: 2022-10-31, To: 2022-11-04, Times: 08:00:00 - 18:00:00; From: 2022-11-07, To: 2022-11-07, Times: 08:00:00 - 17:00:00",0560410,05007,"3303 S Pinnacle Hills Pkwy, Rogers, AR 72758, USA",ROGERS,BENTON,ARKANSAS,AR,36.3067182,-94.1857773,36.3076081,-94.18478750000001,36.3053725,-94.186703,False,,False
benton,EV-8 Sunnyside,210 E Locust St Rogers AR 72756,210 E Locust St,Rogers,AR,72756,Locality wide location,false,true,"From: 2022-10-24, To: 2022-10-28, Times: 08:00:00 - 18:00:00; From: 2022-10-31, To: 2022-11-04, Times: 08:00:00 - 18:00:00; From: 2022-11-07, To: 2022-11-07, Times: 08:00:00 - 17:00:00",0560410,05007,"210 E Locust St, Rogers, AR 72756, USA",ROGERS,BENTON,ARKANSAS,AR,36.3377537,-94.11361529999999,36.3379336,-94.1134429,36.33757,-94.1137073,False,,False
benton,EV-9 Siloam Springs Community Bldg,110 N Mt Olive St Siloam Springs AR 72761,110 N Mt Olive St,Siloam Springs,AR,72761,Locality wide location,false,true,"From: 2022-10-24, To: 2022-10-28, Times: 08:00:00 - 18:00:00; From: 2022-10-31, To: 2022-11-04, Times: 08:00:00 - 17:00:00; From: 2022-11-07, To: 2022-11-07, Times: 08:00:00 - 17:00:00",0564370,05007,"110 N Mt Olive St, Siloam Springs, AR 72761, USA",SILOAM SPRINGS,BENTON,ARKANSAS,AR,36.18543409999999,-94.54185439999999,36.1855207,-94.54168550000001,36.1853608,-94.5420199,False,,False
boone,Ev - Boone Co. Election Center Early Vote,414 W Central Ave Harrison AR 72601,414 W Central Ave,Harrison,AR,72601,Locality wide location,false,true,"From: 2022-10-24, To: 2022-10-28, Times: 08:00:00 - 18:00:00; From: 2022-10-29, To: 2022-10-29, Times: 10:00:00 - 16:00:00; From: 2022-10-31, To: 2022-11-04, Times: 08:00:00 - 18:00:00; From: 2022-11-05, To: 2022-11-05, Times: 10:00:00 - 16:00:00; From: 2022-11-07, To: 2022-11-07, Times: 08:00:00 - 17:00:00",0530460,05009,"414 W Central Ave, Harrison, AR 72601, USA",HARRISON,BOONE,ARKANSAS,AR,36.2281495,-93.11184039999999,36.228383,-93.11172739999999,36.2279664,-93.1119657,False,,False
bradley,EV-Bradley County Courthouse,101 E Cedar St Warren AR 71671,101 E Cedar St,Warren,AR,71671,Locality wide location,false,true,"From: 2022-10-24, To: 2022-10-28, Times: 08:00:00 - 18:00:00; From: 2022-10-29, To: 2022-10-29, Times: 10:00:00 - 16:00:00; From: 2022-10-31, To: 2022-11-04, Times: 08:00:00 - 18:00:00; From: 2022-11-05, To: 2022-11-05, Times: 10:00:00 - 16:00:00; From: 2022-11-07, To: 2022-11-07, Times: 08:00:00 - 17:00:00",0573310,05011,"101 E Cedar St, Warren, AR 71671, USA",WARREN,BRADLEY,ARKANSAS,AR,33.6148616,-92.0636857,33.6150523,-92.06356129999999,33.6147563,-92.0639254,False,,False
calhoun,Harrell Family Community Center,316 W Main St Hampton AR 71744,316 W Main St,Hampton,AR,71744,Locality wide location,false,true,"From: 2022-10-24, To: 2022-10-28, Times: 08:00:00 - 18:00:00; From: 2022-10-29, To: 2022-10-29, Times: 10:00:00 - 16:00:00; From: 2022-10-31, To: 2022-11-04, Times: 08:00:00 - 18:00:00; From: 2022-11-05, To: 2022-11-05, Times: 10:00:00 - 16:00:00; From: 2022-11-07, To: 2022-11-07, Times: 08:00:00 - 17:00:00",0529650,05013,"316 W Main St, Hampton, AR 71744, USA",HAMPTON,CALHOUN,ARKANSAS,AR,33.5384919,-92.4742746,,,,,False,,False
carroll,EV-1 Eastern District Early Vote Center,518 Co Rd 308 Berryville AR 72616,518 Co Rd 308,Berryville,AR,72616,Locality wide location,false,true,"From: 2022-10-24, To: 2022-10-28, Times: 08:00:00 - 18:00:00; From: 2022-10-29, To: 2022-10-29, Times: 10:00:00 - 16:00:00; From: 2022-10-31, To: 2022-11-04, Times: 08:00:00 - 18:00:00; From: 2022-11-05, To: 2022-11-05, Times: 10:00:00 - 16:00:00; From: 2022-11-07, To: 2022-11-07, Times: 08:00:00 - 17:00:00",0505560,05015,"518 Co Rd 308, Berryville, AR 72616, USA",BERRYVILLE,CARROLL,ARKANSAS,AR,36.3824044,-93.61960040000001,,,,,False,,False
carroll,EV-2 Western District Early Vote Center,232 Passion Play Rd Eureka Springs AR 72632,232 Passion Play Rd,Eureka Springs,AR,72632,Locality wide location,false,true,"From: 2022-10-24, To: 2022-10-28, Times: 08:00:00 - 18:00:00; From: 2022-10-29, To: 2022-10-29, Times: 10:00:00 - 16:00:00; From: 2022-10-31, To: 2022-11-04, Times: 08:00:00 - 18:00:00; From: 2022-11-05, To: 2022-11-05, Times: 10:00:00 - 16:00:00; From: 2022-11-07, To: 2022-11-07, Times: 08:00:00 - 17:00:00",0522240,05015,"232 Passion Play Rd, Eureka Springs, AR 72632, USA",EUREKA SPRINGS,CARROLL,ARKANSAS,AR,36.3971752,-93.7116616,36.3974802,-93.7115056,36.3970092,-93.7118835,False,,False
chicot,County Courthouse,108 Main St Lake Village AR 71653,108 Main St,Lake Village,AR,71653,Locality wide location,false,true,"From: 2022-10-24, To: 2022-10-28, Times: 08:00:00 - 18:00:00; From: 2022-10-29, To: 2022-10-29, Times: 10:00:00 - 16:00:00; From: 2022-10-31, To: 2022-11-04, Times: 08:00:00 - 18:00:00; From: 2022-11-05, To: 2022-11-05, Times: 10:00:00 - 16:00:00; From: 2022-11-07, To: 2022-11-07, Times: 08:00:00 - 17:00:00",,05017,"Lake Village, AR 71653, USA",LAKE VILLAGE,CHICOT,ARKANSAS,AR,33.3314055,-91.2840738,33.3670863,-91.26213609999999,33.3007306,-91.31530029999999,True,Unexpected address size change,False
clark,E V Arkadelphia Recreation Center,2555 Twin Rivers Dr Arkadelphia AR 71923,2555 Twin Rivers Dr,Arkadelphia,AR,71923,Locality wide location,false,true,"From: 2022-10-24, To: 2022-10-28, Times: 08:00:00 - 18:00:00; From: 2022-10-29, To: 2022-10-29, Times: 10:00:00 - 16:00:00; From: 2022-10-31, To: 2022-11-04, Times: 08:00:00 - 18:00:00; From: 2022-11-05, To: 2022-11-05, Times: 10:00:00 - 16:00:00; From: 2022-11-07, To: 2022-11-07, Times: 08:00:00 - 17:00:00",0501870,05019,"2555 Twin Rivers Dr, Arkadelphia, AR 71923, USA",ARKADELPHIA,CLARK,ARKANSAS,AR,34.126879,-93.0783591,,,,,False,,False
clay,Corning Community Center Early Voting Location,536 E Elm St Corning AR 72422,536 E Elm St,Corning,AR,72422,Locality wide location,false,true,"From: 2022-10-24, To: 2022-10-28, Times: 08:00:00 - 18:00:00; From: 2022-10-29, To: 2022-10-29, Times: 10:00:00 - 16:00:00; From: 2022-10-31, To: 2022-11-04, Times: 08:00:00 - 18:00:00; From: 2022-11-05, To: 2022-11-05, Times: 10:00:00 - 16:00:00; From: 2022-11-07, To: 2022-11-07, Times: 08:00:00 - 17:00:00",0515460,05021,"536 E Elm St, Corning, AR 72422, USA",CORNING,CLAY,ARKANSAS,AR,36.4067959,-90.5743097,36.4068692,-90.5741817,36.4067541,-90.5744643,False,,False
clay,Piggott Community Center Early Voting Location,161 E Pfeiffer St Piggott AR 72454,161 E Pfeiffer St,Piggott,AR,72454,Locality wide location,false,true,"From: 2022-10-24, To: 2022-10-28, Times: 08:00:00 - 18:00:00; From: 2022-10-29, To: 2022-10-29, Times: 10:00:00 - 16:00:00; From: 2022-10-31, To: 2022-11-04, Times: 08:00:00 - 18:00:00; From: 2022-11-05, To: 2022-11-05, Times: 10:00:00 - 16:00:00; From: 2022-11-07, To: 2022-11-07, Times: 08:00:00 - 17:00:00",0555130,05021,"161 E Pfeiffer St, Piggott, AR 72454, USA",PIGGOTT,CLAY,ARKANSAS,AR,36.3752997,-90.1915769,36.37552970000001,-90.1913407,36.3750039,-90.1918091,False,,False
cleburne,000-County Courthouse,301 W Main St Heber Springs AR 72543,301 W Main St,Heber Springs,AR,72543,Locality wide location,false,true,"From: 2022-10-24, To: 2022-10-28, Times: 08:00:00 - 18:00:00; From: 2022-10-29, To: 2022-10-29, Times: 10:00:00 - 16:00:00; From: 2022-10-31, To: 2022-11-04, Times: 08:00:00 - 18:00:00; From: 2022-11-05, To: 2022-11-05, Times: 10:00:00 - 16:00:00; From: 2022-11-07, To: 2022-11-07, Times: 08:00:00 - 17:00:00",0531090,05023,"301 W Main St, Heber Springs, AR 72543, USA",HEBER SPRINGS,CLEBURNE,ARKANSAS,AR,35.4910598,-92.0321024,35.4911942,-92.03194309999999,35.4909772,-92.0322692,False,,False
cleveland,EV Veterans Bldg.,404 Sycamore St Rison AR 71665,404 Sycamore St,Rison,AR,71665,Locality wide location,false,true,"From: 2022-10-24, To: 2022-10-28, Times: 08:00:00 - 18:00:00; From: 2022-10-29, To: 2022-10-29, Times: 10:00:00 - 16:00:00; From: 2022-10-31, To: 2022-11-04, Times: 08:00:00 - 18:00:00; From: 2022-11-05, To: 2022-11-05, Times: 10:00:00 - 16:00:00; From: 2022-11-07, To: 2022-11-07, Times: 08:00:00 - 17:00:00",,05025,"404 Sycamore St, Rison, AR 71665, USA",RISON,CLEVELAND,ARKANSAS,AR,33.9586322,-92.188591,33.9587356,-92.18847079999999,33.9584809,-92.1887543,False,,False
columbia,EV-County Annex Building,101 Boundary St Magnolia AR 71753,101 Boundary St,Magnolia,AR,71753,Locality wide location,false,true,"From: 2022-10-24, To: 2022-10-28, Times: 08:00:00 - 18:00:00; From: 2022-10-29, To: 2022-10-29, Times: 10:00:00 - 16:00:00; From: 2022-10-31, To: 2022-11-04, Times: 08:00:00 - 18:00:00; From: 2022-11-05, To: 2022-11-05, Times: 10:00:00 - 16:00:00; From: 2022-11-07, To: 2022-11-07, Times: 08:00:00 - 17:00:00",0543460,05027,"101 Boundary St, Magnolia, AR 71753, USA",MAGNOLIA,COLUMBIA,ARKANSAS,AR,33.26695309999999,-93.2550677,33.2670219,-93.25500579999999,33.2668844,-93.25512979999999,False,,False
conway,"Ev-Multipurpose Building On Fairgrounds, Morrilton",901 E Elm St Morrilton AR 72110,901 E Elm St,Morrilton,AR,72110,Locality wide location,false,true,"From: 2022-10-24, To: 2022-10-28, Times: 08:00:00 - 18:00:00; From: 2022-10-29, To: 2022-10-29, Times: 10:00:00 - 16:00:00; From: 2022-10-31, To: 2022-11-04, Times: 08:00:00 - 18:00:00; From: 2022-11-05, To: 2022-11-05, Times: 10:00:00 - 16:00:00; From: 2022-11-07, To: 2022-11-07, Times: 08:00:00 - 17:00:00",0546970,05029,"901 E Elm St, Morrilton, AR 72110, USA",MORRILTON,CONWAY,ARKANSAS,AR,35.1537493,-92.7350915,35.1538331,-92.7349151,35.1536649,-92.7352692,False,,False
craighead,EV Craighead County Election Annex,315 W Jefferson Ave Jonesboro AR 72401,315 W Jefferson Ave,Jonesboro,AR,72401,Locality wide location,false,true,"From: 2022-10-24, To: 2022-10-28, Times: 08:00:00 - 18:00:00; From: 2022-10-29, To: 2022-10-29, Times: 10:00:00 - 16:00:00; From: 2022-10-31, To: 2022-11-04, Times: 08:00:00 - 18:00:00; From: 2022-11-05, To: 2022-11-05, Times: 10:00:00 - 16:00:00; From: 2022-11-07, To: 2022-11-07, Times: 08:00:00 - 17:00:00",0535710,05031,"315 W Jefferson Ave, Jonesboro, AR 72401, USA",JONESBORO,CRAIGHEAD,ARKANSAS,AR,35.8367452,-90.7075279,,,,,False,,False
craighead,EV Lake City Courthouse/eastern Annex,113 Cobean Blvd Lake City AR 72437,113 Cobean Blvd,Lake City,AR,72437,Locality wide location,false,true,"From: 2022-10-24, To: 2022-10-28, Times: 08:00:00 - 18:00:00; From: 2022-10-29, To: 2022-10-29, Times: 10:00:00 - 16:00:00; From: 2022-10-31, To: 2022-11-04, Times: 08:00:00 - 18:00:00; From: 2022-11-05, To: 2022-11-05, Times: 10:00:00 - 16:00:00; From: 2022-11-07, To: 2022-11-07, Times: 08:00:00 - 17:00:00",,05031,"113 Cobean Blvd, Lake City, AR 72437, USA",LAKE CITY,CRAIGHEAD,ARKANSAS,AR,35.8199553,-90.44450669999999,35.8199877,-90.4444034,35.8199187,-90.4446426,False,,False
crawford,EV-Alma Community Center,114 Collum Ln E Alma AR 72921,114 Collum Ln E,Alma,AR,72921,Locality wide location,false,true,"From: 2022-10-24, To: 2022-10-28, Times: 08:00:00 - 18:00:00; From: 2022-10-29, To: 2022-10-29, Times: 10:00:00 - 16:00:00; From: 2022-10-31, To: 2022-11-04, Times: 08:00:00 - 18:00:00; From: 2022-11-05, To: 2022-11-05, Times: 10:00:00 - 16:00:00; From: 2022-11-07, To: 2022-11-07, Times: 08:00:00 - 17:00:00",0500970,05033,"114 Collum Ln E, Alma, AR 72921, USA",ALMA,CRAWFORD,ARKANSAS,AR,35.4929122,-94.22352409999999,35.4929817,-94.2233404,35.4927843,-94.2236594,False,,False
crawford,EV-Eoc (old Armory) Early Voting Site,1820 Chestnut St Van Buren AR 72956,1820 Chestnut St,Van Buren,AR,72956,Locality wide location,false,true,"From: 2022-10-24, To: 2022-10-28, Times: 08:00:00 - 18:00:00; From: 2022-10-29, To: 2022-10-29, Times: 10:00:00 - 16:00:00; From: 2022-10-31, To: 2022-11-04, Times: 08:00:00 - 18:00:00; From: 2022-11-05, To: 2022-11-05, Times: 10:00:00 - 16:00:00; From: 2022-11-07, To: 2022-11-07, Times: 08:00:00 - 17:00:00",,05033,"1820 Chestnut St, Van Buren, AR 72956, USA",VAN BUREN,CRAWFORD,ARKANSAS,AR,35.4338471,-94.3400219,35.4340405,-94.33984989999999,35.4337585,-94.3402691,False,,False
crittenden,First Baptist Church Wm Ev,200 N Missouri St West Memphis AR 72301,200 N Missouri St,West Memphis,AR,72301,Locality wide location,false,true,"From: 2022-10-24, To: 2022-10-28, Times: 08:00:00 - 18:00:00; From: 2022-10-29, To: 2022-10-29, Times: 10:00:00 - 16:00:00; From: 2022-10-31, To: 2022-11-04, Times: 08:00:00 - 18:00:00; From: 2022-11-05, To: 2022-11-05, Times: 10:00:00 - 16:00:00; From: 2022-11-07, To: 2022-11-07, Times: 08:00:00 - 17:00:00",,05035,"200 N Missouri St, West Memphis, AR 72301, USA",WEST MEMPHIS,CRITTENDEN,ARKANSAS,AR,35.1486951,-90.185244,35.1488068,-90.1850108,35.1486158,-90.18545720000002,False,,False
crittenden,Marion Jr/high School Ev,1 Patriot Dr Marion AR 72364,1 Patriot Dr,Marion,AR,72364,Locality wide location,false,true,"From: 2022-10-24, To: 2022-10-28, Times: 08:00:00 - 18:00:00; From: 2022-10-29, To: 2022-10-29, Times: 10:00:00 - 16:00:00; From: 2022-10-31, To: 2022-11-04, Times: 08:00:00 - 18:00:00; From: 2022-11-05, To: 2022-11-05, Times: 10:00:00 - 16:00:00; From: 2022-11-07, To: 2022-11-07, Times: 08:00:00 - 17:00:00",0544180,05035,"1 Patriot Dr, Marion, AR 72364, USA",MARION,CRITTENDEN,ARKANSAS,AR,35.195193,-90.1965429,35.1955877,-90.196275,35.1946778,-90.196787,False,,False
cross,E.V. - Cross County Annex,704 E Canal St Wynne AR 72396,704 E Canal St,Wynne,AR,72396,Locality wide location,false,true,"From: 2022-10-24, To: 2022-10-28, Times: 08:00:00 - 18:00:00; From: 2022-10-29, To: 2022-10-29, Times: 10:00:00 - 16:00:00; From: 2022-10-31, To: 2022-11-04, Times: 08:00:00 - 18:00:00; From: 2022-11-05, To: 2022-11-05, Times: 10:00:00 - 16:00:00; From: 2022-11-07, To: 2022-11-07, Times: 08:00:00 - 17:00:00",0577090,05037,"Cross county office building, 704 Canal St, Wynne, AR 72396, USA",WYNNE,CROSS,ARKANSAS,AR,35.2218374,-90.7858966,35.2219926,-90.78572679999999,35.2217116,-90.786034,False,,False
dallas,Evc-Temple Baptist Church,206 Graham St Fordyce AR 71742,206 Graham St,Fordyce,AR,71742,Locality wide location,false,true,"From: 2022-10-24, To: 2022-10-28, Times: 08:00:00 - 18:00:00; From: 2022-10-29, To: 2022-10-29, Times: 10:00:00 - 16:00:00; From: 2022-10-31, To: 2022-11-04, Times: 08:00:00 - 18:00:00; From: 2022-11-05, To: 2022-11-05, Times: 10:00:00 - 16:00:00; From: 2022-11-07, To: 2022-11-07, Times: 08:00:00 - 17:00:00",0524220,05039,"206 Graham St, Fordyce, AR 71742, USA",FORDYCE,DALLAS,ARKANSAS,AR,33.8112496,-92.4137394,,,,,False,,False
drew,Ev- Courthouse - Clubroom,210 S Main St Monticello AR 71655,210 S Main St,Monticello,AR,71655,Locality wide location,false,true,"From: 2022-10-24, To: 2022-10-28, Times: 08:00:00 - 18:00:00; From: 2022-10-29, To: 2022-10-29, Times: 10:00:00 - 16:00:00; From: 2022-10-31, To: 2022-11-04, Times: 08:00:00 - 18:00:00; From: 2022-11-05, To: 2022-11-05, Times: 10:00:00 - 16:00:00; From: 2022-11-07, To: 2022-11-07, Times: 08:00:00 - 17:00:00",0546580,05043,"210 S Main St, Monticello, AR 71655, USA",MONTICELLO,DREW,ARKANSAS,AR,33.6269036,-91.79173639999999,33.6270493,-91.7916058,33.6267349,-91.7918729,False,,False
faulkner,Early Voting - Beryl Baptist Church,873 Main St Vilonia AR 72173,873 Main St,Vilonia,AR,72173,Locality wide location,false,true,"From: 2022-10-24, To: 2022-10-28, Times: 08:00:00 - 18:00:00; From: 2022-10-29, To: 2022-10-29, Times: 10:00:00 - 16:00:00; From: 2022-10-31, To: 2022-11-04, Times: 08:00:00 - 18:00:00; From: 2022-11-05, To: 2022-11-05, Times: 10:00:00 - 16:00:00; From: 2022-11-07, To: 2022-11-07, Times: 08:00:00 - 17:00:00",0571960,05045,"873 Main St, Vilonia, AR 72173, USA",VILONIA,FAULKNER,ARKANSAS,AR,35.0825229,-92.2467937,,,,,False,,False
faulkner,Early Voting - County Clerks Office,801 Locust St Conway AR 72034,801 Locust St,Conway,AR,72034,Locality wide location,false,true,"From: 2022-10-24, To: 2022-10-28, Times: 08:00:00 - 18:00:00; From: 2022-10-29, To: 2022-10-29, Times: 10:00:00 - 16:00:00; From: 2022-10-31, To: 2022-11-04, Times: 08:00:00 - 18:00:00; From: 2022-11-05, To: 2022-11-05, Times: 10:00:00 - 16:00:00; From: 2022-11-07, To: 2022-11-07, Times: 08:00:00 - 17:00:00",0515190,05045,"801 Locust St, Conway, AR 72034, USA",CONWAY,FAULKNER,ARKANSAS,AR,35.0893332,-92.44361219999999,35.0894584,-92.4434637,35.0891769,-92.44381229999999,False,,False
faulkner,Early Voting - Faulkner County Library,1900 Tyler St Conway AR 72032,1900 Tyler St,Conway,AR,72032,Locality wide location,false,true,"From: 2022-10-24, To: 2022-10-28, Times: 08:00:00 - 18:00:00; From: 2022-10-29, To: 2022-10-29, Times: 10:00:00 - 16:00:00; From: 2022-10-31, To: 2022-11-04, Times: 08:00:00 - 18:00:00; From: 2022-11-05, To: 2022-11-05, Times: 10:00:00 - 16:00:00; From: 2022-11-07, To: 2022-11-07, Times: 08:00:00 - 17:00:00",0515190,05045,"1900 Tyler St, Conway, AR 72032, USA",CONWAY,FAULKNER,ARKANSAS,AR,35.1037261,-92.45059309999999,35.1037566,-92.4505339,35.1036875,-92.45064889999999,False,,False
faulkner,Early Voting - Greenbrier City EC,5 Lois Ln Greenbrier AR 72058,5 Lois Ln,Greenbrier,AR,72058,Locality wide location,false,true,"From: 2022-10-24, To: 2022-10-28, Times: 08:00:00 - 18:00:00; From: 2022-10-29, To: 2022-10-29, Times: 10:00:00 - 16:00:00; From: 2022-10-31, To: 2022-11-04, Times: 08:00:00 - 18:00:00; From: 2022-11-05, To: 2022-11-05, Times: 10:00:00 - 16:00:00; From: 2022-11-07, To: 2022-11-07, Times: 08:00:00 - 17:00:00",0528510,05045,"5 Lois Ln, Greenbrier, AR 72058, USA",GREENBRIER,FAULKNER,ARKANSAS,AR,35.2238031,-92.3854503,35.2240546,-92.3852443,35.223467,-92.3857355,False,,False
faulkner,Early Voting - Mayflower Water Dept (old City Hall),2 Ashmore Dr Mayflower AR 72106,2 Ashmore Dr,Mayflower,AR,72106,Locality wide location,false,true,"From: 2022-10-24, To: 2022-10-28, Times: 08:00:00 - 18:00:00; From: 2022-10-29, To: 2022-10-29, Times: 10:00:00 - 16:00:00; From: 2022-10-31, To: 2022-11-04, Times: 08:00:00 - 18:00:00; From: 2022-11-05, To: 2022-11-05, Times: 10:00:00 - 16:00:00; From: 2022-11-07, To: 2022-11-07, Times: 08:00:00 - 17:00:00",0544750,05045,"2 Ashmore St, Mayflower, AR 72106, USA",MAYFLOWER,FAULKNER,ARKANSAS,AR,34.9600973,-92.4249791,,,,,False,,False
faulkner,Early Voting - McGee Sports Center,3800 College Ave Conway AR 72034,3800 College Ave,Conway,AR,72034,Locality wide location,false,true,"From: 2022-10-24, To: 2022-10-28, Times: 08:00:00 - 18:00:00; From: 2022-10-29, To: 2022-10-29, Times: 10:00:00 - 16:00:00; From: 2022-10-31, To: 2022-11-04, Times: 08:00:00 - 18:00:00; From: 2022-11-05, To: 2022-11-05, Times: 10:00:00 - 16:00:00; From: 2022-11-07, To: 2022-11-07, Times: 08:00:00 - 17:00:00",0515190,05045,"3800 College Ave, Conway, AR 72034, USA",CONWAY,FAULKNER,ARKANSAS,AR,35.0876385,-92.4953129,35.0879849,-92.4948409,35.0871204,-92.4955712,False,,False
faulkner,Early Voting - Roving/mobile,2302 College Ave Conway AR 72034,2302 College Ave,Conway,AR,72034,Locality wide location,false,true,"From: 2022-10-26, To: 2022-10-27, Times: 08:00:00 - 18:00:00",0515190,05045,"2302 College Ave, Conway, AR 72034, USA",CONWAY,FAULKNER,ARKANSAS,AR,35.0858576,-92.4573494,35.086691,-92.4567912,35.0849661,-92.4586908,False,,False
franklin,Courthouse Charleston,607 E Main St Charleston AR 72933,607 E Main St,Charleston,AR,72933,Locality wide location,false,true,"From: 2022-10-24, To: 2022-10-28, Times: 08:00:00 - 18:00:00; From: 2022-10-29, To: 2022-10-29, Times: 10:00:00 - 16:00:00; From: 2022-10-31, To: 2022-11-04, Times: 08:00:00 - 18:00:00; From: 2022-11-05, To: 2022-11-05, Times: 10:00:00 - 16:00:00; From: 2022-11-07, To: 2022-11-07, Times: 08:00:00 - 17:00:00",0513300,05047,"607 E Main St, Charleston, AR 72933, USA",CHARLESTON,FRANKLIN,ARKANSAS,AR,35.2969912,-94.0365022,,,,,False,,False
franklin,Courthouse Ozark,120 S 2nd St Ozark AR 72949,120 S 2nd St,Ozark,AR,72949,Locality wide location,false,true,"From: 2022-10-24, To: 2022-10-28, Times: 08:00:00 - 18:00:00; From: 2022-10-29, To: 2022-10-29, Times: 10:00:00 - 16:00:00; From: 2022-10-31, To: 2022-11-04, Times: 08:00:00 - 18:00:00; From: 2022-11-05, To: 2022-11-05, Times: 10:00:00 - 16:00:00; From: 2022-11-07, To: 2022-11-07, Times: 08:00:00 - 17:00:00",0552970,05047,"120 S 2nd St, Ozark, AR 72756, USA",OZARK,FRANKLIN,ARKANSAS,AR,35.486219,-93.8260914,,,,,False,,False
fulton,EV Fulton County Fair Grounds,124 Arena Ln Salem AR 72576,124 Arena Ln,Salem,AR,72576,Locality wide location,false,true,"From: 2022-10-24, To: 2022-10-28, Times: 08:00:00 - 18:00:00; From: 2022-10-29, To: 2022-10-29, Times: 10:00:00 - 16:00:00; From: 2022-10-31, To: 2022-11-04, Times: 08:00:00 - 18:00:00; From: 2022-11-05, To: 2022-11-05, Times: 10:00:00 - 16:00:00; From: 2022-11-07, To: 2022-11-07, Times: 08:00:00 - 17:00:00",0562150,05049,"Fulton County Fairgrounds, 124 Arena Ln, Salem, AR 72576, USA",SALEM,FULTON,ARKANSAS,AR,36.3803631,-91.8422539,36.3803995,-91.8420979,36.3802877,-91.8424294,False,,False
fulton,EV Old MS Parts Store,960 Main St Mammoth Spring AR 72554,960 Main St,Mammoth Spring,AR,72554,Locality wide location,false,true,"From: 2022-11-04, To: 2022-11-04, Times: 08:00:00 - 18:00:00; From: 2022-11-05, To: 2022-11-05, Times: 10:00:00 - 16:00:00",0543670,05049,"960 Main St, Mammoth Spring, AR 72554, USA",MAMMOTH SPRING,FULTON,ARKANSAS,AR,36.4953013,-91.54878560000002,36.4955003,-91.54867639999999,36.4951152,-91.54893039999999,False,,False
garland,Ev-01 Garland County Election Comm-Early Voting,649 A Ouachita Ave Hot Springs AR 71901,649 A Ouachita Ave,Hot Springs,AR,71901,Locality wide location,false,true,"From: 2022-10-24, To: 2022-10-28, Times: 08:00:00 - 18:00:00; From: 2022-10-29, To: 2022-10-29, Times: 10:00:00 - 16:00:00; From: 2022-10-31, To: 2022-11-04, Times: 08:00:00 - 18:00:00; From: 2022-11-05, To: 2022-11-05, Times: 10:00:00 - 16:00:00; From: 2022-11-07, To: 2022-11-07, Times: 08:00:00 - 17:00:00",0533400,05051,"649A Ouachita Ave, Hot Springs, AR 71901, USA",HOT SPRINGS,GARLAND,ARKANSAS,AR,34.5031359,-93.0606298,,,,,False,,False
garland,Ev-02 Hot Springs Mall- Early Voting,4501 Central Ave Hot Springs AR 71913,4501 Central Ave,Hot Springs,AR,71913,Locality wide location,false,true,"From: 2022-10-24, To: 2022-10-28, Times: 08:00:00 - 18:00:00; From: 2022-10-29, To: 2022-10-29, Times: 10:00:00 - 16:00:00; From: 2022-10-31, To: 2022-11-04, Times: 08:00:00 - 18:00:00; From: 2022-11-05, To: 2022-11-05, Times: 10:00:00 - 16:00:00; From: 2022-11-07, To: 2022-11-07, Times: 08:00:00 - 17:00:00",0533400,05051,"4501 Central Ave, Hot Springs, AR 71913, USA",HOT SPRINGS,GARLAND,ARKANSAS,AR,34.4485933,-93.0793791,34.449654,-93.07735600000001,34.447294,-93.081411,False,,False
garland,Ev-03 Community Baptist Church-Early Voting,3518 AR-7 Hot Springs AR 71909,3518 AR-7,Hot Springs,AR,71909,Locality wide location,false,true,"From: 2022-10-24, To: 2022-10-28, Times: 08:00:00 - 18:00:00; From: 2022-10-29, To: 2022-10-29, Times: 10:00:00 - 16:00:00; From: 2022-10-31, To: 2022-11-04, Times: 08:00:00 - 18:00:00; From: 2022-11-05, To: 2022-11-05, Times: 10:00:00 - 16:00:00; From: 2022-11-07, To: 2022-11-07, Times: 08:00:00 - 17:00:00",0533400,05051,"3518 AR-7, Hot Springs Village, AR 71909, USA",HOT SPRINGS VILLAGE,GARLAND,ARKANSAS,AR,34.6300641,-93.0578141,,,,,False,,False
garland,Ev-04 Gardner School-Early Voting,525 Hammond Dr Hot Springs AR 71913,525 Hammond Dr,Hot Springs,AR,71913,Locality wide location,false,true,"From: 2022-10-24, To: 2022-10-28, Times: 08:00:00 - 18:00:00; From: 2022-10-29, To: 2022-10-29, Times: 10:00:00 - 16:00:00; From: 2022-10-31, To: 2022-11-04, Times: 08:00:00 - 18:00:00; From: 2022-11-05, To: 2022-11-05, Times: 10:00:00 - 16:00:00; From: 2022-11-07, To: 2022-11-07, Times: 08:00:00 - 17:00:00",0533400,05051,"525 Hammond Dr, Hot Springs, AR 71913, USA",HOT SPRINGS,GARLAND,ARKANSAS,AR,34.4904328,-93.0913587,34.4905335,-93.0910279,34.4903206,-93.0915346,False,,False
garland,Ev-05 1st Baptist Church Royal- Early Voting,7402 Albert Pike Rd Royal AR 71968,7402 Albert Pike Rd,Royal,AR,71968,Locality wide location,false,true,"From: 2022-10-24, To: 2022-10-28, Times: 08:00:00 - 18:00:00; From: 2022-10-29, To: 2022-10-29, Times: 10:00:00 - 16:00:00; From: 2022-10-31, To: 2022-11-04, Times: 08:00:00 - 18:00:00; From: 2022-11-05, To: 2022-11-05, Times: 10:00:00 - 16:00:00; From: 2022-11-07, To: 2022-11-07, Times: 08:00:00 - 17:00:00",,05051,"7402 Albert Pike Rd, Royal, AR 71968, USA",ROYAL,GARLAND,ARKANSAS,AR,34.5101302,-93.2543946,34.5102964,-93.2540315,34.5099605,-93.2546112,False,,False
garland,Ev-06 Garland County Library- Early Voting,1427 Malvern Ave Hot Springs AR 71901,1427 Malvern Ave,Hot Springs,AR,71901,Locality wide location,false,true,"From: 2022-10-24, To: 2022-10-28, Times: 08:00:00 - 18:00:00; From: 2022-10-29, To: 2022-10-29, Times: 10:00:00 - 16:00:00; From: 2022-10-31, To: 2022-11-04, Times: 08:00:00 - 18:00:00; From: 2022-11-05, To: 2022-11-05, Times: 10:00:00 - 16:00:00; From: 2022-11-07, To: 2022-11-07, Times: 08:00:00 - 17:00:00",0533400,05051,"1427 Malvern Ave, Hot Springs, AR 71901, USA",HOT SPRINGS,GARLAND,ARKANSAS,AR,34.4983374,-93.03813889999999,34.4987052,-93.03782079999999,34.4980983,-93.0385539,False,,False
grant,Grant County Courthouse,101 W Center St Sheridan AR 72150,101 W Center St,Sheridan,AR,72150,Locality wide location,false,true,"From: 2022-10-24, To: 2022-10-28, Times: 08:00:00 - 18:00:00; From: 2022-10-29, To: 2022-10-29, Times: 10:00:00 - 16:00:00; From: 2022-10-31, To: 2022-11-04, Times: 08:00:00 - 18:00:00; From: 2022-11-05, To: 2022-11-05, Times: 10:00:00 - 16:00:00; From: 2022-11-07, To: 2022-11-07, Times: 08:00:00 - 17:00:00",0563710,05053,"101 W Center St, Sheridan, AR 72150, USA",SHERIDAN,GRANT,ARKANSAS,AR,34.3069724,-92.4016293,,,,,False,,False
greene,Greene County Fairgrounds--Early Voting,1108 US 49 b Paragould AR 72450,1108 US 49 b,Paragould,AR,72450,Locality wide location,false,true,"From: 2022-10-24, To: 2022-10-28, Times: 08:00:00 - 18:00:00; From: 2022-10-29, To: 2022-10-29, Times: 10:00:00 - 16:00:00; From: 2022-10-31, To: 2022-11-04, Times: 08:00:00 - 18:00:00; From: 2022-11-05, To: 2022-11-05, Times: 10:00:00 - 16:00:00; From: 2022-11-07, To: 2022-11-07, Times: 08:00:00 - 17:00:00",0553390,05055,"1108 US 49 b, Paragould, AR 72450, USA",PARAGOULD,GREENE,ARKANSAS,AR,36.0716012,-90.4921969,36.0717887,-90.49193319999999,36.0709737,-90.49243349999999,False,,False
hempstead,County Courthouse,200 E 3rd St Hope AR 71801,200 E 3rd St,Hope,AR,71801,Locality wide location,false,true,"From: 2022-10-24, To: 2022-10-28, Times: 08:00:00 - 18:00:00; From: 2022-10-29, To: 2022-10-29, Times: 10:00:00 - 16:00:00; From: 2022-10-31, To: 2022-11-04, Times: 08:00:00 - 18:00:00; From: 2022-11-05, To: 2022-11-05, Times: 10:00:00 - 16:00:00; From: 2022-11-07, To: 2022-11-07, Times: 08:00:00 - 17:00:00",0533190,05057,"200 E 3rd St, Hope, AR 71801, USA",HOPE,HEMPSTEAD,ARKANSAS,AR,33.6679533,-93.5900491,33.6681796,-93.5898028,33.6677746,-93.59031189999999,False,,False
hot_spring,Ev Bismarck Methodist Church,7075 AR-7 Bismarck AR 71929,7075 AR-7,Bismarck,AR,71929,Locality wide location,false,true,"From: 2022-10-24, To: 2022-10-28, Times: 08:00:00 - 18:00:00; From: 2022-10-29, To: 2022-10-29, Times: 10:00:00 - 16:00:00; From: 2022-10-31, To: 2022-11-04, Times: 08:00:00 - 18:00:00; From: 2022-11-05, To: 2022-11-05, Times: 10:00:00 - 16:00:00; From: 2022-11-07, To: 2022-11-07, Times: 08:00:00 - 17:00:00",,,"7075 AR-7, Bismarck, AR 71929, USA",BISMARCK,HOT SPRING,ARKANSAS,AR,34.3211156,-93.1736221,34.3211511,-93.1735932,34.3210841,-93.17366580000001,False,,False
hot_spring,Ev Hot Spring County Fairgrounds,1303 Collie Rd Malvern AR 72104,1303 Collie Rd,Malvern,AR,72104,Locality wide location,false,true,"From: 2022-10-24, To: 2022-10-28, Times: 08:00:00 - 18:00:00; From: 2022-10-29, To: 2022-10-29, Times: 10:00:00 - 16:00:00; From: 2022-10-31, To: 2022-11-04, Times: 08:00:00 - 18:00:00; From: 2022-11-05, To: 2022-11-05, Times: 10:00:00 - 16:00:00; From: 2022-11-07, To: 2022-11-07, Times: 08:00:00 - 17:00:00",0543610,,"1303 Collie Rd, Malvern, AR 72104, USA",MALVERN,HOT SPRING,ARKANSAS,AR,34.3832495,-92.8260052,34.3835068,-92.8258852,34.3831149,-92.826208,False,,False
howard,Carter Daycare-Ev,200 Lake Nichols Dr Nashville AR 71852,200 Lake Nichols Dr,Nashville,AR,71852,Locality wide location,false,true,"From: 2022-10-24, To: 2022-10-28, Times: 08:00:00 - 18:00:00; From: 2022-10-29, To: 2022-10-29, Times: 10:00:00 - 16:00:00; From: 2022-10-31, To: 2022-11-04, Times: 08:00:00 - 18:00:00; From: 2022-11-05, To: 2022-11-05, Times: 10:00:00 - 16:00:00; From: 2022-11-07, To: 2022-11-07, Times: 08:00:00 - 17:00:00",0548560,05061,"200 Lake Nichols Dr, Nashville, AR 71852, USA",NASHVILLE,HOWARD,ARKANSAS,AR,33.9582665,-93.8446443,33.9583567,-93.84453560000001,33.9581748,-93.8447553,False,,False
independence,Batesville Early Vote Site,1420 20th St Batesville AR 72501,1420 20th St,Batesville,AR,72501,Locality wide location,false,true,"From: 2022-10-24, To: 2022-10-28, Times: 08:00:00 - 18:00:00; From: 2022-10-29, To: 2022-10-29, Times: 10:00:00 - 16:00:00; From: 2022-10-31, To: 2022-11-04, Times: 08:00:00 - 18:00:00; From: 2022-11-05, To: 2022-11-05, Times: 10:00:00 - 16:00:00; From: 2022-11-07, To: 2022-11-07, Times: 08:00:00 - 17:00:00",0504030,05063,"Fitzhugh Park, 1420 20th St, Batesville, AR 72501, USA",BATESVILLE,INDEPENDENCE,ARKANSAS,AR,35.76385459999999,-91.63274,35.7646344,-91.6323537,35.7635339,-91.6332975,False,,False
independence,Southside Early Vote Site,2181 Batesville Blvd Batesville AR 72501,2181 Batesville Blvd,Batesville,AR,72501,Locality wide location,false,true,"From: 2022-10-24, To: 2022-10-28, Times: 08:00:00 - 18:00:00; From: 2022-10-29, To: 2022-10-29, Times: 10:00:00 - 16:00:00; From: 2022-10-31, To: 2022-11-04, Times: 08:00:00 - 18:00:00; From: 2022-11-05, To: 2022-11-05, Times: 10:00:00 - 16:00:00; From: 2022-11-07, To: 2022-11-07, Times: 08:00:00 - 17:00:00",0504030,05063,"2181 Batesville Blvd, Batesville, AR 72501, USA",BATESVILLE,INDEPENDENCE,ARKANSAS,AR,35.6954922,-91.6198103,35.6956705,-91.6196221,35.6953801,-91.6199671,False,,False
izard,Early - Brand New Church,2873 AR-56 Calico Rock AR 72519,2873 AR-56,Calico Rock,AR,72519,Locality wide location,false,true,"From: 2022-10-31, To: 2022-11-04, Times: 08:00:00 - 18:00:00; From: 2022-11-05, To: 2022-11-05, Times: 10:00:00 - 16:00:00; From: 2022-11-07, To: 2022-11-07, Times: 08:00:00 - 17:00:00",0510570,05065,"2873 AR-56, Calico Rock, AR 72519, USA",CALICO ROCK,IZARD,ARKANSAS,AR,36.1501394,-92.11576079999999,36.1502425,-92.1156644,36.1500014,-92.1159138,False,,False
izard,Early - Horseshoe Bend,811 2nd St Horseshoe Bend AR 72512,811 2nd St,Horseshoe Bend,AR,72512,Locality wide location,false,true,"From: 2022-10-24, To: 2022-10-28, Times: 08:00:00 - 18:00:00; From: 2022-10-29, To: 2022-10-29, Times: 10:00:00 - 16:00:00; From: 2022-10-31, To: 2022-11-04, Times: 08:00:00 - 18:00:00; From: 2022-11-05, To: 2022-11-05, Times: 10:00:00 - 16:00:00; From: 2022-11-07, To: 2022-11-07, Times: 08:00:00 - 17:00:00",,05065,"811 2nd St, Horseshoe Bend, AR 72512, USA",HORSESHOE BEND,IZARD,ARKANSAS,AR,36.2198353,-91.7584557,36.2201376,-91.75797159999999,36.2189378,-91.7587035,False,,False
izard,Early - Ozarka College,218 College Dr Melbourne AR 72556,218 College Dr,Melbourne,AR,72556,Locality wide location,false,true,"From: 2022-10-31, To: 2022-11-04, Times: 08:00:00 - 18:00:00; From: 2022-11-05, To: 2022-11-05, Times: 10:00:00 - 16:00:00; From: 2022-11-07, To: 2022-11-07, Times: 08:00:00 - 17:00:00",0545080,05065,"218 College Dr, Melbourne, AR 72556, USA",MELBOURNE,IZARD,ARKANSAS,AR,36.05325029999999,-91.8965685,36.0534254,-91.896006,36.0529154,-91.8969568,False,,False
jackson,Jackson County Election Ctr Early Vote Center,JP4W+G7 Newport AR 72112,JP4W+G7,Newport,AR,72112,Locality wide location,false,true,"From: 2022-10-24, To: 2022-10-28, Times: 08:00:00 - 18:00:00; From: 2022-10-29, To: 2022-10-29, Times: 10:00:00 - 16:00:00; From: 2022-10-31, To: 2022-11-04, Times: 08:00:00 - 18:00:00; From: 2022-11-05, To: 2022-11-05, Times: 10:00:00 - 16:00:00; From: 2022-11-07, To: 2022-11-07, Times: 08:00:00 - 17:00:00",0549580,05067,"JP4W+G7 Newport, AR, USA",NEWPORT,JACKSON,ARKANSAS,AR,35.6063125,-91.2543125,35.606375,-91.25425,35.60625,-91.254375,True,Invalid final address,False
jefferson,Ev-1-Jefferson County Courthouse,101 W Barraque St Pine Bluff AR 71601,101 W Barraque St,Pine Bluff,AR,71601,Locality wide location,false,true,"From: 2022-10-24, To: 2022-10-28, Times: 08:00:00 - 18:00:00; From: 2022-10-29, To: 2022-10-29, Times: 10:00:00 - 16:00:00; From: 2022-10-31, To: 2022-11-04, Times: 08:00:00 - 18:00:00; From: 2022-11-05, To: 2022-11-05, Times: 10:00:00 - 16:00:00; From: 2022-11-07, To: 2022-11-07, Times: 08:00:00 - 17:00:00",,05069,"101 W Barraque St, Pine Bluff, AR 71601, USA",PINE BLUFF,JEFFERSON,ARKANSAS,AR,34.229773,-92.0033715,34.2299291,-92.0028624,34.2295063,-92.0037464,False,,False
johnson,EV-Courthouse,215 W Main St Clarksville AR 72830,215 W Main St,Clarksville,AR,72830,Locality wide location,false,true,"From: 2022-10-24, To: 2022-10-28, Times: 08:00:00 - 18:00:00; From: 2022-10-29, To: 2022-10-29, Times: 10:00:00 - 16:00:00; From: 2022-10-31, To: 2022-11-04, Times: 08:00:00 - 18:00:00; From: 2022-11-05, To: 2022-11-05, Times: 10:00:00 - 16:00:00; From: 2022-11-07, To: 2022-11-07, Times: 08:00:00 - 17:00:00",0514140,05071,"215 W Main St, Clarksville, AR 72830, USA",CLARKSVILLE,JOHNSON,ARKANSAS,AR,35.4708553,-93.46510080000002,35.47091,-93.4649213,35.4707261,-93.4652399,False,,False
lafayette,Ev-First National Bank,202 Spruce St Lewisville AR 71845,202 Spruce St,Lewisville,AR,71845,Locality wide location,false,true,"From: 2022-10-24, To: 2022-10-28, Times: 08:00:00 - 18:00:00; From: 2022-10-29, To: 2022-10-29, Times: 10:00:00 - 16:00:00; From: 2022-10-31, To: 2022-11-04, Times: 08:00:00 - 18:00:00; From: 2022-11-05, To: 2022-11-05, Times: 10:00:00 - 16:00:00; From: 2022-11-07, To: 2022-11-07, Times: 08:00:00 - 17:00:00",0539640,05073,"202 Spruce St, Lewisville, AR 71845, USA",LEWISVILLE,LAFAYETTE,ARKANSAS,AR,33.356465,-93.57742359999999,33.3564905,-93.5772717,33.3564355,-93.5775863,False,,False
lawrence,County Clerk's Office,315 W Main St Walnut Ridge AR 72476,315 W Main St,Walnut Ridge,AR,72476,Locality wide location,false,true,"From: 2022-10-24, To: 2022-10-28, Times: 08:00:00 - 18:00:00; From: 2022-10-29, To: 2022-10-29, Times: 10:00:00 - 16:00:00; From: 2022-10-31, To: 2022-11-04, Times: 08:00:00 - 18:00:00; From: 2022-11-05, To: 2022-11-05, Times: 10:00:00 - 16:00:00; From: 2022-11-07, To: 2022-11-07, Times: 08:00:00 - 17:00:00",0572890,05075,"315 W Main St, Walnut Ridge, AR 72476, USA",WALNUT RIDGE,LAWRENCE,ARKANSAS,AR,36.0699805,-90.95854829999999,36.0702754,-90.958074,36.0696138,-90.9588984,False,,False
lee,Ev- Lee County Courthouse,15 E Chestnut St Marianna AR 72360,15 E Chestnut St,Marianna,AR,72360,Locality wide location,false,true,"From: 2022-10-24, To: 2022-10-28, Times: 08:00:00 - 18:00:00; From: 2022-10-29, To: 2022-10-29, Times: 10:00:00 - 16:00:00; From: 2022-10-31, To: 2022-11-04, Times: 08:00:00 - 18:00:00; From: 2022-11-05, To: 2022-11-05, Times: 10:00:00 - 16:00:00; From: 2022-11-07, To: 2022-11-07, Times: 08:00:00 - 17:00:00",0544120,05077,"15 E Chestnut St, Marianna, AR 72360, USA",MARIANNA,LEE,ARKANSAS,AR,34.7748011,-90.756883,34.7749812,-90.7566622,34.7747109,-90.75716840000001,False,,False
lincoln,Ev-Courthouse,300 S Drew St Star City AR 71667,300 S Drew St,Star City,AR,71667,Locality wide location,false,true,"From: 2022-10-24, To: 2022-10-28, Times: 08:00:00 - 18:00:00; From: 2022-10-29, To: 2022-10-29, Times: 10:00:00 - 16:00:00; From: 2022-10-31, To: 2022-11-04, Times: 08:00:00 - 18:00:00; From: 2022-11-05, To: 2022-11-05, Times: 10:00:00 - 16:00:00; From: 2022-11-07, To: 2022-11-07, Times: 08:00:00 - 17:00:00",0566440,05079,"300 S Drew St, Star City, AR 71667, USA",STAR CITY,LINCOLN,ARKANSAS,AR,33.9397998,-91.84464799999999,,,,,False,,False
little_river,Ev-Little River County Election Center,349 N 3rd St Ashdown AR 71822,349 N 3rd St,Ashdown,AR,71822,Locality wide location,false,true,"From: 2022-10-24, To: 2022-10-28, Times: 08:00:00 - 18:00:00; From: 2022-10-29, To: 2022-10-29, Times: 10:00:00 - 16:00:00; From: 2022-10-31, To: 2022-11-04, Times: 08:00:00 - 18:00:00; From: 2022-11-05, To: 2022-11-05, Times: 10:00:00 - 16:00:00; From: 2022-11-07, To: 2022-11-07, Times: 08:00:00 - 17:00:00",0502380,,"349 N 3rd St, Ashdown, AR 71822, USA",ASHDOWN,LITTLE RIVER,ARKANSAS,AR,33.6720543,-94.13386659999999,,,,,False,,False
logan,Booneville Courthouse,366 N Broadway Ave Booneville AR 72927,366 N Broadway Ave,Booneville,AR,72927,Locality wide location,false,true,"From: 2022-10-24, To: 2022-10-28, Times: 08:00:00 - 18:00:00; From: 2022-10-29, To: 2022-10-29, Times: 10:00:00 - 16:00:00; From: 2022-10-31, To: 2022-11-04, Times: 08:00:00 - 18:00:00; From: 2022-11-05, To: 2022-11-05, Times: 10:00:00 - 16:00:00; From: 2022-11-07, To: 2022-11-07, Times: 08:00:00 - 17:00:00",0507720,05083,"366 N Broadway Ave, Booneville, AR 72927, USA",BOONEVILLE,LOGAN,ARKANSAS,AR,35.1409214,-93.921355,35.1410635,-93.9212616,35.1407895,-93.92146129999999,False,,False
logan,Paris Courthouse,25 W Walnut St Paris AR 72855,25 W Walnut St,Paris,AR,72855,Locality wide location,false,true,"From: 2022-10-24, To: 2022-10-28, Times: 08:00:00 - 18:00:00; From: 2022-10-29, To: 2022-10-29, Times: 10:00:00 - 16:00:00; From: 2022-10-31, To: 2022-11-04, Times: 08:00:00 - 18:00:00; From: 2022-11-05, To: 2022-11-05, Times: 10:00:00 - 16:00:00; From: 2022-11-07, To: 2022-11-07, Times: 08:00:00 - 17:00:00",0553480,05083,"25 W Walnut St, Paris, AR 72855, USA",PARIS,LOGAN,ARKANSAS,AR,35.29243,-93.7302996,35.2925546,-93.7301479,35.29233,-93.7304853,False,,False
lonoke,EV-1 Austin City Hall,3181 AR-367 Austin AR 72007,3181 AR-367,Austin,AR,72007,Locality wide location,false,true,"From: 2022-10-24, To: 2022-10-28, Times: 08:00:00 - 18:00:00; From: 2022-10-29, To: 2022-10-29, Times: 10:00:00 - 16:00:00; From: 2022-10-31, To: 2022-11-04, Times: 08:00:00 - 18:00:00; From: 2022-11-05, To: 2022-11-05, Times: 10:00:00 - 16:00:00; From: 2022-11-07, To: 2022-11-07, Times: 08:00:00 - 17:00:00",0502860,05085,"3181 AR-367, Austin, AR 72007, USA",AUSTIN,LONOKE,ARKANSAS,AR,34.9977311,-91.9844253,34.9978212,-91.9843424,34.997655,-91.98454160000001,False,,False
lonoke,EV-2 Cabot Library,909 W Main St Cabot AR 72023,909 W Main St,Cabot,AR,72023,Locality wide location,false,true,"From: 2022-10-24, To: 2022-10-28, Times: 08:00:00 - 18:00:00; From: 2022-10-29, To: 2022-10-29, Times: 10:00:00 - 16:00:00; From: 2022-10-31, To: 2022-11-04, Times: 08:00:00 - 18:00:00; From: 2022-11-05, To: 2022-11-05, Times: 10:00:00 - 16:00:00; From: 2022-11-07, To: 2022-11-07, Times: 08:00:00 - 17:00:00",0510300,05085,"909 W Main St, Cabot, AR 72023, USA",CABOT,LONOKE,ARKANSAS,AR,34.9750498,-92.025148,,,,,False,,False
lonoke,EV-3 Carlisle Civic Center,215 S Court St Carlisle AR 72024,215 S Court St,Carlisle,AR,72024,Locality wide location,false,true,"From: 2022-10-24, To: 2022-10-28, Times: 08:00:00 - 18:00:00; From: 2022-10-29, To: 2022-10-29, Times: 10:00:00 - 16:00:00; From: 2022-10-31, To: 2022-11-04, Times: 08:00:00 - 18:00:00; From: 2022-11-05, To: 2022-11-05, Times: 10:00:00 - 16:00:00; From: 2022-11-07, To: 2022-11-07, Times: 08:00:00 - 17:00:00",0511500,05085,"215 S Court St, Carlisle, AR 72024, USA",CARLISLE,LONOKE,ARKANSAS,AR,34.781648,-91.74713369999999,,,,,False,,False
lonoke,EV-4 England Fitness Center,107 Valley View Dr England AR 72046,107 Valley View Dr,England,AR,72046,Locality wide location,false,true,"From: 2022-10-24, To: 2022-10-28, Times: 08:00:00 - 18:00:00; From: 2022-10-29, To: 2022-10-29, Times: 10:00:00 - 16:00:00; From: 2022-10-31, To: 2022-11-04, Times: 08:00:00 - 18:00:00; From: 2022-11-05, To: 2022-11-05, Times: 10:00:00 - 16:00:00; From: 2022-11-07, To: 2022-11-07, Times: 08:00:00 - 17:00:00",0521730,05085,"107 Valley View Dr, England, AR 72046, USA",ENGLAND,LONOKE,ARKANSAS,AR,34.5446195,-91.9544454,34.5447772,-91.95412329999999,34.5444934,-91.95488990000001,False,,False
lonoke,EV-5 Lonoke Business Academy,755 SE Front St Lonoke AR 72086,755 SE Front St,Lonoke,AR,72086,Locality wide location,false,true,"From: 2022-10-24, To: 2022-10-28, Times: 08:00:00 - 18:00:00; From: 2022-10-29, To: 2022-10-29, Times: 10:00:00 - 16:00:00; From: 2022-10-31, To: 2022-11-04, Times: 08:00:00 - 18:00:00; From: 2022-11-05, To: 2022-11-05, Times: 10:00:00 - 16:00:00; From: 2022-11-07, To: 2022-11-07, Times: 08:00:00 - 17:00:00",0541420,05085,"755 Front St SW, Lonoke, AR 72086, USA",LONOKE,LONOKE,ARKANSAS,AR,34.7830904,-91.9076388,,,,,False,,False
lonoke,EV-6 Ward City Hall,405 Hickory St Ward AR 72176,405 Hickory St,Ward,AR,72176,Locality wide location,false,true,"From: 2022-10-24, To: 2022-10-28, Times: 08:00:00 - 18:00:00; From: 2022-10-29, To: 2022-10-29, Times: 10:00:00 - 16:00:00; From: 2022-10-31, To: 2022-11-04, Times: 08:00:00 - 18:00:00; From: 2022-11-05, To: 2022-11-05, Times: 10:00:00 - 16:00:00; From: 2022-11-07, To: 2022-11-07, Times: 08:00:00 - 17:00:00",0573130,05085,"405 Hickory St, Ward, AR 72176, USA",WARD,LONOKE,ARKANSAS,AR,35.0301013,-91.9550455,,,,,False,,False
lonoke,VC-13 Lonoke County Courthouse-Absentee Only,301 N Center St Lonoke AR 72086,301 N Center St,Lonoke,AR,72086,Locality wide location,false,true,"From: 2022-10-24, To: 2022-10-28, Times: 08:00:00 - 18:00:00; From: 2022-10-29, To: 2022-10-29, Times: 10:00:00 - 16:00:00; From: 2022-10-31, To: 2022-11-04, Times: 08:00:00 - 18:00:00; From: 2022-11-05, To: 2022-11-05, Times: 10:00:00 - 16:00:00; From: 2022-11-07, To: 2022-11-07, Times: 08:00:00 - 17:00:00",0541420,05085,"301 N Center St, Lonoke, AR 72086, USA",LONOKE,LONOKE,ARKANSAS,AR,34.7860478,-91.8995879,34.7862169,-91.89945689999999,34.7858932,-91.8996796,False,,False
madison,EV County Clerk's Office-Courthouse,201 W Main St Huntsville AR 72740,201 W Main St,Huntsville,AR,72740,Locality wide location,false,true,"From: 2022-10-24, To: 2022-10-28, Times: 08:00:00 - 18:00:00; From: 2022-10-29, To: 2022-10-29, Times: 10:00:00 - 16:00:00; From: 2022-10-31, To: 2022-11-04, Times: 08:00:00 - 18:00:00; From: 2022-11-05, To: 2022-11-05, Times: 10:00:00 - 16:00:00; From: 2022-11-07, To: 2022-11-07, Times: 08:00:00 - 17:00:00",0533970,05087,"201 W Main St, Huntsville, AR 72740, USA",HUNTSVILLE,MADISON,ARKANSAS,AR,36.0871277,-93.7365865,36.0872132,-93.7363903,36.0869577,-93.73674729999999,False,,False
marion,Ev Bull Shoals City Hall,706 C S Woods Blvd Bull Shoals AR 72619,706 C S Woods Blvd,Bull Shoals,AR,72619,Locality wide location,false,true,"From: 2022-10-24, To: 2022-10-28, Times: 08:00:00 - 18:00:00; From: 2022-10-29, To: 2022-10-29, Times: 10:00:00 - 16:00:00; From: 2022-10-31, To: 2022-11-04, Times: 08:00:00 - 18:00:00; From: 2022-11-05, To: 2022-11-05, Times: 10:00:00 - 16:00:00; From: 2022-11-07, To: 2022-11-07, Times: 08:00:00 - 17:00:00",0509790,05089,"706 C S Woods Blvd, Bull Shoals, AR 72619, USA",BULL SHOALS,MARION,ARKANSAS,AR,36.3823967,-92.5829057,,,,,False,,False
marion,Ev Marion County Fairgrounds,513 E Seawell Ave Summit AR 72677,513 E Seawell Ave,Summit,AR,72677,Locality wide location,false,true,"From: 2022-10-24, To: 2022-10-28, Times: 08:00:00 - 18:00:00; From: 2022-10-29, To: 2022-10-29, Times: 10:00:00 - 16:00:00; From: 2022-10-31, To: 2022-11-04, Times: 08:00:00 - 18:00:00; From: 2022-11-05, To: 2022-11-05, Times: 10:00:00 - 16:00:00; From: 2022-11-07, To: 2022-11-07, Times: 08:00:00 - 17:00:00",0567940,05089,"513 E Seawell Ave, Yellville, AR 72687, USA",YELLVILLE,MARION,ARKANSAS,AR,36.2468683,-92.68647539999999,,,,,False,,False
marion,Lazy Acres Firehouse,254 Main St Protem MO 65733,254 Main St,Protem,MO,65733,Locality wide location,false,true,"From: 2022-11-07, To: 2022-11-07, Times: 08:00:00 - 17:00:00",,05089,"Protem, MO 65733, USA",PROTEM,TANEY,MISSOURI,MO,36.5289539,-92.858783,,,,,True,Unexpected address size change,False
miller,American Legion Hall 25-58,525 E Broad St Texarkana AR 71854,525 E Broad St,Texarkana,AR,71854,Locality wide location,false,true,"From: 2022-10-24, To: 2022-10-28, Times: 08:00:00 - 18:00:00; From: 2022-10-29, To: 2022-10-29, Times: 10:00:00 - 16:00:00; From: 2022-10-31, To: 2022-11-04, Times: 08:00:00 - 18:00:00; From: 2022-11-05, To: 2022-11-05, Times: 10:00:00 - 16:00:00; From: 2022-11-07, To: 2022-11-07, Times: 08:00:00 - 17:00:00",0568810,05091,"525 E Broad St, Texarkana, AR 71854, USA",TEXARKANA,MILLER,ARKANSAS,AR,33.4241182,-94.03790819999999,33.42432,-94.03771619999999,33.4239362,-94.0380759,False,,False
mississippi,EV Leachville City Hall,116 S Main St Leachville AR 72438,116 S Main St,Leachville,AR,72438,Locality wide location,false,true,"From: 2022-10-24, To: 2022-10-28, Times: 08:00:00 - 18:00:00; From: 2022-10-29, To: 2022-10-29, Times: 10:00:00 - 16:00:00; From: 2022-10-31, To: 2022-11-04, Times: 08:00:00 - 18:00:00; From: 2022-11-05, To: 2022-11-05, Times: 10:00:00 - 16:00:00; From: 2022-11-07, To: 2022-11-07, Times: 08:00:00 - 17:00:00",0539010,05093,"116 Main St, Leachville, AR 72438, USA",LEACHVILLE,MISSISSIPPI,ARKANSAS,AR,35.9372816,-90.25775829999999,35.9373816,-90.25754889999999,35.9372252,-90.2579428,False,,False
mississippi,EV Miss Cnty Elec Cntr,309 N 5th St Blytheville AR 72315,309 N 5th St,Blytheville,AR,72315,Locality wide location,false,true,"From: 2022-10-24, To: 2022-10-28, Times: 08:00:00 - 18:00:00; From: 2022-10-29, To: 2022-10-29, Times: 10:00:00 - 16:00:00; From: 2022-10-31, To: 2022-11-04, Times: 08:00:00 - 18:00:00; From: 2022-11-05, To: 2022-11-05, Times: 10:00:00 - 16:00:00; From: 2022-11-07, To: 2022-11-07, Times: 08:00:00 - 17:00:00",0507330,05093,"309 N 5th St, Blytheville, AR 72315, USA",BLYTHEVILLE,MISSISSIPPI,ARKANSAS,AR,35.9296851,-89.9083297,,,,,False,,False
mississippi,Ev Manila City Hall,214 N Baltimore Ave Manila AR 72442,214 N Baltimore Ave,Manila,AR,72442,Locality wide location,false,true,"From: 2022-10-24, To: 2022-10-28, Times: 08:00:00 - 18:00:00; From: 2022-10-29, To: 2022-10-29, Times: 10:00:00 - 16:00:00; From: 2022-10-31, To: 2022-11-04, Times: 08:00:00 - 18:00:00; From: 2022-11-05, To: 2022-11-05, Times: 10:00:00 - 16:00:00; From: 2022-11-07, To: 2022-11-07, Times: 08:00:00 - 17:00:00",0543820,05093,"214 N Baltimore Ave, Manila, AR 72442, USA",MANILA,MISSISSIPPI,ARKANSAS,AR,35.8799731,-90.1660685,35.8800726,-90.1658836,35.8799136,-90.1661969,False,,False
mississippi,Ev Osceola Courthouse,200 W Hale Ave Osceola AR 72370,200 W Hale Ave,Osceola,AR,72370,Locality wide location,false,true,"From: 2022-10-24, To: 2022-10-28, Times: 08:00:00 - 18:00:00; From: 2022-10-29, To: 2022-10-29, Times: 10:00:00 - 16:00:00; From: 2022-10-31, To: 2022-11-04, Times: 08:00:00 - 18:00:00; From: 2022-11-05, To: 2022-11-05, Times: 10:00:00 - 16:00:00; From: 2022-11-07, To: 2022-11-07, Times: 08:00:00 - 17:00:00",0552580,05093,"200 W Hale Ave, Osceola, AR 72370, USA",OSCEOLA,MISSISSIPPI,ARKANSAS,AR,35.703268,-89.96964369999999,35.7033896,-89.96943879999999,35.7031962,-89.9697976,False,,False
monroe,Clarendon Courthouse,123 Madison St Clarendon AR 72029,123 Madison St,Clarendon,AR,72029,Locality wide location,false,true,"From: 2022-10-24, To: 2022-10-28, Times: 08:00:00 - 18:00:00; From: 2022-10-29, To: 2022-10-29, Times: 10:00:00 - 16:00:00; From: 2022-10-31, To: 2022-11-04, Times: 08:00:00 - 18:00:00; From: 2022-11-05, To: 2022-11-05, Times: 10:00:00 - 16:00:00; From: 2022-11-07, To: 2022-11-07, Times: 08:00:00 - 17:00:00",0513990,05095,"123 Madison St, Clarendon, AR 72029, USA",CLARENDON,MONROE,ARKANSAS,AR,34.6927218,-91.3142024,34.6928113,-91.3140397,34.6925731,-91.314387,False,,False
montgomery,Montgomery County Annex Building,117 Ray Dr Mount Ida AR 71957,117 Ray Dr,Mount Ida,AR,71957,Locality wide location,false,true,"From: 2022-10-24, To: 2022-10-28, Times: 08:00:00 - 18:00:00; From: 2022-10-29, To: 2022-10-29, Times: 10:00:00 - 16:00:00; From: 2022-10-31, To: 2022-11-04, Times: 08:00:00 - 18:00:00; From: 2022-11-05, To: 2022-11-05, Times: 10:00:00 - 16:00:00; From: 2022-11-07, To: 2022-11-07, Times: 08:00:00 - 17:00:00",,05097,"117 Ray Dr, Mt Ida, AR 71957, USA",MOUNT IDA,MONTGOMERY,ARKANSAS,AR,34.5549244,-93.6395933,34.5552096,-93.6389071,34.5546497,-93.6399129,False,,False
nevada,Nevada County Courthouse,215 E 2nd St S Prescott AR 71857,215 E 2nd St S,Prescott,AR,71857,Locality wide location,false,true,"From: 2022-10-24, To: 2022-10-28, Times: 08:00:00 - 18:00:00; From: 2022-10-29, To: 2022-10-29, Times: 10:00:00 - 16:00:00; From: 2022-10-31, To: 2022-11-04, Times: 08:00:00 - 18:00:00; From: 2022-11-05, To: 2022-11-05, Times: 10:00:00 - 16:00:00; From: 2022-11-07, To: 2022-11-07, Times: 08:00:00 - 17:00:00",0557260,05099,"215 E 2nd St S, Prescott, AR 71857, USA",PRESCOTT,NEVADA,ARKANSAS,AR,33.7999987,-93.3805842,33.8001785,-93.3802935,33.7997532,-93.3808395,False,,False
newton,Newton County Courthouse,100 Court St Jasper AR 72641,100 Court St,Jasper,AR,72641,Locality wide location,false,true,"From: 2022-10-24, To: 2022-10-28, Times: 08:00:00 - 18:00:00; From: 2022-10-29, To: 2022-10-29, Times: 10:00:00 - 16:00:00; From: 2022-10-31, To: 2022-11-04, Times: 08:00:00 - 18:00:00; From: 2022-11-05, To: 2022-11-05, Times: 10:00:00 - 16:00:00; From: 2022-11-07, To: 2022-11-07, Times: 08:00:00 - 17:00:00",0534900,05101,"100 Court St, Jasper, AR 72641, USA",JASPER,NEWTON,ARKANSAS,AR,36.0080675,-93.18692999999999,,,,,False,,False
ouachita,County Clerk's Office,145 Jefferson St SW Camden AR 71701,145 Jefferson St SW,Camden,AR,71701,Locality wide location,false,true,"From: 2022-10-24, To: 2022-10-28, Times: 08:00:00 - 18:00:00; From: 2022-10-29, To: 2022-10-29, Times: 10:00:00 - 16:00:00; From: 2022-10-31, To: 2022-11-04, Times: 08:00:00 - 18:00:00; From: 2022-11-05, To: 2022-11-05, Times: 10:00:00 - 16:00:00; From: 2022-11-07, To: 2022-11-07, Times: 08:00:00 - 17:00:00",,05103,"145 Jefferson St SW, Camden, AR 71701, USA",CAMDEN,OUACHITA,ARKANSAS,AR,33.5844215,-92.8304053,33.5846209,-92.8302439,33.5842863,-92.8306686,False,,False
perry,Ev Election Commission Building (old Roland Drug),116 N Pine St Perryville AR 72126,116 N Pine St,Perryville,AR,72126,Locality wide location,false,true,"From: 2022-10-24, To: 2022-10-28, Times: 08:00:00 - 18:00:00; From: 2022-10-29, To: 2022-10-29, Times: 10:00:00 - 16:00:00; From: 2022-10-31, To: 2022-11-04, Times: 08:00:00 - 18:00:00; From: 2022-11-05, To: 2022-11-05, Times: 10:00:00 - 16:00:00; From: 2022-11-07, To: 2022-11-07, Times: 08:00:00 - 17:00:00",0554710,05105,"116 N Pine St, Perryville, AR 72126, USA",PERRYVILLE,PERRY,ARKANSAS,AR,35.00528389999999,-92.8024954,,,,,False,,False
phillips,Phillips County Clerk's Office,620 Cherry St Helena AR 72342,620 Cherry St,Helena,AR,72342,Locality wide location,false,true,"From: 2022-10-24, To: 2022-10-28, Times: 08:00:00 - 18:00:00; From: 2022-10-29, To: 2022-10-29, Times: 10:00:00 - 16:00:00; From: 2022-10-31, To: 2022-11-04, Times: 08:00:00 - 18:00:00; From: 2022-11-05, To: 2022-11-05, Times: 10:00:00 - 16:00:00; From: 2022-11-07, To: 2022-11-07, Times: 08:00:00 - 17:00:00",0531190,05107,"620 Cherry St, Helena, AR 72342, USA",HELENA-WEST HELENA,PHILLIPS,ARKANSAS,AR,34.5288521,-90.5858638,34.5290199,-90.5855945,34.5286099,-90.5859888,False,,False
pike,Ev Bainum Learning Center (early),128 E Broadway Glenwood AR 71943,128 E Broadway,Glenwood,AR,71943,Locality wide location,false,true,"From: 2022-10-24, To: 2022-10-28, Times: 08:00:00 - 18:00:00; From: 2022-10-29, To: 2022-10-29, Times: 10:00:00 - 16:00:00; From: 2022-10-31, To: 2022-11-04, Times: 08:00:00 - 18:00:00; From: 2022-11-05, To: 2022-11-05, Times: 10:00:00 - 16:00:00; From: 2022-11-07, To: 2022-11-07, Times: 08:00:00 - 17:00:00",0527310,05109,"128 E Broadway, Glenwood, AR 71943, USA",GLENWOOD,PIKE,ARKANSAS,AR,34.3220107,-93.5492278,34.3220813,-93.5490993,34.321969,-93.5493758,False,,False
pike,Ev Courthouse Annex,112 N Washington Murfreesboro AR 71958,112 N Washington,Murfreesboro,AR,71958,Locality wide location,false,true,"From: 2022-10-24, To: 2022-10-28, Times: 08:00:00 - 18:00:00; From: 2022-10-29, To: 2022-10-29, Times: 10:00:00 - 16:00:00; From: 2022-10-31, To: 2022-11-04, Times: 08:00:00 - 18:00:00; From: 2022-11-05, To: 2022-11-05, Times: 10:00:00 - 16:00:00; From: 2022-11-07, To: 2022-11-07, Times: 08:00:00 - 17:00:00",0548290,05109,"112 N Washington St, Murfreesboro, AR 71958, USA",MURFREESBORO,PIKE,ARKANSAS,AR,34.0627348,-93.69041469999999,34.0628677,-93.6903198,34.0626166,-93.69050039999999,False,,False
poinsett,EV First Baptist Church Marked Tree,412 Liberty St Marked Tree AR 72365,412 Liberty St,Marked Tree,AR,72365,Locality wide location,false,true,"From: 2022-10-29, To: 2022-10-29, Times: 10:00:00 - 16:00:00; From: 2022-11-05, To: 2022-11-05, Times: 10:00:00 - 16:00:00",0544210,05111,"412 Liberty St, Marked Tree, AR 72365, USA",MARKED TREE,POINSETT,ARKANSAS,AR,35.5287623,-90.418667,35.5290341,-90.4182697,35.5284664,-90.4189184,False,,False
poinsett,EV Old Community Center,100 Poinsett Ave Trumann AR 72472,100 Poinsett Ave,Trumann,AR,72472,Locality wide location,false,true,"From: 2022-10-29, To: 2022-10-29, Times: 10:00:00 - 16:00:00; From: 2022-11-05, To: 2022-11-05, Times: 10:00:00 - 16:00:00",0570010,05111,"100 Poinsett Ave, Trumann, AR 72472, USA",TRUMANN,POINSETT,ARKANSAS,AR,35.6725639,-90.5126769,35.6727836,-90.51238479999999,35.67235660000001,-90.5129311,False,,False
poinsett,Poinsett County Courthouse Annex,110 N East St Harrisburg AR 72432,110 N East St,Harrisburg,AR,72432,Locality wide location,false,true,"From: 2022-10-24, To: 2022-10-28, Times: 08:00:00 - 18:00:00; From: 2022-10-29, To: 2022-10-29, Times: 10:00:00 - 16:00:00; From: 2022-10-31, To: 2022-11-04, Times: 08:00:00 - 18:00:00; From: 2022-11-05, To: 2022-11-05, Times: 10:00:00 - 16:00:00; From: 2022-11-07, To: 2022-11-07, Times: 08:00:00 - 17:00:00",0530400,05111,"110 N East St, Harrisburg, AR 72432, USA",HARRISBURG,POINSETT,ARKANSAS,AR,35.5633629,-90.7172411,,,,,False,,False
polk,Ev Dequeen Street Armory Or Any Vote Center,601 DeQueen St Mena AR 71953,601 DeQueen St,Mena,AR,71953,Locality wide location,false,true,"From: 2022-10-24, To: 2022-10-28, Times: 08:00:00 - 18:00:00; From: 2022-10-29, To: 2022-10-29, Times: 10:00:00 - 16:00:00; From: 2022-10-31, To: 2022-11-04, Times: 08:00:00 - 18:00:00; From: 2022-11-05, To: 2022-11-05, Times: 10:00:00 - 16:00:00; From: 2022-11-07, To: 2022-11-07, Times: 08:00:00 - 17:00:00",0545170,05113,"601 Dequeen St, Mena, AR 71953, USA",MENA,POLK,ARKANSAS,AR,34.5841943,-94.2381419,,,,,False,,False
pope,County Clerks Office - Absentee Voting Only,100 W Main St Russellville AR 72801,100 W Main St,Russellville,AR,72801,Locality wide location,false,true,"From: 2022-10-24, To: 2022-10-28, Times: 08:00:00 - 18:00:00; From: 2022-10-29, To: 2022-10-29, Times: 10:00:00 - 16:00:00; From: 2022-10-31, To: 2022-11-04, Times: 08:00:00 - 18:00:00; From: 2022-11-05, To: 2022-11-05, Times: 10:00:00 - 16:00:00; From: 2022-11-07, To: 2022-11-07, Times: 08:00:00 - 17:00:00",0561670,05115,"100 W Main St, Russellville, AR 72801, USA",RUSSELLVILLE,POPE,ARKANSAS,AR,35.2784896,-93.13397669999999,35.2786629,-93.13383859999999,35.2782772,-93.1342533,False,,False
prairie,Prairie County Courthouse- DeValls Bluff,183 Prairie St Devalls Bluff AR 72041,183 Prairie St,Devalls Bluff,AR,72041,Locality wide location,false,true,"From: 2022-10-24, To: 2022-10-28, Times: 08:00:00 - 18:00:00; From: 2022-10-29, To: 2022-10-29, Times: 10:00:00 - 16:00:00; From: 2022-10-31, To: 2022-11-04, Times: 08:00:00 - 18:00:00; From: 2022-11-05, To: 2022-11-05, Times: 10:00:00 - 16:00:00; From: 2022-11-07, To: 2022-11-07, Times: 08:00:00 - 17:00:00",,05117,"183 Prairie St, De Valls Bluff, AR 72041, USA",DE VALLS BLUFF,PRAIRIE,ARKANSAS,AR,34.7835046,-91.462217,,,,,False,,False
prairie,Prairie County Courthouse-Des Arc,200 Courthouse Square Des Arc AR 72040,200 Courthouse Square,Des Arc,AR,72040,Locality wide location,false,true,"From: 2022-10-24, To: 2022-10-28, Times: 08:00:00 - 18:00:00; From: 2022-10-29, To: 2022-10-29, Times: 10:00:00 - 16:00:00; From: 2022-10-31, To: 2022-11-04, Times: 08:00:00 - 18:00:00; From: 2022-11-05, To: 2022-11-05, Times: 10:00:00 - 16:00:00; From: 2022-11-07, To: 2022-11-07, Times: 08:00:00 - 17:00:00",,05117,"200 W Courthouse Square, Des Arc, AR 72040, USA",DES ARC,PRAIRIE,ARKANSAS,AR,34.9776987,-91.4949571,,,,,False,,False
pulaski,Adolphine Fletcher Terry Library,2015 Napa Valley Dr Little Rock AR 72212,2015 Napa Valley Dr,Little Rock,AR,72212,Locality wide location,false,true,"From: 2022-10-24, To: 2022-10-28, Times: 10:00:00 - 18:00:00; From: 2022-10-29, To: 2022-10-29, Times: 10:00:00 - 16:00:00; From: 2022-10-31, To: 2022-11-04, Times: 10:00:00 - 18:00:00; From: 2022-11-05, To: 2022-11-05, Times: 10:00:00 - 16:00:00",,05119,"2015 Napa Valley Dr, Little Rock, AR 72212, USA",LITTLE ROCK,PULASKI,ARKANSAS,AR,34.771425,-92.4105143,34.7716521,-92.4101724,34.7713004,-92.4108389,False,,False
pulaski,Bethel Baptist,112 N Jeff Davis St Jacksonville AR 72076,112 N Jeff Davis St,Jacksonville,AR,72076,Locality wide location,false,true,"From: 2022-10-24, To: 2022-10-28, Times: 10:00:00 - 18:00:00; From: 2022-10-29, To: 2022-10-29, Times: 10:00:00 - 16:00:00; From: 2022-10-31, To: 2022-11-04, Times: 10:00:00 - 18:00:00; From: 2022-11-05, To: 2022-11-05, Times: 10:00:00 - 16:00:00",0534750,05119,"112 N Jeff Davis Ave, Jacksonville, AR 72076, USA",JACKSONVILLE,PULASKI,ARKANSAS,AR,34.8685696,-92.1210184,34.8687251,-92.1206758,34.8684642,-92.1212446,False,,False
pulaski,Dee Brown Library,6325 Baseline Rd Little Rock AR 72209,6325 Baseline Rd,Little Rock,AR,72209,Locality wide location,false,true,"From: 2022-10-24, To: 2022-10-28, Times: 10:00:00 - 18:00:00; From: 2022-10-29, To: 2022-10-29, Times: 10:00:00 - 16:00:00; From: 2022-10-31, To: 2022-11-04, Times: 10:00:00 - 18:00:00; From: 2022-11-05, To: 2022-11-05, Times: 10:00:00 - 16:00:00",,05119,"6325 Baseline Rd, Little Rock, AR 72209, USA",LITTLE ROCK,PULASKI,ARKANSAS,AR,34.6685763,-92.35024949999999,34.668769,-92.34996799999999,34.6684576,-92.35047019999999,False,,False
pulaski,First Christian Church of Sherwood,2803 E Kiehl Ave Sherwood AR 72120,2803 E Kiehl Ave,Sherwood,AR,72120,Locality wide location,false,true,"From: 2022-10-24, To: 2022-10-28, Times: 10:00:00 - 18:00:00; From: 2022-10-29, To: 2022-10-29, Times: 10:00:00 - 16:00:00; From: 2022-10-31, To: 2022-11-04, Times: 10:00:00 - 18:00:00; From: 2022-11-05, To: 2022-11-05, Times: 10:00:00 - 16:00:00",0563800,05119,"2803 E Kiehl Ave, Sherwood, AR 72120, USA",SHERWOOD,PULASKI,ARKANSAS,AR,34.8330643,-92.2059462,,,,,False,,False
pulaski,Glenview Community Center,4800 E 19th St North Little Rock AR 72114,4800 E 19th St,North Little Rock,AR,72114,Locality wide location,false,true,"From: 2022-10-24, To: 2022-10-28, Times: 10:00:00 - 18:00:00; From: 2022-10-29, To: 2022-10-29, Times: 10:00:00 - 16:00:00; From: 2022-10-31, To: 2022-11-04, Times: 10:00:00 - 18:00:00; From: 2022-11-05, To: 2022-11-05, Times: 10:00:00 - 16:00:00",0550450,05119,"4800 E 19th St, North Little Rock, AR 72114, USA",NORTH LITTLE ROCK,PULASKI,ARKANSAS,AR,34.7717361,-92.256798,,,,,False,,False
pulaski,Hillary Clinton Childrens Library,4800 W 10th St Little Rock AR 72204,4800 W 10th St,Little Rock,AR,72204,Locality wide location,false,true,"From: 2022-10-24, To: 2022-10-28, Times: 10:00:00 - 18:00:00; From: 2022-10-29, To: 2022-10-29, Times: 10:00:00 - 16:00:00; From: 2022-10-31, To: 2022-11-04, Times: 10:00:00 - 18:00:00; From: 2022-11-05, To: 2022-11-05, Times: 10:00:00 - 16:00:00",,05119,"4800 W 10th St, Little Rock, AR 72204, USA",LITTLE ROCK,PULASKI,ARKANSAS,AR,34.7435792,-92.3280667,,,,,False,,False
pulaski,Jess Odom Community Center,1100 Edgewood Dr Maumelle AR 72113,1100 Edgewood Dr,Maumelle,AR,72113,Locality wide location,false,true,"From: 2022-10-24, To: 2022-10-28, Times: 10:00:00 - 18:00:00; From: 2022-10-29, To: 2022-10-29, Times: 10:00:00 - 16:00:00; From: 2022-10-31, To: 2022-11-04, Times: 10:00:00 - 18:00:00; From: 2022-11-05, To: 2022-11-05, Times: 10:00:00 - 16:00:00",0544600,05119,"1100 Edgewood Dr, Maumelle, AR 72113, USA",MAUMELLE,PULASKI,ARKANSAS,AR,34.8670992,-92.40360109999999,34.8672809,-92.4035055,34.8668983,-92.40375329999999,False,,False
pulaski,John Gould Fletcher Library,823 N Buchanan St Little Rock AR 72205,823 N Buchanan St,Little Rock,AR,72205,Locality wide location,false,true,"From: 2022-10-24, To: 2022-10-28, Times: 10:00:00 - 18:00:00; From: 2022-10-29, To: 2022-10-29, Times: 10:00:00 - 16:00:00; From: 2022-10-31, To: 2022-11-04, Times: 10:00:00 - 18:00:00; From: 2022-11-05, To: 2022-11-05, Times: 10:00:00 - 16:00:00",,05119,"823 N Buchanan St, Little Rock, AR 72205, USA",LITTLE ROCK,PULASKI,ARKANSAS,AR,34.7590655,-92.33828079999999,34.7593255,-92.3381197,34.7589257,-92.33852170000002,False,,False
pulaski,Pulaski County Regional Building,501 W Markham St Little Rock AR 72201,501 W Markham St,Little Rock,AR,72201,Locality wide location,false,true,"From: 2022-10-24, To: 2022-10-28, Times: 08:00:00 - 18:00:00; From: 2022-10-29, To: 2022-10-29, Times: 10:00:00 - 16:00:00; From: 2022-10-31, To: 2022-11-04, Times: 08:00:00 - 18:00:00; From: 2022-11-05, To: 2022-11-05, Times: 10:00:00 - 16:00:00; From: 2022-11-07, To: 2022-11-07, Times: 08:00:00 - 17:00:00",,05119,"Pulaski County Regional Center, 501 W Markham St, Little Rock, AR 72201, USA",LITTLE ROCK,PULASKI,ARKANSAS,AR,34.7481606,-92.2755485,34.7485455,-92.2753549,34.7478688,-92.2758897,False,,False
pulaski,Roosevelt Thompson Library,38 Rahling Cir Little Rock AR 72223,38 Rahling Cir,Little Rock,AR,72223,Locality wide location,false,true,"From: 2022-10-24, To: 2022-10-28, Times: 10:00:00 - 18:00:00; From: 2022-10-29, To: 2022-10-29, Times: 10:00:00 - 16:00:00; From: 2022-10-31, To: 2022-11-04, Times: 10:00:00 - 18:00:00; From: 2022-11-05, To: 2022-11-05, Times: 10:00:00 - 16:00:00",,05119,"38 Rahling Cir, Little Rock, AR 72223, USA",LITTLE ROCK,PULASKI,ARKANSAS,AR,34.76876370000001,-92.45438349999999,,,,,False,,False
pulaski,Sidney S. McMath Library,2100 John Barrow Rd Little Rock AR 72204,2100 John Barrow Rd,Little Rock,AR,72204,Locality wide location,false,true,"From: 2022-10-24, To: 2022-10-28, Times: 10:00:00 - 18:00:00; From: 2022-10-29, To: 2022-10-29, Times: 10:00:00 - 16:00:00; From: 2022-10-31, To: 2022-11-04, Times: 10:00:00 - 18:00:00; From: 2022-11-05, To: 2022-11-05, Times: 10:00:00 - 16:00:00",,05119,"2100 John Barrow Rd, Little Rock, AR 72204, USA",LITTLE ROCK,PULASKI,ARKANSAS,AR,34.733897,-92.3727128,,,,,False,,False
pulaski,Sue Cowan Williams Library,1800 S Chester St Little Rock AR 72206,1800 S Chester St,Little Rock,AR,72206,Locality wide location,false,true,"From: 2022-10-24, To: 2022-10-28, Times: 10:00:00 - 18:00:00; From: 2022-10-29, To: 2022-10-29, Times: 10:00:00 - 16:00:00; From: 2022-10-31, To: 2022-11-04, Times: 10:00:00 - 18:00:00; From: 2022-11-05, To: 2022-11-05, Times: 10:00:00 - 16:00:00",,05119,"1800 S Chester St, Little Rock, AR 72206, USA",LITTLE ROCK,PULASKI,ARKANSAS,AR,34.7324636,-92.28485359999999,,,,,False,,False
pulaski,William F. Laman Library,2801 Orange St North Little Rock AR 72114,2801 Orange St,North Little Rock,AR,72114,Locality wide location,false,true,"From: 2022-10-24, To: 2022-10-28, Times: 10:00:00 - 18:00:00; From: 2022-10-29, To: 2022-10-29, Times: 10:00:00 - 16:00:00; From: 2022-10-31, To: 2022-11-04, Times: 10:00:00 - 18:00:00; From: 2022-11-05, To: 2022-11-05, Times: 10:00:00 - 16:00:00",0550450,05119,"2801 Orange St, North Little Rock, AR 72114, USA",NORTH LITTLE ROCK,PULASKI,ARKANSAS,AR,34.780425,-92.2700622,34.7807555,-92.26974609999999,34.7800345,-92.27036609999999,False,,False
randolph,First Baptist Church,511 W Church St Pocahontas AR 72455,511 W Church St,Pocahontas,AR,72455,Locality wide location,false,true,"From: 2022-10-24, To: 2022-10-28, Times: 08:00:00 - 18:00:00; From: 2022-10-29, To: 2022-10-29, Times: 10:00:00 - 16:00:00; From: 2022-10-31, To: 2022-11-04, Times: 08:00:00 - 18:00:00; From: 2022-11-05, To: 2022-11-05, Times: 10:00:00 - 16:00:00; From: 2022-11-07, To: 2022-11-07, Times: 08:00:00 - 17:00:00",0556540,05121,"511 W Church St, Pocahontas, AR 72455, USA",POCAHONTAS,RANDOLPH,ARKANSAS,AR,36.26462110000001,-90.9715751,36.2647841,-90.9713051,36.2645753,-90.9717251,False,,False
saline,Benton Early Vote Center,221 N Main St Benton AR 72015,221 N Main St,Benton,AR,72015,Locality wide location,false,true,"From: 2022-10-24, To: 2022-10-28, Times: 08:00:00 - 18:00:00; From: 2022-10-29, To: 2022-10-29, Times: 10:00:00 - 16:00:00; From: 2022-10-31, To: 2022-11-04, Times: 08:00:00 - 18:00:00; From: 2022-11-05, To: 2022-11-05, Times: 10:00:00 - 16:00:00; From: 2022-11-07, To: 2022-11-07, Times: 08:00:00 - 17:00:00",,05125,"221 N Main St, Benton, AR 72015, USA",BENTON,SALINE,ARKANSAS,AR,34.5653034,-92.5864143,34.56535909999999,-92.58622319999999,34.5652104,-92.58666009999999,False,,False
saline,East Union Missionary Baptist Early Vote Center,20422 N Springlake Rd Hensley AR 72065,20422 N Springlake Rd,Hensley,AR,72065,Locality wide location,false,true,"From: 2022-10-24, To: 2022-10-28, Times: 08:00:00 - 18:00:00; From: 2022-10-29, To: 2022-10-29, Times: 10:00:00 - 16:00:00; From: 2022-10-31, To: 2022-11-04, Times: 08:00:00 - 18:00:00; From: 2022-11-05, To: 2022-11-05, Times: 10:00:00 - 16:00:00; From: 2022-11-07, To: 2022-11-07, Times: 08:00:00 - 17:00:00",,05125,"20422 N Springlake Rd, Hensley, AR 72065, USA",HENSLEY,SALINE,ARKANSAS,AR,34.5634569,-92.3223933,34.56375209999999,-92.3219101,34.5632191,-92.3227598,False,,False
saline,New Life Early Vote Center,4200 Hwy 5 N Bryant AR 72022,4200 Hwy 5 N,Bryant,AR,72022,Locality wide location,false,true,"From: 2022-10-24, To: 2022-10-28, Times: 08:00:00 - 18:00:00; From: 2022-10-29, To: 2022-10-29, Times: 10:00:00 - 16:00:00; From: 2022-10-31, To: 2022-11-04, Times: 08:00:00 - 18:00:00; From: 2022-11-05, To: 2022-11-05, Times: 10:00:00 - 16:00:00; From: 2022-11-07, To: 2022-11-07, Times: 08:00:00 - 17:00:00",0509460,05125,"4200 AR-5, Mountain Home, AR 72653, USA",MOUNTAIN HOME,BAXTER,ARKANSAS,AR,36.3001476,-92.3342682,,,,,False,,False
saline,Owensville Baptist Early Vote Center,22000 AR-5 Lonsdale AR 72087,22000 AR-5,Lonsdale,AR,72087,Locality wide location,false,true,"From: 2022-10-24, To: 2022-10-28, Times: 08:00:00 - 18:00:00; From: 2022-10-29, To: 2022-10-29, Times: 10:00:00 - 16:00:00; From: 2022-10-31, To: 2022-11-04, Times: 08:00:00 - 18:00:00; From: 2022-11-05, To: 2022-11-05, Times: 10:00:00 - 16:00:00; From: 2022-11-07, To: 2022-11-07, Times: 08:00:00 - 17:00:00",0541450,05125,"22000 AR-5, Lonsdale, AR 72087, USA",LONSDALE,SALINE,ARKANSAS,AR,34.6165296,-92.8225399,34.6167011,-92.8224384,34.6164317,-92.82261419999999,False,,False
scott,01EV Memorial Hall,96 S Main St Waldron AR 72958,96 S Main St,Waldron,AR,72958,Locality wide location,false,true,"From: 2022-10-24, To: 2022-10-28, Times: 08:00:00 - 18:00:00; From: 2022-10-29, To: 2022-10-29, Times: 10:00:00 - 16:00:00; From: 2022-10-31, To: 2022-11-04, Times: 08:00:00 - 18:00:00; From: 2022-11-05, To: 2022-11-05, Times: 10:00:00 - 16:00:00; From: 2022-11-07, To: 2022-11-07, Times: 08:00:00 - 17:00:00",0572380,05127,"96 S Main St, Waldron, AR 72958, USA",WALDRON,SCOTT,ARKANSAS,AR,34.900147,-94.0916096,,,,,False,,False
searcy,Marshall Civic Center Ev,515 Zack Rd Marshall AR 72650,515 Zack Rd,Marshall,AR,72650,Locality wide location,false,true,"From: 2022-10-24, To: 2022-10-28, Times: 08:00:00 - 18:00:00; From: 2022-10-29, To: 2022-10-29, Times: 10:00:00 - 16:00:00; From: 2022-10-31, To: 2022-11-04, Times: 08:00:00 - 18:00:00; From: 2022-11-05, To: 2022-11-05, Times: 10:00:00 - 16:00:00; From: 2022-11-07, To: 2022-11-07, Times: 08:00:00 - 17:00:00",0544300,05129,"515 Zack Rd, Marshall, AR 72650, USA",MARSHALL,SEARCY,ARKANSAS,AR,35.9147646,-92.65747619999999,35.9150088,-92.65731939999999,35.9146546,-92.6576862,False,,False
sebastian,Ev 039 Sebastian County Clerk's Office,35 S 6th St Fort Smith AR 72901,35 S 6th St,Fort Smith,AR,72901,Locality wide location,false,true,"From: 2022-10-24, To: 2022-10-28, Times: 08:00:00 - 18:00:00; From: 2022-10-29, To: 2022-10-29, Times: 10:00:00 - 16:00:00; From: 2022-10-31, To: 2022-11-04, Times: 08:00:00 - 18:00:00; From: 2022-11-05, To: 2022-11-05, Times: 10:00:00 - 16:00:00; From: 2022-11-07, To: 2022-11-07, Times: 08:00:00 - 17:00:00",0524550,05131,"35 S 6th St, Fort Smith, AR 72901, USA",FORT SMITH,SEBASTIAN,ARKANSAS,AR,35.3856889,-94.426058,35.38597,-94.4257495,35.3854032,-94.4263874,False,,False
sebastian,Ev Ben Geren,7200 Zero St Fort Smith AR 72903,7200 Zero St,Fort Smith,AR,72903,Locality wide location,false,true,"From: 2022-10-24, To: 2022-10-28, Times: 08:00:00 - 18:00:00; From: 2022-10-29, To: 2022-10-29, Times: 10:00:00 - 16:00:00; From: 2022-10-31, To: 2022-11-04, Times: 08:00:00 - 18:00:00; From: 2022-11-05, To: 2022-11-05, Times: 10:00:00 - 16:00:00; From: 2022-11-07, To: 2022-11-07, Times: 08:00:00 - 17:00:00",0524550,05131,"7200 Zero St, Fort Smith, AR 72903, USA",FORT SMITH,SEBASTIAN,ARKANSAS,AR,35.3257109,-94.35581049999999,35.3257629,-94.35576549999999,35.325659,-94.35589460000001,False,,False
sebastian,Ev Creekmore Park Recreation Bldg,3301 S M St Fort Smith AR 72903,3301 S M St,Fort Smith,AR,72903,Locality wide location,false,true,"From: 2022-10-24, To: 2022-10-28, Times: 08:00:00 - 18:00:00; From: 2022-10-29, To: 2022-10-29, Times: 10:00:00 - 16:00:00; From: 2022-10-31, To: 2022-11-04, Times: 08:00:00 - 18:00:00; From: 2022-11-05, To: 2022-11-05, Times: 10:00:00 - 16:00:00; From: 2022-11-07, To: 2022-11-07, Times: 08:00:00 - 17:00:00",0524550,05131,"3301 S M St, Fort Smith, AR 72903, USA",FORT SMITH,SEBASTIAN,ARKANSAS,AR,35.3708891,-94.3982652,,,,,False,,False
sebastian,Ev Greenwood Seb Co Fairgrounds,530 E Knoxville St Greenwood AR 72936,530 E Knoxville St,Greenwood,AR,72936,Locality wide location,false,true,"From: 2022-10-24, To: 2022-10-28, Times: 08:00:00 - 18:00:00; From: 2022-10-29, To: 2022-10-29, Times: 10:00:00 - 16:00:00; From: 2022-10-31, To: 2022-11-04, Times: 08:00:00 - 18:00:00; From: 2022-11-05, To: 2022-11-05, Times: 10:00:00 - 16:00:00; From: 2022-11-07, To: 2022-11-07, Times: 08:00:00 - 17:00:00",0528780,05131,"530 E Knoxville St, Greenwood, AR 72936, USA",GREENWOOD,SEBASTIAN,ARKANSAS,AR,35.2240376,-94.2519621,35.2240969,-94.25179849999999,35.223957,-94.252168,False,,False
sebastian,Ev Martin Luther King Park,1901 N Greenwood Ave Fort Smith AR 72904,1901 N Greenwood Ave,Fort Smith,AR,72904,Locality wide location,false,true,"From: 2022-10-24, To: 2022-10-28, Times: 08:00:00 - 18:00:00; From: 2022-10-29, To: 2022-10-29, Times: 10:00:00 - 16:00:00; From: 2022-10-31, To: 2022-11-04, Times: 08:00:00 - 18:00:00; From: 2022-11-05, To: 2022-11-05, Times: 10:00:00 - 16:00:00; From: 2022-11-07, To: 2022-11-07, Times: 08:00:00 - 17:00:00",0524550,05131,"1901 N Greenwood Ave, Fort Smith, AR 72904, USA",FORT SMITH,SEBASTIAN,ARKANSAS,AR,35.39621899999999,-94.403621,,,,,False,,False
sebastian,Ev Rye Hill Baptist Church,11512 Old Hwy 71 S Fort Smith AR 72916,11512 Old Hwy 71 S,Fort Smith,AR,72916,Locality wide location,false,true,"From: 2022-10-24, To: 2022-10-28, Times: 08:00:00 - 18:00:00; From: 2022-10-29, To: 2022-10-29, Times: 10:00:00 - 16:00:00; From: 2022-10-31, To: 2022-11-04, Times: 08:00:00 - 18:00:00; From: 2022-11-05, To: 2022-11-05, Times: 10:00:00 - 16:00:00; From: 2022-11-07, To: 2022-11-07, Times: 08:00:00 - 17:00:00",0524550,05131,"11512 Old Hwy 71 S, Fort Smith, AR 72916, USA",FORT SMITH,SEBASTIAN,ARKANSAS,AR,35.2744802,-94.3710772,,,,,False,,False
sevier,Ev Vote Center 2 D Q Com Bldg,506 E Haes Ave De Queen AR 71832,506 E Haes Ave,De Queen,AR,71832,Locality wide location,false,true,"From: 2022-10-24, To: 2022-10-28, Times: 08:00:00 - 18:00:00; From: 2022-10-29, To: 2022-10-29, Times: 10:00:00 - 16:00:00; From: 2022-10-31, To: 2022-11-04, Times: 08:00:00 - 18:00:00; From: 2022-11-05, To: 2022-11-05, Times: 10:00:00 - 16:00:00; From: 2022-11-07, To: 2022-11-07, Times: 08:00:00 - 17:00:00",,05133,"506 E Haes Ave, De Queen, AR 71832, USA",DE QUEEN,SEVIER,ARKANSAS,AR,34.042971,-94.334184,,,,,False,,False
sharp,EV-Ash Flat Vote Center,718 Ash Flat Dr Ash Flat AR 72513,718 Ash Flat Dr,Ash Flat,AR,72513,Locality wide location,false,true,"From: 2022-10-24, To: 2022-10-28, Times: 08:00:00 - 18:00:00; From: 2022-10-29, To: 2022-10-29, Times: 10:00:00 - 16:00:00; From: 2022-10-31, To: 2022-11-04, Times: 08:00:00 - 18:00:00; From: 2022-11-05, To: 2022-11-05, Times: 10:00:00 - 16:00:00; From: 2022-11-07, To: 2022-11-07, Times: 08:00:00 - 17:00:00",,05135,"718 Ash Flat Dr N, Ash Flat, AR 72513, USA",ASH FLAT,SHARP,ARKANSAS,AR,36.2283721,-91.60559599999999,36.2286723,-91.60501529999999,36.2279411,-91.60596609999999,False,,False
sharp,EV-Cave City Vote Center,120 E Spring St Cave City AR 72521,120 E Spring St,Cave City,AR,72521,Locality wide location,false,true,"From: 2022-10-27, To: 2022-10-28, Times: 08:00:00 - 18:00:00; From: 2022-10-29, To: 2022-10-29, Times: 10:00:00 - 16:00:00; From: 2022-11-03, To: 2022-11-04, Times: 08:00:00 - 18:00:00; From: 2022-11-05, To: 2022-11-05, Times: 10:00:00 - 16:00:00; From: 2022-11-07, To: 2022-11-07, Times: 08:00:00 - 16:00:00",,05135,"120 Spring St, Cave City, AR 72521, USA",CAVE CITY,SHARP,ARKANSAS,AR,35.9396207,-91.5469311,35.9397386,-91.546787,35.9394415,-91.54707529999999,False,,False
sharp,EV-Hardy Vote Center,301 W Main St Hardy AR 72542,301 W Main St,Hardy,AR,72542,Locality wide location,false,true,"From: 2022-10-27, To: 2022-10-28, Times: 08:00:00 - 18:00:00; From: 2022-10-29, To: 2022-10-29, Times: 10:00:00 - 16:00:00; From: 2022-11-03, To: 2022-11-04, Times: 08:00:00 - 18:00:00; From: 2022-11-05, To: 2022-11-05, Times: 10:00:00 - 16:00:00; From: 2022-11-07, To: 2022-11-07, Times: 08:00:00 - 16:00:00",0529920,05135,"301 W Main St, Hardy, AR 72542, USA",HARDY,SHARP,ARKANSAS,AR,36.3152037,-91.48574889999999,,,,,False,,False
st_francis,Courthouse H,313 S Izard St Forest City AR 72335,313 S Izard St,Forest City,AR,72335,Locality wide location,false,true,"From: 2022-10-24, To: 2022-10-28, Times: 08:00:00 - 18:00:00; From: 2022-10-29, To: 2022-10-29, Times: 10:00:00 - 16:00:00; From: 2022-10-31, To: 2022-11-04, Times: 08:00:00 - 18:00:00; From: 2022-11-05, To: 2022-11-05, Times: 10:00:00 - 16:00:00; From: 2022-11-07, To: 2022-11-07, Times: 08:00:00 - 17:00:00",0528600,,"313 S Izard St, Forrest City, AR 72335, USA",FORREST CITY,ST. FRANCIS,ARKANSAS,AR,35.008163,-90.7827751,35.0084566,-90.7824615,35.0080304,-90.78304159999999,False,,False
stone,Stone Co. Elections Office,111 N Peabody Ave Mountain View AR 72560,111 N Peabody Ave,Mountain View,AR,72560,Locality wide location,false,true,"From: 2022-10-24, To: 2022-10-28, Times: 08:00:00 - 18:00:00; From: 2022-10-29, To: 2022-10-29, Times: 10:00:00 - 16:00:00; From: 2022-10-31, To: 2022-11-04, Times: 08:00:00 - 18:00:00; From: 2022-11-05, To: 2022-11-05, Times: 10:00:00 - 16:00:00; From: 2022-11-07, To: 2022-11-07, Times: 08:00:00 - 17:00:00",,05137,"111 N Peabody Ave, Mountain View, AR 72560, USA",MOUNTAIN VIEW,STONE,ARKANSAS,AR,35.8692383,-92.1175413,,,,,False,,False
union,E V Municipal Auditorium,100 W 8th St El Dorado AR 71730,100 W 8th St,El Dorado,AR,71730,Locality wide location,false,true,"From: 2022-10-24, To: 2022-10-28, Times: 08:00:00 - 18:00:00; From: 2022-10-29, To: 2022-10-29, Times: 10:00:00 - 16:00:00; From: 2022-10-31, To: 2022-11-04, Times: 08:00:00 - 18:00:00; From: 2022-11-05, To: 2022-11-05, Times: 10:00:00 - 16:00:00; From: 2022-11-07, To: 2022-11-07, Times: 08:00:00 - 17:00:00",,05139,"100 W 8th St, El Dorado, AR 71730, USA",EL DORADO,UNION,ARKANSAS,AR,33.2251722,-92.6638006,,,,,False,,False
van_buren,Voter Registration Office (Annex Courthouse),1414 Hwy 65 S Clinton AR 72031,1414 Hwy 65 S,Clinton,AR,72031,Locality wide location,false,true,"From: 2022-10-24, To: 2022-10-28, Times: 08:00:00 - 18:00:00; From: 2022-10-29, To: 2022-10-29, Times: 10:00:00 - 16:00:00; From: 2022-10-31, To: 2022-11-04, Times: 08:00:00 - 18:00:00; From: 2022-11-05, To: 2022-11-05, Times: 10:00:00 - 16:00:00; From: 2022-11-07, To: 2022-11-07, Times: 08:00:00 - 17:00:00",0514260,,"1414 Hwy 65 S, Clinton, AR 72031, USA",CLINTON,VAN BUREN,ARKANSAS,AR,35.5748312,-92.4524182,35.5749337,-92.4523531,35.5747083,-92.4525142,False,,False
washington,EV American Legion Hall,20 Spring St Springdale AR 72764,20 Spring St,Springdale,AR,72764,Locality wide location,false,true,"From: 2022-10-25, To: 2022-10-27, Times: 08:00:00 - 18:00:00",0566080,05143,"20 Spring St, Springdale, AR 72764, USA",SPRINGDALE,WASHINGTON,ARKANSAS,AR,36.1850367,-94.1300247,,,,,False,,False
washington,EV Bud Walton Arena,1270 Nolan Richardson Dr Fayetteville AR 72701,1270 Nolan Richardson Dr,Fayetteville,AR,72701,Locality wide location,false,true,"From: 2022-10-26, To: 2022-10-28, Times: 08:00:00 - 18:00:00",0523290,05143,"1270 Nolan Richardson Dr, Fayetteville, AR 72701, USA",FAYETTEVILLE,WASHINGTON,ARKANSAS,AR,36.0615904,-94.1779711,,,,,False,,False
washington,EV Covenant Church,4511 W Wedington Dr Fayetteville AR 72701,4511 W Wedington Dr,Fayetteville,AR,72701,Locality wide location,false,true,"From: 2022-10-24, To: 2022-10-28, Times: 08:00:00 - 18:00:00; From: 2022-10-29, To: 2022-10-29, Times: 10:00:00 - 16:00:00; From: 2022-10-31, To: 2022-11-04, Times: 08:00:00 - 18:00:00; From: 2022-11-05, To: 2022-11-05, Times: 10:00:00 - 16:00:00",0523290,05143,"4511 W Wedington Dr, Fayetteville, AR 72704, USA",FAYETTEVILLE,WASHINGTON,ARKANSAS,AR,36.0783139,-94.2251328,36.0785721,-94.2248934,36.0780382,-94.22529829999999,False,,False
washington,EV Elkins Community Center,162 Doolin Dr Elkins AR 72727,162 Doolin Dr,Elkins,AR,72727,Locality wide location,false,true,"From: 2022-10-24, To: 2022-10-28, Times: 08:00:00 - 18:00:00; From: 2022-10-29, To: 2022-10-29, Times: 10:00:00 - 16:00:00; From: 2022-10-31, To: 2022-11-04, Times: 08:00:00 - 18:00:00",0521190,05143,"162 Doolin Dr, Elkins, AR 72727, USA",ELKINS,WASHINGTON,ARKANSAS,AR,36.0031974,-94.00642189999999,36.0033932,-94.00619549999999,36.0029596,-94.006665,False,,False
washington,EV Elmdale Baptist Church,1700 W Huntsville Rd Springdale AR 72762,1700 W Huntsville Rd,Springdale,AR,72762,Locality wide location,false,true,"From: 2022-10-24, To: 2022-10-28, Times: 08:00:00 - 18:00:00; From: 2022-10-29, To: 2022-10-29, Times: 10:00:00 - 16:00:00; From: 2022-10-31, To: 2022-11-04, Times: 08:00:00 - 18:00:00; From: 2022-11-05, To: 2022-11-05, Times: 10:00:00 - 16:00:00",0566080,05143,"1700 W Huntsville Ave, Springdale, AR 72762, USA",SPRINGDALE,WASHINGTON,ARKANSAS,AR,36.1892932,-94.14891139999999,36.1895703,-94.1484589,36.1891328,-94.14934230000001,False,,False
washington,EV Fayetteville Public Library,401 W Mountain St Fayetteville AR 72701,401 W Mountain St,Fayetteville,AR,72701,Locality wide location,false,true,"From: 2022-10-24, To: 2022-10-26, Times: 09:00:00 - 18:00:00",0523290,05143,"401 W Mountain St, Fayetteville, AR 72701, USA",FAYETTEVILLE,WASHINGTON,ARKANSAS,AR,36.0615339,-94.16499569999999,36.0618616,-94.16451839999999,36.0612109,-94.16548189999999,False,,False
washington,EV Lincoln Community Center,112 Boyer Ave Lincoln AR 72744,112 Boyer Ave,Lincoln,AR,72744,Locality wide location,false,true,"From: 2022-11-03, To: 2022-11-04, Times: 08:00:00 - 18:00:00",0539970,05143,"112 Boyer Ave, Lincoln, AR 72744, USA",LINCOLN,WASHINGTON,ARKANSAS,AR,35.9493299,-94.4231525,35.9494498,-94.4230616,35.9492179,-94.42330369999999,False,,False
washington,EV Medical Arts Pharmacy,2515 E Huntsville Rd Fayetteville AR 72701,2515 E Huntsville Rd,Fayetteville,AR,72701,Locality wide location,false,true,"From: 2022-10-24, To: 2022-10-28, Times: 08:00:00 - 18:00:00; From: 2022-10-31, To: 2022-11-04, Times: 08:00:00 - 18:00:00",0523290,05143,"2515 E Huntsville Rd, Fayetteville, AR 72701, USA",FAYETTEVILLE,WASHINGTON,ARKANSAS,AR,36.0532219,-94.1271431,,,,,False,,False
washington,EV Prairie Grove Fire Station,131 S Neal St Prairie Grove AR 72753,131 S Neal St,Prairie Grove,AR,72753,Locality wide location,false,true,"From: 2022-10-24, To: 2022-10-28, Times: 08:00:00 - 18:00:00; From: 2022-10-29, To: 2022-10-29, Times: 10:00:00 - 16:00:00; From: 2022-10-31, To: 2022-11-04, Times: 08:00:00 - 18:00:00",0557170,05143,"131 S Neal St, Prairie Grove, AR 72753, USA",PRAIRIE GROVE,WASHINGTON,ARKANSAS,AR,35.974652,-94.315061,35.9748158,-94.3149711,35.9744911,-94.315185,False,,False
washington,EV Quorum Court Room,280 N College Ave Fayetteville AR 72701,280 N College Ave,Fayetteville,AR,72701,Locality wide location,false,true,"From: 2022-10-24, To: 2022-10-28, Times: 08:00:00 - 18:00:00; From: 2022-10-29, To: 2022-10-29, Times: 10:00:00 - 16:00:00; From: 2022-10-31, To: 2022-11-04, Times: 08:00:00 - 18:00:00; From: 2022-11-05, To: 2022-11-05, Times: 10:00:00 - 16:00:00; From: 2022-11-07, To: 2022-11-07, Times: 08:00:00 - 17:00:00",0523290,05143,"280 N College Ave, Fayetteville, AR 72701, USA",FAYETTEVILLE,WASHINGTON,ARKANSAS,AR,36.0659517,-94.15740079999999,36.0661068,-94.1571699,36.0656834,-94.1575628,False,,False
washington,EV Rise Physical Therapy,2668 E Citizens Dr Fayetteville AR 72703,2668 E Citizens Dr,Fayetteville,AR,72703,Locality wide location,false,true,"From: 2022-10-28, To: 2022-10-28, Times: 08:00:00 - 18:00:00; From: 2022-10-29, To: 2022-10-29, Times: 10:00:00 - 16:00:00",0523290,05143,"2668 E Citizens Dr, Fayetteville, AR 72703, USA",FAYETTEVILLE,WASHINGTON,ARKANSAS,AR,36.0893962,-94.1235634,,,,,False,,False
washington,EV Tontitown City Hall,235 E Henri De Tonti Blvd Tontitown AR 72770,235 E Henri De Tonti Blvd,Tontitown,AR,72770,Locality wide location,false,true,"From: 2022-10-24, To: 2022-10-28, Times: 08:00:00 - 18:00:00; From: 2022-10-29, To: 2022-10-29, Times: 10:00:00 - 16:00:00; From: 2022-10-31, To: 2022-10-31, Times: 08:00:00 - 18:00:00; From: 2022-11-01, To: 2022-11-01, Times: 08:00:00 - 16:30:00; From: 2022-11-02, To: 2022-11-04, Times: 08:00:00 - 18:00:00; From: 2022-11-05, To: 2022-11-05, Times: 10:00:00 - 16:00:00",0569740,05143,"235 E Henri De Tonti Blvd, Springdale, AR 72762, USA",SPRINGDALE,WASHINGTON,ARKANSAS,AR,36.1760708,-94.2332038,,,,,False,,False
washington,EV Walton Art Center,495 W Dickson St Fayetteville AR 72701,495 W Dickson St,Fayetteville,AR,72701,Locality wide location,false,true,"From: 2022-10-31, To: 2022-11-01, Times: 08:00:00 - 18:00:00",0523290,05143,"495 W Dickson St, Fayetteville, AR 72701, USA",FAYETTEVILLE,WASHINGTON,ARKANSAS,AR,36.0663284,-94.1650538,,,,,False,,False
washington,EV West Fork Community Ctr,222 Webber St West Fork AR 72774,222 Webber St,West Fork,AR,72774,Locality wide location,false,true,"From: 2022-10-24, To: 2022-10-28, Times: 08:00:00 - 18:00:00; From: 2022-10-29, To: 2022-10-29, Times: 10:00:00 - 16:00:00; From: 2022-10-31, To: 2022-11-04, Times: 08:00:00 - 18:00:00",,05143,"222 Webber St, West Fork, AR 72774, USA",WEST FORK,WASHINGTON,ARKANSAS,AR,35.9281828,-94.18805809999999,35.9283402,-94.1879163,35.9280005,-94.1881968,False,,False
white,Off-Site Early Voting,801 S Elm St Searcy AR 72143,801 S Elm St,Searcy,AR,72143,Locality wide location,false,true,"From: 2022-10-24, To: 2022-10-28, Times: 08:00:00 - 18:00:00; From: 2022-10-29, To: 2022-10-29, Times: 10:00:00 - 16:00:00; From: 2022-10-31, To: 2022-11-04, Times: 08:00:00 - 18:00:00; From: 2022-11-05, To: 2022-11-05, Times: 10:00:00 - 16:00:00; From: 2022-11-07, To: 2022-11-07, Times: 08:00:00 - 17:00:00",0563020,05145,"801 S Elm St, Searcy, AR 72143, USA",SEARCY,WHITE,ARKANSAS,AR,35.2410773,-91.7420945,35.2412314,-91.7417555,35.2408021,-91.7423831,False,,False
white,White County Extension Office,2400 Landing Rd Searcy AR 72143,2400 Landing Rd,Searcy,AR,72143,Locality wide location,false,true,"From: 2022-10-24, To: 2022-10-28, Times: 08:00:00 - 18:00:00; From: 2022-10-29, To: 2022-10-29, Times: 10:00:00 - 16:00:00; From: 2022-10-31, To: 2022-11-04, Times: 08:00:00 - 18:00:00; From: 2022-11-05, To: 2022-11-05, Times: 10:00:00 - 16:00:00; From: 2022-11-07, To: 2022-11-07, Times: 08:00:00 - 17:00:00",0563020,05145,"2400 Landing Rd, Searcy, AR 72143, USA",SEARCY,WHITE,ARKANSAS,AR,35.2550728,-91.7129284,,,,,False,,False
woodruff,Court House,500 N 3rd St Augusta AR 72006,500 N 3rd St,Augusta,AR,72006,Locality wide location,false,true,"From: 2022-10-24, To: 2022-10-28, Times: 08:00:00 - 18:00:00; From: 2022-10-29, To: 2022-10-29, Times: 10:00:00 - 16:00:00; From: 2022-10-31, To: 2022-11-04, Times: 08:00:00 - 18:00:00; From: 2022-11-05, To: 2022-11-05, Times: 10:00:00 - 16:00:00; From: 2022-11-07, To: 2022-11-07, Times: 08:00:00 - 17:00:00",0502740,05147,"500 N 3rd St, Augusta, AR 72006, USA",AUGUSTA,WOODRUFF,ARKANSAS,AR,35.2876029,-91.3640302,35.2877329,-91.3639219,35.2873935,-91.3641602,False,,False
yell,Danville Early Vote Center,710 Boston St Danville AR 72833,710 Boston St,Danville,AR,72833,Locality wide location,false,true,"From: 2022-10-24, To: 2022-10-28, Times: 08:00:00 - 18:00:00; From: 2022-10-29, To: 2022-10-29, Times: 10:00:00 - 16:00:00; From: 2022-10-31, To: 2022-11-04, Times: 08:00:00 - 18:00:00; From: 2022-11-05, To: 2022-11-05, Times: 10:00:00 - 16:00:00; From: 2022-11-07, To: 2022-11-07, Times: 08:00:00 - 17:00:00",0517320,05149,"710 Boston St, Danville, AR 72833, USA",DANVILLE,YELL,ARKANSAS,AR,35.0552447,-93.3919923,,,,,False,,False
yell,Dardanelle Early Vote Center,106 Union St Dardanelle AR 72834,106 Union St,Dardanelle,AR,72834,Locality wide location,false,true,"From: 2022-10-24, To: 2022-10-28, Times: 08:00:00 - 18:00:00; From: 2022-10-29, To: 2022-10-29, Times: 10:00:00 - 16:00:00; From: 2022-10-31, To: 2022-11-04, Times: 08:00:00 - 18:00:00; From: 2022-11-05, To: 2022-11-05, Times: 10:00:00 - 16:00:00; From: 2022-11-07, To: 2022-11-07, Times: 08:00:00 - 17:00:00",0517380,05149,"106 Union St, Dardanelle, AR 72834, USA",DARDANELLE,YELL,ARKANSAS,AR,35.2241118,-93.1561069,35.2242508,-93.15601070000001,35.224036,-93.15626019999999,False,,False
