Locality,Location Name,Address Full,Address Line,Address City,Address State,Address Zip,Precincts (Or Locality-wide),Is Drop Off,Is Early Voting,Schedules,Precinct FIPS,Locality FIPS,Google Address,City,County,State Long,State,Latitude,Longitude,NE Latitude,NE Longitude,SW Latitude,SW Longitude,Review Required,Problem,Duplicate
JEFFERSON,PREC 1010 - HUFFMAN BAPTIST CHURCH,"700 HUFFMAN RD BIRMINGHAM, AL 35215",,,,,"PRECINCT 1010 - 022 (01010), PRECINCT 1010 - 021 (01010), PRECINCT 1010 - 023 (01010), PRECINCT 1010 - 020 (01010), PRECINCT 1010 - 018 (01010), PRECINCT 1010 - 019 (01010)",False,false,,,01073,"700 Huffman Rd, Birmingham, AL 35215, USA",BIRMINGHAM,JEFFERSON,ALABAMA,AL,33.5990927,-86.6920698,33.5993948,-86.6914619,33.598564,-86.6924542,False,,False
JEFFERSON,PREC 1020 - TOM BRADFORD PARK,"1701 EDWARDS LAKE RD BIRMINGHAM, AL 35235",,,,,"PRECINCT 1020 - 039 (01020), PRECINCT 1020 - 040 (01020), PRECINCT 1020 - 037 (01020), PRECINCT 1020 - 042 (01020), PRECINCT 1020 - 041 (01020), PRECINCT 1020 - 043 (01020)",False,false,,,01073,"1701 Edwards Lake Rd, Birmingham, AL 35235, USA",BIRMINGHAM,JEFFERSON,ALABAMA,AL,33.602611,-86.6554412,33.605033,-86.65385,33.6001112,-86.6578887,False,,False
JEFFERSON,PREC 1030 - L.M. SMITH MIDDLE SCHOOL,"1124 FIVE MILE RD BIRMINGHAM, AL 35215",,,,,"PRECINCT 1030 - 025 (01030), PRECINCT 1030 - 024 (01030), PRECINCT 1030 - 022 (01030), PRECINCT 1030 - 021 (01030), PRECINCT 1030 - 020 (01030)",False,false,,,01073,"1124 5 Mile Rd, Birmingham, AL 35215, USA",BIRMINGHAM,JEFFERSON,ALABAMA,AL,33.6103636,-86.7009906,33.6105299,-86.70072329999999,33.6101132,-86.70115280000002,False,,False
JEFFERSON,PREC 1040 - BETHEL BAPTIST CHURCH,"1708 SPENCER AVE BIRMINGHAM, AL 35214",,,,,"PRECINCT 1040 - 003 (01040), PRECINCT 1040 - 004 (01040)",False,false,,,01073,"1708 Spencer Ave, Birmingham, AL 35214, USA",BIRMINGHAM,JEFFERSON,ALABAMA,AL,33.5474145,-86.8678898,33.5476893,-86.8674084,33.5471114,-86.8683475,False,,False
JEFFERSON,PREC 1050 - MIDFIELD COMMUNITY CENTER,"416 WOODWARD RD BIRMINGHAM, AL 35228",,,,,"PRECINCT 1050 - 018 (01050), PRECINCT 1050 - 016 (01050), PRECINCT 1050 - 020 (01050), PRECINCT 1050 - 017 (01050), PRECINCT 1050 - 019 (01050)",False,false,,,01073,"416 Woodward Rd, Birmingham, AL 35228, USA",BIRMINGHAM,JEFFERSON,ALABAMA,AL,33.4565242,-86.9209719,,,,,False,,False
JEFFERSON,PREC 1060 - SUN VALLEY ELEMENTARY SCHOOL,"1010 18TH AVE NW BIRMINGHAM, AL 35215",,,,,"PRECINCT 1060 - 018 (01060), PRECINCT 1060 - 020 (01060), PRECINCT 1060 - 016 (01060), PRECINCT 1060 - 017 (01060)",False,false,,,01073,"1010 18th Ave NW, Birmingham, AL 35215, USA",BIRMINGHAM,JEFFERSON,ALABAMA,AL,33.6361744,-86.71538559999999,33.6371319,-86.71453149999999,33.635433,-86.7164774,False,,False
JEFFERSON,PREC 1065/4060 - CENTER POINT COMMUNITY CTR,"533 SUNHILL RD NW CENTER POINT, AL 35215",,,,,"PRECINCT 4060 - 044 (04060), PRECINCT 4060 - 045 (04060), PRECINCT 4060 - 043 (04060), PRECINCT 4060 - 041 (04060), PRECINCT 4060 - 042 (04060), PRECINCT 1065 - 018 (01065), PRECINCT 4060 - 040 (04060), PRECINCT 1065 - 017 (01065), PRECINCT 1065 - 016 (01065), PRECINCT 1065 - 014 (01065), PRECINCT 1065 - 015 (01065), PRECINCT 4060 - 034 (04060), PRECINCT 4060 - 035 (04060)",False,false,,,01073,"533 Sunhill Rd NW, Center Point, AL 35215, USA",CENTER POINT,JEFFERSON,ALABAMA,AL,33.6523073,-86.6992363,33.652559,-86.6986115,33.6514837,-86.6994483,False,,False
JEFFERSON,PREC 1070 - CRESTWAY BAPTIST CHURCH,"6400 CRESTWOOD BLVD BIRMINGHAM, AL 35212",,,,,"PRECINCT 1070 - 004 (01070), PRECINCT 1070 - 006 (01070), PRECINCT 1070 - 005 (01070)",False,false,,,01073,"6400 Crestwood Blvd, Birmingham, AL 35212, USA",BIRMINGHAM,JEFFERSON,ALABAMA,AL,33.5327258,-86.7317135,,,,,False,,False
JEFFERSON,PREC 1080 - MILES COLLEGE GYM,"405 59TH STREET FAIRFIELD, AL 35064",,,,,"PRECINCT 1080 - 012 (01080), PRECINCT 1080 - 013 (01080), PRECINCT 1080 - 016 (01080), PRECINCT 1080 - 014 (01080), PRECINCT 1080 - 015 (01080)",False,false,,,01073,"405 59th St, Fairfield, AL 35064, USA",FAIRFIELD,JEFFERSON,ALABAMA,AL,33.4793297,-86.91335629999999,,,,,False,,False
JEFFERSON,PREC 1090 - FORESTDALE SQUARE,"1242 FORESTDALE BLVD BIRMINGHAM, AL 35214",,,,,"PRECINCT 1090 - 009 (01090), PRECINCT 1090 - 011 (01090), PRECINCT 1090 - 010 (01090)",False,false,,,01073,"1242 Forestdale Blvd, Forestdale, AL 35214, USA",FORESTDALE,JEFFERSON,ALABAMA,AL,33.5597763,-86.8917865,,,,,False,,False
JEFFERSON,PREC 1100 - SOUTH HAMPTON ELEMENTARY SCHOOL,"565 SHERIDAN RD BIRMINGHAM, AL 35214",,,,,"PRECINCT 1100 - 006 (01100), PRECINCT 1100 - 005 (01100), PRECINCT 1100 - 004 (01100)",False,false,,,01073,"565 Sheridan Rd, Birmingham, AL 35214, USA",BIRMINGHAM,JEFFERSON,ALABAMA,AL,33.5426108,-86.89253819999999,33.5430211,-86.89165580000001,33.5420218,-86.8929364,False,,False
JEFFERSON,PREC 1110 - DON HAWKINS PARK & RECREATION CTR,"8920 ROEBUCK BLVD BIRMINGHAM, AL 35206",,,,,PRECINCT 1110 - 010 (01110),False,false,,,01073,"8920 Roebuck Blvd, Birmingham, AL 35206, USA",BIRMINGHAM,JEFFERSON,ALABAMA,AL,33.5830117,-86.71195349999999,33.5833905,-86.71158199999999,33.5825757,-86.7125677,False,,False
JEFFERSON,PREC 1120 - ROBINSON ELEMENTARY SCHOOL,"8400 1ST AVE S BIRMINGHAM, AL 35206",,,,,"PRECINCT 1120 - 026 (01120), PRECINCT 1120 - 023 (01120), PRECINCT 1120 - 025 (01120), PRECINCT 1120 - 024 (01120), PRECINCT 1120 - 022 (01120)",False,false,,,01073,"8400 1st Ave S, Birmingham, AL 35206, USA",BIRMINGHAM,JEFFERSON,ALABAMA,AL,33.5730368,-86.7191532,33.5735611,-86.718454,33.572403,-86.71972799999999,False,,False
JEFFERSON,PREC 1125 - CENTER POINT SENIOR CENTER,"335 POLLY REED RD BIRMINGHAM, AL 35215",,,,,"PRECINCT 1125 - 006 (01125), PRECINCT 1125 - 007 (01125), PRECINCT 1125 - 008 (01125)",False,false,,,01073,"335 Polly Reed Rd NE, Center Point, AL 35215, USA",CENTER POINT,JEFFERSON,ALABAMA,AL,33.6301667,-86.67475,33.6303473,-86.6746538,33.6300477,-86.6748965,False,,False
JEFFERSON,PREC 1130 - MARTHA GASKINS ELEMENTARY SCHOOL,"200 DALTON DR BIRMINGHAM, AL 35215",,,,,"PRECINCT 1130 - 018 (01130), PRECINCT 1130 - 019 (01130), PRECINCT 1130 - 017 (01130), PRECINCT 1130 - 015 (01130)",False,false,,,01073,"200 Dalton Dr, Birmingham, AL 35215, USA",BIRMINGHAM,JEFFERSON,ALABAMA,AL,33.5935617,-86.7057119,33.5942496,-86.7051911,33.5931571,-86.7067443,False,,False
JEFFERSON,PREC 1140 - THE GIRLS INC BUILDING,"5130 8TH CT S BIRMINGHAM, AL 35212",,,,,"PRECINCT 1140 - 004 (01140), PRECINCT 1140 - 006 (01140), PRECINCT 1140 - 005 (01140)",False,false,,,01073,"5130 8th Ct S, Birmingham, AL 35212, USA",BIRMINGHAM,JEFFERSON,ALABAMA,AL,33.5294495,-86.7516981,,,,,False,,False
JEFFERSON,PREC 1150 - ADAMSVILLE SENIOR CENTER,"421 SPRING STREET ADAMSVILLE, AL 35005",,,,,"PRECINCT 1150 - 034 (01150), PRECINCT 1150 - 030 (01150), PRECINCT 1150 - 025 (01150), PRECINCT 1150 - 029 (01150), PRECINCT 1150 - 024 (01150), PRECINCT 1150 - 026 (01150), PRECINCT 1150 - 033 (01150), PRECINCT 1150 - 027 (01150), PRECINCT 1150 - 035 (01150)",False,false,,,01073,"Adamsville Park, 421 Spring St, Adamsville, AL 35005, USA",ADAMSVILLE,JEFFERSON,ALABAMA,AL,33.59801410000001,-86.95820409999999,33.5981587,-86.9580739,33.5978972,-86.9583559,False,,False
JEFFERSON,PREC 1160 - FAITH CHAPEL CHRISTIAN CENTER,"100 MIKE MOORE BLVD BIRMINGHAM, AL 35224",,,,,"PRECINCT 1160 - 025 (01160), PRECINCT 1160 - 024 (01160)",False,false,,,01073,"100 Mike Moore Blvd, Birmingham, AL 35224, USA",BIRMINGHAM,JEFFERSON,ALABAMA,AL,33.5146982,-86.9262573,33.5151969,-86.9253899,33.5139241,-86.92691660000001,False,,False
JEFFERSON,PREC 1170 - HUDSON MIDDLE SCHOOL,"3300 F.L. SHUTTLESWORTH DR BIRMINGHAM, AL 35207",,,,,PRECINCT 1170 - 002 (01170),False,false,,,01073,"3300 F L Shuttlesworth Dr, Birmingham, AL 35207, USA",BIRMINGHAM,JEFFERSON,ALABAMA,AL,33.5564224,-86.80622939999999,33.5567308,-86.8049794,33.5560572,-86.806465,False,,False
JEFFERSON,PREC 1180 - BARRETT ELEMENTARY SCHOOL,"7601 DIVISION AVE BIRMINGHAM, AL 35206",,,,,PRECINCT 1180 - 007 (01180),False,false,,,01073,"7601 Division Ave, Birmingham, AL 35206, USA",BIRMINGHAM,JEFFERSON,ALABAMA,AL,33.5597018,-86.7282034,33.560337,-86.7276521,33.5593108,-86.7285916,False,,False
JEFFERSON,PREC 1190 - INGLENOOK ELEMENTARY SCHOOL,"4120 INGLENOOK ST BIRMINGHAM, AL 35217",,,,,PRECINCT 1190 - 011 (01190),False,false,,,01073,"4120 Inglenook St, Birmingham, AL 35217, USA",BIRMINGHAM,JEFFERSON,ALABAMA,AL,33.5632422,-86.7796742,,,,,False,,False
JEFFERSON,PREC 1200 - NORWOOD COMMUNITY CENTER,"1330 28TH ST N BIRMINGHAM, AL 35234",,,,,"PRECINCT 1200 - 008 (01200), PRECINCT 1200 - 006 (01200), PRECINCT 1200 - 007 (01200)",False,false,,,01073,"1330 28th St N, Birmingham, AL 35234, USA",BIRMINGHAM,JEFFERSON,ALABAMA,AL,33.5344596,-86.8058516,33.5345693,-86.80576289999999,33.5343591,-86.8059786,False,,False
JEFFERSON,PREC 1210 - GLEN OAKS ELEMENTARY SCHOOL,"1301 HIGHLAND DR FAIRFIELD, AL 35064",,,,,"PRECINCT 1210 - 011 (01210), PRECINCT 1210 - 010 (01210), PRECINCT 1210 - 013 (01210), PRECINCT 1210 - 012 (01210)",False,false,,,01073,"1301 Highland Dr, Fairfield, AL 35064, USA",FAIRFIELD,JEFFERSON,ALABAMA,AL,33.4596298,-86.9276663,33.4604734,-86.9270342,33.4590218,-86.9288737,False,,False
JEFFERSON,PREC 1220 - WILLOW WOOD RECREATION CENTER,"5312 GEORGIA RD N BIRMINGHAM, AL 35212",,,,,"PRECINCT 1220 - 004 (01220), PRECINCT 1220 - 005 (01220)",False,false,,,01073,"5312 Georgia Rd, Birmingham, AL 35212, USA",BIRMINGHAM,JEFFERSON,ALABAMA,AL,33.5420536,-86.7556614,33.5422091,-86.75545699999999,33.5418507,-86.75582159999999,False,,False
JEFFERSON,PREC 1230 - NEW RISING STAR MISSIONARY BAPT CHURCH,"7400 LONDON AVE BIRMINGHAM, AL 35206",,,,,"PRECINCT 1230 - 018 (01230), PRECINCT 1230 - 019 (01230)",False,false,,,01073,"7400 London Ave, Birmingham, AL 35206, USA",BIRMINGHAM,JEFFERSON,ALABAMA,AL,33.5535215,-86.7227784,,,,,False,,False
JEFFERSON,PREC 1240 - MT. PILGRIM BAPTIST CHURCH,"6748 GRASSELLI RD FAIRFIELD, AL 35064",,,,,"PRECINCT 1240 - 011 (01240), PRECINCT 1240 - 010 (01240)",False,false,,,01073,"6748 Grasselli Rd, Fairfield, AL 35064, USA",FAIRFIELD,JEFFERSON,ALABAMA,AL,33.4699706,-86.9250725,33.4701725,-86.9246485,33.4698246,-86.92519589999999,False,,False
JEFFERSON,PREC 1250 - FORESTDALE FIRE STATION,"1485 FORESTDALE BLVD BIRMINGHAM, AL 35214",,,,,"PRECINCT 1250 - 021 (01250), PRECINCT 1250 - 020 (01250), PRECINCT 1250 - 019 (01250)",False,false,,,01073,"1485 Forestdale Blvd, Birmingham, AL 35214, USA",BIRMINGHAM,JEFFERSON,ALABAMA,AL,33.565617,-86.8953836,33.5658587,-86.8951211,33.5653707,-86.8956334,False,,False
JEFFERSON,PREC 1270 - HOOPER CITY RECREATION CENTER,"3901 4TH ST W BIRMINGHAM, AL 35207",,,,,"PRECINCT 1270 - 018 (01270), PRECINCT 1270 - 020 (01270), PRECINCT 1270 - 019 (01270), PRECINCT 1270 - 017 (01270)",False,false,,,01073,"3901 4th St W, Birmingham, AL 35207, USA",BIRMINGHAM,JEFFERSON,ALABAMA,AL,33.5590145,-86.8408456,33.5592395,-86.8406225,33.5588647,-86.84112089999999,False,,False
JEFFERSON,PREC 1280 - OLIVER ELEMENTARY SCHOOL,"6871 6TH CT S BIRMINGHAM, AL 35212",,,,,"PRECINCT 1280 - 005 (01280), PRECINCT 1280 - 006 (01280)",False,false,,,01073,"6871 6th Ct S, Birmingham, AL 35212, USA",BIRMINGHAM,JEFFERSON,ALABAMA,AL,33.5372404,-86.7320893,33.5372979,-86.7315182,33.5370605,-86.7325505,False,,False
JEFFERSON,PREC 1285 - MINOR FIRE STATION,"1135 BROAD ST BIRMINGHAM, AL 35224",,,,,"PRECINCT 1285 - 016 (01285), PRECINCT 1285 - 021 (01285), PRECINCT 1285 - 023 (01285), PRECINCT 1285 - 020 (01285)",False,false,,,01073,"1135 Broad St, Birmingham, AL 35224, USA",BIRMINGHAM,JEFFERSON,ALABAMA,AL,33.542496,-86.93850290000002,33.5426771,-86.9384091,33.5423743,-86.9386178,False,,False
JEFFERSON,PREC 1290 - NORTH BIRMINGHAM RECREATION CENTER,"3501 28TH ST N BIRMINGHAM, AL 35207",,,,,PRECINCT 1290 - 010 (01290),False,false,,,01073,"3501 28th St N, Birmingham, AL 35207, USA",BIRMINGHAM,JEFFERSON,ALABAMA,AL,33.5589421,-86.8172878,33.5591131,-86.8170146,33.5586475,-86.81749409999999,False,,False
JEFFERSON,PREC 1300 - NORTH BIRMINGHAM PUBLIC LIBRARY,"2501 31ST AVENUE NORTH BIRMINGHAM, AL 35207",,,,,"PRECINCT 1300 - 010 (01300), PRECINCT 1300 - 013 (01300), PRECINCT 1300 - 012 (01300), PRECINCT 1300 - 011 (01300)",False,false,,,01073,"2501 31st Ave N, Birmingham, AL 35207, USA",BIRMINGHAM,JEFFERSON,ALABAMA,AL,33.5521317,-86.8194601,33.5522762,-86.8191982,33.5518342,-86.8196911,False,,False
JEFFERSON,PREC 1310 - BROWNSVILLE COMMUNITY CENTER,"9225 AIRPORT ROAD BIRMINGHAM, AL 35217",,,,,PRECINCT 1310 - 008 (01310),False,false,,,01073,"9225 Airport Rd, Birmingham, AL 35217, USA",BIRMINGHAM,JEFFERSON,ALABAMA,AL,33.5891848,-86.7401837,33.5892819,-86.74002829999999,33.5889294,-86.7403132,False,,False
JEFFERSON,PREC 1320 - THE SANDUSKY-HUDSON COMMUNITY CTR,"237 PRATT HIGHWAY BIRMINGHAM, AL 35214",,,,,"PRECINCT 1320 - 009 (01320), PRECINCT 1320 - 010 (01320), PRECINCT 1320 - 008 (01320)",False,false,,,01073,"237 Pratt Hwy, Birmingham, AL 35214, USA",BIRMINGHAM,JEFFERSON,ALABAMA,AL,33.5394613,-86.8959447,,,,,False,,False
JEFFERSON,PREC 1330 - MORTON SIMPSON COMMUNITY CENTER,"4609 8TH CT N BIRMINGHAM, AL 35212",,,,,PRECINCT 1330 - 003 (01330),False,false,,,01073,"4609 8th Ct N, Birmingham, AL 35212, USA",BIRMINGHAM,JEFFERSON,ALABAMA,AL,33.5382819,-86.76767910000001,,,,,False,,False
JEFFERSON,PREC 1340 - MOUNT HEBRON BAPTIST CHURCH,"503 5TH ST THOMAS BIRMINGHAM, AL 35214",,,,,"PRECINCT 1340 - 009 (01340), PRECINCT 1340 - 008 (01340)",False,false,,,01073,"503 5th Street Thomas, Birmingham, AL 35214, USA",BIRMINGHAM,JEFFERSON,ALABAMA,AL,33.5289277,-86.85720649999999,33.529104,-86.85695679999999,33.52882630000001,-86.8573802,False,,False
JEFFERSON,PREC 1350 - FAIRFIELD CIVIC CENTER,"6509 EJ OLIVER BLVD FAIRFIELD, AL 35064",,,,,"PRECINCT 1350 - 008 (01350), PRECINCT 1350 - 009 (01350), PRECINCT 1350 - 010 (01350)",False,false,,,01073,"6509 E J Oliver Blvd, Fairfield, AL 35064, USA",FAIRFIELD,JEFFERSON,ALABAMA,AL,33.475036,-86.9174098,33.4752766,-86.9168826,33.4748498,-86.9177045,False,,False
JEFFERSON,PREC 1360 - NORTH AVONDALE PUBLIC LIBRARY,"501 43RD ST N BIRMINGHAM, AL 35222",,,,,"PRECINCT 1360 - 007 (01360), PRECINCT 1360 - 006 (01360)",False,false,,,01073,"501 43rd St N, Birmingham, AL 35222, USA",BIRMINGHAM,JEFFERSON,ALABAMA,AL,33.5310301,-86.7720765,33.531169,-86.7718838,33.5308407,-86.77219819999999,False,,False
JEFFERSON,PREC 1365 - DOLOMITE W FIELD CITY COMMUNITY CTR,"1069 TIN MILL RD DOLOMITE, AL 35061",,,,,"PRECINCT 1365 - 012 (01365), PRECINCT 1365 - 009 (01365), PRECINCT 1365 - 011 (01365)",False,false,,,01073,"1069 Tin Mill Rd, Pleasant Grove, AL 35127, USA",PLEASANT GROVE,JEFFERSON,ALABAMA,AL,33.474991,-86.95416399999999,,,,,False,,False
JEFFERSON,PREC 1370 - MCALPINE RECREATION CENTER,"1115 AVENUE F BIRMINGHAM, AL 35218",,,,,"PRECINCT 1370 - 005 (01370), PRECINCT 1370 - 006 (01370)",False,false,,,01073,"1115 Avenue F, Birmingham, AL 35218, USA",BIRMINGHAM,JEFFERSON,ALABAMA,AL,33.519946,-86.88849499999999,,,,,False,,False
JEFFERSON,PREC 1380 - ST. MARY'S CATHOLIC CHURCH,"6101 DR MARTIN LUTHER KING DR FAIRFIELD, AL 35064",,,,,"PRECINCT 1380 - 014 (01380), PRECINCT 1380 - 013 (01380), PRECINCT 1380 - 012 (01380)",False,false,,,01073,"6101 Doctor M.L.K. Blvd, Fairfield, AL 35064, USA",FAIRFIELD,JEFFERSON,ALABAMA,AL,33.4761347,-86.90703219999999,33.4763759,-86.9067865,33.4759979,-86.9073038,False,,False
JEFFERSON,PREC 2010 - LEGION FIELD LOBBY GATE #7,"400 GRAYMONT AVE W BIRMINGHAM, AL 35204",,,,,"PRECINCT 2010 - 008 (02010), PRECINCT 2010 - 009 (02010), PRECINCT 2010 - 007 (02010)",False,false,,,01073,"400 Graymont Ave W, Birmingham, AL 35204, USA",BIRMINGHAM,JEFFERSON,ALABAMA,AL,33.5109789,-86.84361779999999,33.5126928,-86.8416829,33.5104264,-86.84389999999999,False,,False
JEFFERSON,PREC 2020 - HOMEWOOD SENIOR CENTER,"816 OAK GROVE RD BIRMINGHAM, AL 35209",,,,,"PRECINCT 2020 - 009 (02020), PRECINCT 2020 - 008 (02020), PRECINCT 2020 - 011 (02020), PRECINCT 2020 - 010 (02020)",False,false,,,01073,"816 Oak Grove Rd, Birmingham, AL 35209, USA",BIRMINGHAM,JEFFERSON,ALABAMA,AL,33.4565343,-86.8288544,,,,,False,,False
JEFFERSON,PREC 2030 - HIGHLAND PARK GOLF COURSE,"3300 HIGHLAND AVE S BIRMINGHAM, AL 35205",,,,,"PRECINCT 2030 - 010 (02030), PRECINCT 2030 - 008 (02030), PRECINCT 2030 - 011 (02030)",False,false,,,01073,"3300 Highland Ave, Birmingham, AL 35205, USA",BIRMINGHAM,JEFFERSON,ALABAMA,AL,33.5080299,-86.7760224,33.5080925,-86.77595699999999,33.5079911,-86.7760886,False,,False
JEFFERSON,PREC 2040 - ENSLEY PARK RECREATION CENTER,"2800 AVENUE K BIRMINGHAM, AL 35218",,,,,"PRECINCT 2040 - 004 (02040), PRECINCT 2040 - 005 (02040)",False,false,,,01073,"2800 Avenue K, Birmingham, AL 35218, USA",BIRMINGHAM,JEFFERSON,ALABAMA,AL,33.5020329,-86.89696359999999,33.5021958,-86.896701,33.5018255,-86.89723880000001,False,,False
JEFFERSON,PREC 2050 - HARRISON PARK RECREATION CENTER,"901 17TH ST SW BIRMINGHAM, AL 35211",,,,,"PRECINCT 2050 - 003 (02050), PRECINCT 2050 - 004 (02050)",False,false,,,01073,"Harrison Park, 901 17th St SW, Birmingham, AL 35211, USA",BIRMINGHAM,JEFFERSON,ALABAMA,AL,33.4844885,-86.85994869999999,33.4846792,-86.85975529999999,33.4843137,-86.8601937,False,,False
JEFFERSON,PREC 2060 - CHARLES A BROWN ELEMENTARY SCHOOL,"4811 COURT J BIRMINGHAM, AL 35208",,,,,"PRECINCT 2060 - 008 (02060), PRECINCT 2060 - 007 (02060), PRECINCT 2060 - 010 (02060)",False,false,,,01073,"4811 Court J, Birmingham, AL 35208, USA",BIRMINGHAM,JEFFERSON,ALABAMA,AL,33.4854318,-86.89925819999999,33.4860019,-86.89865139999999,33.4852967,-86.89976109999999,False,,False
JEFFERSON,PREC 2070 - CENTRAL PARK RECREATION CENTER,"4700 TERRACE Q BIRMINGHAM, AL 35208",,,,,"PRECINCT 2070 - 013 (02070), PRECINCT 2070 - 012 (02070)",False,false,,,01073,"4700 Ter Q, Birmingham, AL 35208, USA",BIRMINGHAM,JEFFERSON,ALABAMA,AL,33.4872773,-86.8871326,33.48749470000001,-86.8868494,33.4869961,-86.8873787,False,,False
JEFFERSON,PREC 2080 - RAMSAY ALTERNATIVE HIGH SCHOOL,"1800 13TH AVE S BIRMINGHAM, AL 35205",,,,,"PRECINCT 2080 - 005 (02080), PRECINCT 2080 - 006 (02080), PRECINCT 2080 - 007 (02080)",False,false,,,01073,"1800 13th Ave S, Birmingham, AL 35205, USA",BIRMINGHAM,JEFFERSON,ALABAMA,AL,33.4976583,-86.7984941,33.4989875,-86.7964389,33.496482,-86.8001148,False,,False
JEFFERSON,PREC 2090 - HOLY FAMILY CRISTO REY SCHOOL,"1832 CENTER WAY S BIRMINGHAM, AL 35205",,,,,PRECINCT 2090 - 003 (02090),False,false,,,01073,"1832 Center Way S, Birmingham, AL 35205, USA",BIRMINGHAM,JEFFERSON,ALABAMA,AL,33.4877819,-86.8293839,33.4884048,-86.82887529999999,33.4872067,-86.8296696,False,,False
JEFFERSON,PREC 2095 - HOMEWOOD COMMUNITY CENTER,"1632 OXMOOR RD BIRMINGHAM, AL 35209",,,,,"PRECINCT 2095 - 006 (02095), PRECINCT 2095 - 008 (02095), PRECINCT 2095 - 007 (02095)",False,false,,,01073,"1632 Oxmoor Rd, Homewood, AL 35209, USA",HOMEWOOD,JEFFERSON,ALABAMA,AL,33.4762561,-86.799984,33.4764265,-86.7992807,33.475982,-86.8003051,False,,False
JEFFERSON,PREC 2100 - MEMORIAL RECREATION CENTER,"524 6TH AVE S BIRMINGHAM, AL 35205",,,,,PRECINCT 2100 - 002 (02100),False,false,,,01073,"524 6th Ave S, Birmingham, AL 35205, USA",BIRMINGHAM,JEFFERSON,ALABAMA,AL,33.4988682,-86.8217987,33.4990726,-86.8215105,33.4986369,-86.8221411,False,,False
JEFFERSON,PREC 2110 - SOUTHSIDE HOMES COMMUNITY CENTER,"2501 CLARENDON AVE BESSEMER, AL 35020",,,,,"PRECINCT 2110 - 007 (02110), PRECINCT 2110 - 009 (02110), PRECINCT 2110 - 010 (02110)",False,false,,,01073,"2501 Clarendon Ave, Bessemer, AL 35020, USA",BESSEMER,JEFFERSON,ALABAMA,AL,33.4054799,-86.9410106,33.4056333,-86.9407792,33.4053155,-86.9411856,False,,False
JEFFERSON,PREC 2120 - DUNBAR-ABRAMS COMMUNITY CENTER,"2715 6TH AVE N BESSEMER, AL 35020",,,,,"PRECINCT 2120 - 009 (02120), PRECINCT 2120 - 006 (02120), PRECINCT 2120 - 007 (02120), PRECINCT 2120 - 011 (02120)",False,false,,,01073,"2715 6th Ave N, Bessemer, AL 35020, USA",BESSEMER,JEFFERSON,ALABAMA,AL,33.4135507,-86.94868710000001,33.4137655,-86.9484557,33.4131868,-86.9490002,False,,False
JEFFERSON,PREC 2130 - MINOR ELEMENTARY SCHOOL,"2425 AVENUE S BIRMINGHAM, AL 35218",,,,,PRECINCT 2130 - 003 (02130),False,false,,,01073,"2425 Avenue S, Birmingham, AL 35218, USA",BIRMINGHAM,JEFFERSON,ALABAMA,AL,33.5046073,-86.88263049999999,33.5049445,-86.8823525,33.504255,-86.8827385,False,,False
JEFFERSON,PREC 2140 - NEW BEGINNING CHURCH OF THE LIVING GOD,"5117 5TH ST N BESSEMER, AL 35020",,,,,"PRECINCT 2140 - 021 (02140), PRECINCT 2140 - 020 (02140), PRECINCT 2140 - 027 (02140), PRECINCT 2140 - 016 (02140), PRECINCT 2140 - 025 (02140), PRECINCT 2140 - 022 (02140), PRECINCT 2140 - 018 (02140), PRECINCT 2140 - 017 (02140), PRECINCT 2140 - 019 (02140), PRECINCT 2140 - 029 (02140)",False,false,,,01073,"5117 5th St N, Bessemer, AL 35020, USA",BESSEMER,JEFFERSON,ALABAMA,AL,33.4267456,-86.9339127,,,,,False,,False
JEFFERSON,PREC 2150 - BRIGHTON COMMUNITY CENTER,"3810 7TH AVENUE BESSEMER, AL 35020",,,,,PRECINCT 2150 - 010 (02150),False,false,,,01073,"3810 7th Ave, Brighton, AL 35020, USA",BRIGHTON,JEFFERSON,ALABAMA,AL,33.4411612,-86.9504056,33.4412496,-86.9502289,33.4409798,-86.9504965,False,,False
JEFFERSON,PREC 2160 - JEFFERSON COUNTY COURTHOUSE LOBBY,"716 RICHARD ARRINGTON JR BLVD N BIRMINGHAM, AL 35203",,,,,"PRECINCT 2160 - 007 (02160), PRECINCT 2160 - 008 (02160)",False,false,,,01073,"716 Richard Arrington Jr Blvd N, Birmingham, AL 35203, USA",BIRMINGHAM,JEFFERSON,ALABAMA,AL,33.5211464,-86.80912769999999,33.5220266,-86.80844119999999,33.5207683,-86.8096367,False,,False
JEFFERSON,PREC 2170 - HEMPHILL SCHOOL RECREATION BUILDING,"714 12TH ST SW BIRMINGHAM, AL 35211",,,,,"PRECINCT 2170 - 007 (02170), PRECINCT 2170 - 005 (02170), PRECINCT 2170 - 006 (02170)",False,false,,,01073,"714 12th St SW, Birmingham, AL 35211, USA",BIRMINGHAM,JEFFERSON,ALABAMA,AL,33.492778,-86.8522662,33.4935507,-86.85135939999999,33.4926225,-86.85247919999999,False,,False
JEFFERSON,PREC 2180 - AVONDALE PUBLIC LIBRARY,"509 40TH ST S BIRMINGHAM, AL 35222",,,,,"PRECINCT 2180 - 011 (02180), PRECINCT 2180 - 013 (02180), PRECINCT 2180 - 012 (02180), PRECINCT 2180 - 014 (02180)",False,false,,,01073,"509 40th St S, Birmingham, AL 35222, USA",BIRMINGHAM,JEFFERSON,ALABAMA,AL,33.5207859,-86.7736686,,,,,False,,False
JEFFERSON,PREC 2190 - WIGGINS LIBRARY & RECREATION CENTER,"3301 JEFFERSON AVE SW BIRMINGHAM, AL 35221",,,,,PRECINCT 2190 - 002 (02190),False,false,,,01073,"3301 Jefferson Ave SW, Birmingham, AL 35221, USA",BIRMINGHAM,JEFFERSON,ALABAMA,AL,33.4636104,-86.8871803,33.4638654,-86.8868583,33.4631564,-86.88755669999999,False,,False
JEFFERSON,PREC 2200 - CENTRAL PARK ELEMENTARY SCHOOL,"4915 AVENUE Q BIRMINGHAM, AL 35208",,,,,"PRECINCT 2200 - 006 (02200), PRECINCT 2200 - 005 (02200)",False,false,,,01073,"4915 Avenue Q, Birmingham, AL 35208, USA",BIRMINGHAM,JEFFERSON,ALABAMA,AL,33.4844129,-86.8861439,33.4847118,-86.8854538,33.4840936,-86.8868112,False,,False
JEFFERSON,PREC 2210 - JONESBORO ELEMENTARY SCHOOL,"125 OWEN AVE BESSEMER, AL 35020",,,,,"PRECINCT 2210 - 005 (02210), PRECINCT 2210 - 007 (02210), PRECINCT 2210 - 006 (02210), PRECINCT 2210 - 008 (02210), PRECINCT 2210 - 010 (02210)",False,false,,,01073,"125 Owen Ave, Bessemer, AL 35020, USA",BESSEMER,JEFFERSON,ALABAMA,AL,33.3778147,-86.9583043,33.3780398,-86.9582121,33.3776585,-86.9584647,False,,False
JEFFERSON,PREC 2215 - GRANT STREET BAPTIST CHURCH,"724 GRANT ST BESSEMER, AL 35020",,,,,"PRECINCT 2215 - 007 (02215), PRECINCT 2215 - 006 (02215), PRECINCT 2215 - 011 (02215)",False,false,,,01073,"724 Grant St, Bessemer, AL 35020, USA",BESSEMER,JEFFERSON,ALABAMA,AL,33.3572289,-86.9803568,33.3574325,-86.9801467,33.3570369,-86.9806516,False,,False
JEFFERSON,PREC 2220 - GLEN IRIS ELEMENTARY SCHOOL,"1115 11TH ST S BIRMINGHAM, AL 35205",,,,,"PRECINCT 2220 - 003 (02220), PRECINCT 2220 - 004 (02220)",False,false,,,01073,"1115 11th St S, Birmingham, AL 35205, USA",BIRMINGHAM,JEFFERSON,ALABAMA,AL,33.4941863,-86.8097162,33.4944636,-86.8094187,33.4933258,-86.8104038,False,,False
JEFFERSON,PREC 2230 - AVONDALE ELEMENTARY SCHOOL,"4000 8TH CT S BIRMINGHAM, AL 35222",,,,,"PRECINCT 2230 - 008 (02230), PRECINCT 2230 - 007 (02230), PRECINCT 2230 - 010 (02230)",False,false,,,01073,"4000 8th Ct S, Birmingham, AL 35222, USA",BIRMINGHAM,JEFFERSON,ALABAMA,AL,33.5170262,-86.7714483,33.5175729,-86.77083429999999,33.5165133,-86.7720068,False,,False
JEFFERSON,PREC 2240 - FIRE DEPARTMENT ADMINISTRATIVE BLDG,"1101 2ND AVE N BESSEMER, AL 35020",,,,,"PRECINCT 2240 - 007 (02240), PRECINCT 2240 - 006 (02240), PRECINCT 2240 - 008 (02240), PRECINCT 2240 - 010 (02240), PRECINCT 2240 - 009 (02240)",False,false,,,01073,"1101 2nd Ave N, Bessemer, AL 35020, USA",BESSEMER,JEFFERSON,ALABAMA,AL,33.3939192,-86.9583773,33.3941229,-86.9580934,33.393657,-86.958705,False,,False
JEFFERSON,PREC 2245/3060 - BESSEMER CIVIC CENTER,"1130 9TH AVE SW BESSEMER, AL 35022",,,,,"PRECINCT 3060 - 009 (03060), PRECINCT 3060 - 013 (03060), PRECINCT 2245 - 006 (02245), PRECINCT 2245 - 005 (02245), PRECINCT 3060 - 011 (03060), PRECINCT 2245 - 004 (02245), PRECINCT 2245 - 008 (02245), PRECINCT 2245 - 007 (02245), PRECINCT 3060 - 017 (03060)",False,false,,,01073,"1130 9th Ave SW, Bessemer, AL 35022, USA",BESSEMER,JEFFERSON,ALABAMA,AL,33.3696764,-86.9965246,33.3700362,-86.9960481,33.3692917,-86.99699450000001,False,,False
JEFFERSON,PREC 2250 - MORE THAN CONQUERORS CHURCH,"BETHESDA FAMILY LIFE CTR 1327 DENNISON AVE SW BIRMINGHAM, AL 35211",,,,,PRECINCT 2250 - 002 (02250),False,false,,,01073,"1327 Dennison Ave SW, Birmingham, AL 35211, USA",BIRMINGHAM,JEFFERSON,ALABAMA,AL,33.4799254,-86.8472221,33.4800476,-86.8468078,33.4796866,-86.8475266,True,Unexpected address size change,False
JEFFERSON,PREC 2260 - WILKERSON MIDDLE SCHOOL,"116 11TH CT W BIRMINGHAM, AL 35204",,,,,PRECINCT 2260 - 006 (02260),False,false,,,01073,"116 11th Ct W, Birmingham, AL 35204, USA",BIRMINGHAM,JEFFERSON,ALABAMA,AL,33.5232508,-86.8387389,33.523458,-86.83790530000002,33.52291260000001,-86.8389145,False,,False
JEFFERSON,PREC 2270 - MOUNT ZION MISSIONARY BAPTIST CHURCH,"3428 MAPLE AVE SW BIRMINGHAM, AL 35221",,,,,"PRECINCT 2270 - 004 (02270), PRECINCT 2270 - 006 (02270)",False,false,,,01073,"3428 Maple Ave SW, Birmingham, AL 35221, USA",BIRMINGHAM,JEFFERSON,ALABAMA,AL,33.4547441,-86.8896826,33.4548979,-86.88958769999999,33.4545823,-86.8899664,False,,False
JEFFERSON,PREC 2280 - WEST END ACADEMY,"1840 PEARSON AVE BIRMINGHAM, AL 35211",,,,,PRECINCT 2280 - 002 (02280),False,false,,,01073,"1840 Pearson Ave SW, Birmingham, AL 35211, USA",BIRMINGHAM,JEFFERSON,ALABAMA,AL,33.4841744,-86.8683246,33.4845921,-86.8671002,33.4836492,-86.8685711,False,,False
JEFFERSON,PREC 2290 - EAST ENSLEY PUBLIC LIBRARY,"900 14TH ST ENSLEY BIRMINGHAM, AL 35218",,,,,"PRECINCT 2290 - 011 (02290), PRECINCT 2290 - 012 (02290), PRECINCT 2290 - 009 (02290)",False,false,,,01073,"900 14th Street Ensley, Birmingham, AL 35218, USA",BIRMINGHAM,JEFFERSON,ALABAMA,AL,33.5152129,-86.888943,33.5153144,-86.8886914,33.5150315,-86.8890682,False,,False
JEFFERSON,PREC 2300 - BUSH HILLS ACADEMY,"901 16TH ST W BIRMINGHAM, AL 35208",,,,,"PRECINCT 2300 - 005 (02300), PRECINCT 2300 - 004 (02300)",False,false,,,01073,"901 16th St W, Birmingham, AL 35208, USA",BIRMINGHAM,JEFFERSON,ALABAMA,AL,33.5158774,-86.864926,33.5163796,-86.8643626,33.5151769,-86.86581129999999,False,,False
JEFFERSON,PREC 2310 - MT. ZION COMMUNITY CHURCH,"1600 19TH AVE N BIRMINGHAM, AL 35204",,,,,"PRECINCT 2310 - 007 (02310), PRECINCT 2310 - 008 (02310)",False,false,,,01073,"1600 19th Ave N, Birmingham, AL 35204, USA",BIRMINGHAM,JEFFERSON,ALABAMA,AL,33.5347051,-86.8267047,33.534861,-86.82651299999999,33.5345485,-86.82690330000001,False,,False
JEFFERSON,PREC 2320 - UNITARIAN UNIVERSALIST CHURCH,"4300 HAMPTON HEIGHTS DR BIRMINGHAM, AL 35209",,,,,PRECINCT 2320 - 003 (02320),False,false,,,01073,"4300 Hampton Heights Dr, Birmingham, AL 35209, USA",BIRMINGHAM,JEFFERSON,ALABAMA,AL,33.4683695,-86.8345841,33.4685564,-86.8344295,33.468205,-86.8348363,False,,False
JEFFERSON,PREC 2330 - HENRY CRUMPTON RECREATION CENTER,"346 GLORIA RD SW BIRMINGHAM, AL 35211",,,,,"PRECINCT 2330 - 004 (02330), PRECINCT 2330 - 003 (02330)",False,false,,,01073,"346 Gloria Rd SW, Birmingham, AL 35211, USA",BIRMINGHAM,JEFFERSON,ALABAMA,AL,33.4633897,-86.8592343,33.4635577,-86.8590322,33.4632629,-86.8595146,False,,False
JEFFERSON,PREC 2340 - THOMPSON MANOR COMMUNITY CENTER,"1520 EXETER CT BESSEMER, AL 35020",,,,,"PRECINCT 2340 - 005 (02340), PRECINCT 2340 - 006 (02340), PRECINCT 2340 - 008 (02340)",False,false,,,01073,"1520 Exeter Ct, Bessemer, AL 35020, USA",BESSEMER,JEFFERSON,ALABAMA,AL,33.3927767,-86.94697409999999,33.3928658,-86.9468619,33.3926882,-86.9470679,False,,False
JEFFERSON,PREC 2350 - OXMOOR VALLEY COMMUNITY CTR,"1992 WENONAH OXMOOR RD BIRMINGHAM, AL 35211",,,,,"PRECINCT 2350 - 035 (02350), PRECINCT 2350 - 034 (02350), PRECINCT 2350 - 032 (02350), PRECINCT 2350 - 036 (02350), PRECINCT 2350 - 024 (02350)",False,false,,,01073,"1992 Wenonah Oxmoor Rd, Birmingham, AL 35211, USA",BIRMINGHAM,JEFFERSON,ALABAMA,AL,33.4318209,-86.8530546,33.4319369,-86.852839,33.4317231,-86.8532273,False,,False
JEFFERSON,PREC 2360 - BESSEMER RECREATION CENTER,"100 14TH STREET S BESSEMER, AL 35020",,,,,"PRECINCT 2360 - 003 (02360), PRECINCT 2360 - 004 (02360), PRECINCT 2360 - 005 (02360), PRECINCT 2360 - 006 (02360)",False,false,,,01073,"14th St S, Bessemer, AL 35020, USA",BESSEMER,JEFFERSON,ALABAMA,AL,33.4317194,-86.9212711,33.43172290000003,-86.9182606,33.43162339999997,-86.92402109999999,True,Unexpected address size change,False
JEFFERSON,PREC 2365/3160 - ROSS BRIDGE WELCOME CENTER,"2101 GRAND AVE, STE. 117 BIRMINGHAM, AL 35226",,,,,"PRECINCT 2365 - 009 (02365), PRECINCT 3160 - 019 (03160), PRECINCT 3160 - 022 (03160), PRECINCT 2365 - 012 (02365), PRECINCT 2365 - 011 (02365)",False,false,,,01073,"2101 Grand Ave #117, Birmingham, AL 35226, USA",BIRMINGHAM,JEFFERSON,ALABAMA,AL,33.3975588,-86.8831343,,,,,False,,False
JEFFERSON,PREC 2370 - NEW BETHEL BAPTIST CHURCH,"5208 54TH ST SW BIRMINGHAM, AL 35221",,,,,PRECINCT 2370 - 006 (02370),False,false,,,01073,"5208 54th St SW, Birmingham, AL 35221, USA",BIRMINGHAM,JEFFERSON,ALABAMA,AL,33.4413989,-86.9117122,33.4414976,-86.911506,33.4412844,-86.91186189999999,False,,False
JEFFERSON,PREC 2380 - FIVE POINTS WEST PUBLIC LIBRARY,"4812 AVENUE W BIRMINGHAM, AL 35208",,,,,"PRECINCT 2380 - 005 (02380), PRECINCT 2380 - 004 (02380)",False,false,,,01073,"4812 Avenue W, Birmingham, AL 35208, USA",BIRMINGHAM,JEFFERSON,ALABAMA,AL,33.4931993,-86.8741737,33.493487,-86.8737041,33.4928064,-86.8744652,False,,False
JEFFERSON,PREC 2390 - ROOSEVELT CITY COMMUNITY CENTER,"5904 HIGON AVE BIRMINGHAM, AL 35228",,,,,"PRECINCT 2390 - 012 (02390), PRECINCT 2390 - 013 (02390), PRECINCT 2390 - 015 (02390), PRECINCT 2390 - 014 (02390)",False,false,,,01073,"5904 Higdon Rd, Birmingham, AL 35212, USA",BIRMINGHAM,JEFFERSON,ALABAMA,AL,33.5481259,-86.7311273,,,,,False,,False
JEFFERSON,PREC 2400 - WENONAH HIGH SCHOOL GYM,"2916 WILSON RD SW BIRMINGHAM, AL 35221",,,,,"PRECINCT 2400 - 008 (02400), PRECINCT 2400 - 007 (02400), PRECINCT 2400 - 006 (02400)",False,false,,,01073,"2916 Wilson Rd SW, Birmingham, AL 35211, USA",BIRMINGHAM,JEFFERSON,ALABAMA,AL,33.4517778,-86.885483,,,,,False,,False
JEFFERSON,PREC 2410 - BRYANT CHAPEL AME CHURCH,"3125 SPAULDING ST SW BIRMINGHAM, AL 35221",,,,,"PRECINCT 2410 - 012 (02410), PRECINCT 2410 - 013 (02410), PRECINCT 2410 - 010 (02410), PRECINCT 2410 - 014 (02410)",False,false,,,01073,"3125 Spaulding St SW, Birmingham, AL 35221, USA",BIRMINGHAM,JEFFERSON,ALABAMA,AL,33.4467993,-86.8955104,33.4469298,-86.89539390000002,33.4465869,-86.8956851,False,,False
JEFFERSON,PREC 2420 - BELL PHYSICAL EDUCATION BUILDING,"608 13TH ST S BIRMINGHAM, AL 35205",,,,,"PRECINCT 2420 - 008 (02420), PRECINCT 2420 - 006 (02420), PRECINCT 2420 - 007 (02420)",False,false,,,01073,"Wallace Gym and Pool, 608 13th St S, Birmingham, AL 35294, USA",BIRMINGHAM,JEFFERSON,ALABAMA,AL,33.501731,-86.8106578,33.50217,-86.8101971,33.5013288,-86.8111447,False,,False
JEFFERSON,PREC 2430/2440 - SOUTHSIDE BRANCH PUBLIC LIBRARY,"1814 11TH AVE S BIRMINGHAM, AL 35205",,,,,"PRECINCT 2430 - 005 (02430), PRECINCT 2430 - 004 (02430), PRECINCT 2440 - 006 (02440), PRECINCT 2440 - 005 (02440)",False,false,,,01073,"1814 11th Ave S, Birmingham, AL 35205, USA",BIRMINGHAM,JEFFERSON,ALABAMA,AL,33.4998831,-86.7982979,33.50003700000001,-86.7980602,33.4997615,-86.79849519999999,False,,False
JEFFERSON,PREC 2450 - AFTON LEE COMMUNITY CENTER,"1828 25TH CT S BIRMINGHAM, AL 35209",,,,,PRECINCT 2450 - 006 (02450),False,false,,,01073,"1828 25th Ct S, Birmingham, AL 35209, USA",BIRMINGHAM,JEFFERSON,ALABAMA,AL,33.4861471,-86.7902108,33.4863224,-86.7900523,33.4860683,-86.7903554,False,,False
JEFFERSON,PREC 3010 - HOOVER MET BASEBALL STADIUM,"BANQUET ROOM 5500 STADIUM TRACE PKWY HOOVER, AL 35244",,,,,"PRECINCT 3010 - 017 (03010), PRECINCT 3010 - 022 (03010), PRECINCT 3010 - 016 (03010), PRECINCT 3010 - 024 (03010), PRECINCT 3010 - 027 (03010), PRECINCT 3010 - 028 (03010), PRECINCT 3010 - 029 (03010)",False,false,,,01073,"5500 Stadium Trace Pkwy, Hoover, AL 35244, USA",HOOVER,JEFFERSON,ALABAMA,AL,33.3386351,-86.8512312,,,,,True,Unexpected address size change,False
JEFFERSON,PREC 3015 - HOOVER MET SPORTS COMPLEX,"FINLEY CENTER 5508 STADIUM TRACE PKWY HOOVER, AL 35244",,,,,"PRECINCT 3015 - 004 (03015), PRECINCT 3015 - 005 (03015), PRECINCT 3015 - 006 (03015), PRECINCT 3015 - 008 (03015)",False,false,,,01073,"5508 Stadium Trace Pkwy, Hoover, AL 35244, USA",HOOVER,JEFFERSON,ALABAMA,AL,33.3369483,-86.84790799999999,,,,,True,Unexpected address size change,False
JEFFERSON,PREC 3020 - OASIS OF PRAISE CHURCH,"6922 POCAHONTAS RD BESSEMER, AL 35022",,,,,"PRECINCT 3020 - 012 (03020), PRECINCT 3020 - 009 (03020), PRECINCT 3020 - 011 (03020)",False,false,,,01073,"6922 Pocahontas Rd, Bessemer, AL 35022, USA",BESSEMER,JEFFERSON,ALABAMA,AL,33.3032611,-86.98219429999999,33.3033964,-86.9820184,33.3031531,-86.9827009,False,,False
JEFFERSON,PREC 3025 - BAPTIST CHURCH OF MCADORY,"4954 EASTERN VALLEY RD MC CALLA, AL 35111",,,,,"PRECINCT 3025 - 009 (03025), PRECINCT 3025 - 011 (03025), PRECINCT 3025 - 010 (03025)",False,false,,,01073,"4954 Eastern Valley Rd, McCalla, AL 35111, USA",MCCALLA,JEFFERSON,ALABAMA,AL,33.3240994,-87.0033004,33.3244488,-87.0028988,33.3238811,-87.003537,False,,False
JEFFERSON,PREC 3030 - PLEASANT GROVE FIRST BAPTIST CHURCH,"724 4TH ST PLEASANT GROVE, AL 35127",,,,,"PRECINCT 3030 - 020 (03030), PRECINCT 3030 - 018 (03030), PRECINCT 3030 - 021 (03030), PRECINCT 3030 - 017 (03030)",False,false,,,01073,"724 4th St, Pleasant Grove, AL 35127, USA",PLEASANT GROVE,JEFFERSON,ALABAMA,AL,33.5004227,-86.9753132,33.5005295,-86.97492729999999,33.5001137,-86.9760337,False,,False
JEFFERSON,PREC 3035 - BETHEL BAPTIST CHURCH PLEASANT GROVE,"635 9TH WAY PLEASANT GROVE, AL 35127",,,,,"PRECINCT 3035 - 018 (03035), PRECINCT 3035 - 019 (03035), PRECINCT 3035 - 020 (03035), PRECINCT 3035 - 021 (03035)",False,false,,,01073,"635 9th Way, Pleasant Grove, AL 35127, USA",PLEASANT GROVE,JEFFERSON,ALABAMA,AL,33.4857781,-86.9742251,33.4860796,-86.9739855,33.4855259,-86.9745061,False,,False
JEFFERSON,PREC 3040 - PRINCE OF PEACE CATHOLIC CHURCH,"4600 PRESERVE PKWY BIRMINGHAM, AL 35226",,,,,"PRECINCT 3040 - 006 (03040), PRECINCT 3040 - 005 (03040), PRECINCT 3040 - 008 (03040)",False,false,,,01073,"4600 Preserve Pkwy, Hoover, AL 35226, USA",HOOVER,JEFFERSON,ALABAMA,AL,33.3725886,-86.8525406,33.3729358,-86.8519709,33.3722154,-86.8529567,False,,False
JEFFERSON,PREC 3045 - BIRMINGHAM COMMUNITY CHURCH,"2269 CHAPEL ROAD BIRMINGHAM, AL 35226",,,,,PRECINCT 3045 - 003 (03045),False,false,,,01073,"2269 Chapel Rd, Birmingham, AL 35226, USA",BIRMINGHAM,JEFFERSON,ALABAMA,AL,33.3985448,-86.8472092,33.3987735,-86.8469456,33.3983702,-86.8477321,False,,False
JEFFERSON,PREC 3050 - PLEASANT RIDGE BAPTIST CHURCH,"FAMILY LIFE CENTER 1348 HUEYTOWN RD BESSEMER, AL 35023",,,,,"PRECINCT 3050 - 026 (03050), PRECINCT 3050 - 027 (03050), PRECINCT 3050 - 025 (03050), PRECINCT 3050 - 030 (03050), PRECINCT 3050 - 029 (03050)",False,false,,,01073,"1348 Hueytown Rd, Hueytown, AL 35023, USA",HUEYTOWN,JEFFERSON,ALABAMA,AL,33.4464699,-86.99591699999999,33.4466548,-86.99568289999999,33.4463211,-86.9962359,True,Unexpected address size change,False
JEFFERSON,PREC 3070 - MT. OLIVE COMMUNITY CENTER,"2684 MOUNT OLIVE RD MOUNT OLIVE, AL 35117",,,,,"PRECINCT 3070 - 006 (03070), PRECINCT 3070 - 007 (03070), PRECINCT 3070 - 008 (03070)",False,false,,,01073,"2684 Mt Olive Rd, Mt Olive, AL 35117, USA",MOUNT OLIVE,JEFFERSON,ALABAMA,AL,33.6690344,-86.85305040000001,33.6691692,-86.8529353,33.668887,-86.85321809999999,False,,False
JEFFERSON,PREC 3075 - FIRST BAPTIST CHURCH OF MT. OLIVE,"3200 MOUNT OLIVE ROAD MOUNT OLIVE, AL 35117",,,,,"PRECINCT 3075 - 016 (03075), PRECINCT 3075 - 017 (03075), PRECINCT 3075 - 015 (03075)",False,false,,,01073,"3200 Mt Olive Rd, Mt Olive, AL 35117, USA",MOUNT OLIVE,JEFFERSON,ALABAMA,AL,33.6822195,-86.87185889999999,33.6822448,-86.8718014,33.682154,-86.8718902,False,,False
JEFFERSON,PREC 3080 - THE STATION CHURCH,"6270 PARK SOUTH DR BESSEMER, AL 35022",,,,,"PRECINCT 3080 - 021 (03080), PRECINCT 3080 - 020 (03080), PRECINCT 3080 - 028 (03080), PRECINCT 3080 - 026 (03080), PRECINCT 3080 - 027 (03080), PRECINCT 3080 - 030 (03080), PRECINCT 3080 - 019 (03080), PRECINCT 3080 - 022 (03080), PRECINCT 3080 - 023 (03080), PRECINCT 3080 - 036 (03080), PRECINCT 3080 - 033 (03080), PRECINCT 3080 - 034 (03080), PRECINCT 3080 - 035 (03080)",False,false,,,01073,"6270 Park S Dr, Bessemer, AL 35022, USA",BESSEMER,JEFFERSON,ALABAMA,AL,33.339143,-86.9159956,33.3393783,-86.9155857,33.3388596,-86.9163108,False,,False
JEFFERSON,PREC 3090 - BROOKLANE COMMUNITY CENTER,"2500 BROOKLANE DR BESSEMER, AL 35023",,,,,"PRECINCT 3090 - 018 (03090), PRECINCT 3090 - 016 (03090), PRECINCT 3090 - 020 (03090), PRECINCT 3090 - 019 (03090), PRECINCT 3090 - 017 (03090), PRECINCT 3090 - 021 (03090)",False,false,,,01073,"2500 Brooklane Dr, Hueytown, AL 35023, USA",HUEYTOWN,JEFFERSON,ALABAMA,AL,33.4295031,-86.9794022,,,,,False,,False
JEFFERSON,PREC 3100 - BAGLEY ELEMENTARY SCHOOL,"8581 TATE MILL RD DORA, AL 35062",,,,,"PRECINCT 3100 - 009 (03100), PRECINCT 3100 - 010 (03100), PRECINCT 3100 - 008 (03100)",False,false,,,01073,"8581 Tate Mill Rd, Dora, AL 35062, USA",DORA,JEFFERSON,ALABAMA,AL,33.754817,-86.99052060000001,33.7549838,-86.99040930000001,33.7547548,-86.99059299999999,False,,False
JEFFERSON,PREC 3110 - OAKMONT CHAPEL PRESBYTERIAN CHURCH,"1817 PATTON CHAPEL RD BIRMINGHAM, AL 35226",,,,,"PRECINCT 3110 - 012 (03110), PRECINCT 3110 - 011 (03110), PRECINCT 3110 - 015 (03110), PRECINCT 3110 - 020 (03110), PRECINCT 3110 - 014 (03110)",False,false,,,01073,"1817 Patton Chapel Rd, Hoover, AL 35226, USA",HOOVER,JEFFERSON,ALABAMA,AL,33.3887812,-86.81578119999999,33.3889946,-86.8154651,33.3886982,-86.8160206,False,,False
JEFFERSON,PREC 3120 - ADAMSVILLE BAPTIST CHURCH,"5101 ADAMS AVE ADAMSVILLE, AL 35005",,,,,"PRECINCT 3120 - 057 (03120), PRECINCT 3120 - 054 (03120), PRECINCT 3120 - 055 (03120), PRECINCT 3120 - 062 (03120), PRECINCT 3120 - 060 (03120), PRECINCT 3120 - 056 (03120), PRECINCT 3120 - 047 (03120), PRECINCT 3120 - 053 (03120), PRECINCT 3120 - 059 (03120)",False,false,,,01073,"5101 Adams Ave, Adamsville, AL 35005, USA",ADAMSVILLE,JEFFERSON,ALABAMA,AL,33.6007655,-86.9585462,,,,,False,,False
JEFFERSON,PREC 3130 - SHADES CREST BAPTIST CHURCH,"452 PARK AVE BIRMINGHAM, AL 35226",,,,,"PRECINCT 3130 - 013 (03130), PRECINCT 3130 - 012 (03130), PRECINCT 3130 - 017 (03130)",False,false,,,01073,"452 Park Ave, Birmingham, AL 35226, USA",BIRMINGHAM,JEFFERSON,ALABAMA,AL,33.40201630000001,-86.8570087,33.4025974,-86.85665949999999,33.4016102,-86.857489,False,,False
JEFFERSON,PREC 3140 - VALLEY CREEK BAPTIST CHURCH,"3253 VIRGINIA DR BESSEMER, AL 35023",,,,,"PRECINCT 3140 - 027 (03140), PRECINCT 3140 - 026 (03140), PRECINCT 3140 - 028 (03140)",False,false,,,01073,"3253 Virginia Dr, Hueytown, AL 35023, USA",HUEYTOWN,JEFFERSON,ALABAMA,AL,33.4191443,-87.0483738,33.4199336,-87.0472479,33.418619,-87.0492019,False,,False
JEFFERSON,PREC 3150 - UNION HILL BAPTIST CHURCH,"7049 TAYLORS FERRY RD BESSEMER, AL 35023",,,,,"PRECINCT 3150 - 011 (03150), PRECINCT 3150 - 012 (03150)",False,false,,,01073,"7049 Taylors Ferry Rd, Bessemer, AL 35023, USA",BESSEMER,JEFFERSON,ALABAMA,AL,33.4824697,-87.079225,,,,,False,,False
JEFFERSON,PREC 3170 - ALLIANCE COMMUNITY CENTER,"1220 ALLIANCE RD BESSEMER, AL 35023",,,,,"PRECINCT 3170 - 029 (03170), PRECINCT 3170 - 028 (03170), PRECINCT 3170 - 025 (03170)",False,false,,,01073,"1220 Alliance Rd, Bessemer, AL 35023, USA",BESSEMER,JEFFERSON,ALABAMA,AL,33.5473508,-87.1272084,33.5474147,-87.12704889999999,33.5472237,-87.12729209999999,False,,False
JEFFERSON,PREC 3180 - CORNER SCHOOL,"10005 CORNER SCHOOL RD WARRIOR, AL 35180",,,,,PRECINCT 3180 - 006 (03180),False,false,,,01073,"10005 Corner School Rd, Warrior, AL 35180, USA",WARRIOR,JEFFERSON,ALABAMA,AL,33.802021,-86.94145259999999,,,,,False,,False
JEFFERSON,PREC 3200 - MAURICE L. WEST COMMUNITY CENTER,"171 2ND ST SW GRAYSVILLE, AL 35073",,,,,"PRECINCT 3200 - 063 (03200), PRECINCT 3200 - 056 (03200), PRECINCT 3200 - 058 (03200), PRECINCT 3200 - 062 (03200), PRECINCT 3200 - 066 (03200), PRECINCT 3200 - 064 (03200), PRECINCT 3200 - 067 (03200), PRECINCT 3200 - 065 (03200), PRECINCT 3200 - 069 (03200), PRECINCT 3200 - 068 (03200), PRECINCT 3200 - 044 (03200), PRECINCT 3200 - 054 (03200)",False,false,,,01073,"171 2nd St SW, Graysville, AL 35073, USA",GRAYSVILLE,JEFFERSON,ALABAMA,AL,33.6264465,-86.9751568,33.626734,-86.9750404,33.6263263,-86.9755595,False,,False
JEFFERSON,PREC 3220 - EZRA BAPTIST CHURCH,"1512 TOADVINE ROAD BESSEMER, AL 35023",,,,,"PRECINCT 3220 - 012 (03220), PRECINCT 3220 - 014 (03220), PRECINCT 3220 - 013 (03220), PRECINCT 3220 - 016 (03220)",False,false,,,01073,"1512 Toadvine Rd, Bessemer, AL 35023, USA",BESSEMER,JEFFERSON,ALABAMA,AL,33.4722781,-87.1599365,33.472496,-87.15978179999999,33.4720459,-87.1600869,False,,False
JEFFERSON,PREC 3240 - SYLVAN SPRINGS FIRST UNITED,"METHODIST CHURCH 5524 BIRMINGPORT RD MULGA, AL 35118",,,,,"PRECINCT 3240 - 036 (03240), PRECINCT 3240 - 034 (03240), PRECINCT 3240 - 039 (03240), PRECINCT 3240 - 029 (03240), PRECINCT 3240 - 030 (03240)",False,false,,,01073,"5524 Birmingport Rd, Sylvan Springs, AL 35118, USA",SYLVAN SPRINGS,JEFFERSON,ALABAMA,AL,33.5105189,-87.02306809999999,33.5106208,-87.02300249999999,33.510422,-87.0231757,False,,False
JEFFERSON,PREC 3250 - BESSEMER FIRE STATION #5,"1715 LONG 12TH ST BESSEMER, AL 35020",,,,,"PRECINCT 3250 - 030 (03250), PRECINCT 3250 - 026 (03250), PRECINCT 3250 - 027 (03250), PRECINCT 3250 - 024 (03250), PRECINCT 3250 - 029 (03250), PRECINCT 3250 - 022 (03250), PRECINCT 3250 - 033 (03250), PRECINCT 3250 - 034 (03250), PRECINCT 3250 - 023 (03250)",False,false,,,01073,"1715 Long 12th St N, Bessemer, AL 35020, USA",BESSEMER,JEFFERSON,ALABAMA,AL,33.4059075,-86.9776108,,,,,False,,False
JEFFERSON,PREC 3260 - WEST JEFFERSON RECREATION CTR,"7000 W JEFFERSON RD QUINTON, AL 35130",,,,,"PRECINCT 3260 - 017 (03260), PRECINCT 3260 - 015 (03260), PRECINCT 3260 - 011 (03260), PRECINCT 3260 - 019 (03260), PRECINCT 3260 - 018 (03260)",False,false,,,01073,"7000 W Jefferson Rd, Quinton, AL 35130, USA",QUINTON,JEFFERSON,ALABAMA,AL,33.6492212,-87.07456239999999,33.6494205,-87.074249,33.6489501,-87.0750989,False,,False
JEFFERSON,PREC 3270 - MUSCODA COMMUNITY CENTER,"400 ASBURY HOWARD ST BESSEMER, AL 35020",,,,,"PRECINCT 3270 - 012 (03270), PRECINCT 3270 - 014 (03270)",False,false,,,01073,"400 Asbury Howard St, Bessemer, AL 35020, USA",BESSEMER,JEFFERSON,ALABAMA,AL,33.3796243,-86.93941029999999,,,,,False,,False
JEFFERSON,PREC 3280 - BROOKSIDE COMMUNITY CENTER,"2750 MUNICIPAL LN BROOKSIDE, AL 35036",,,,,"PRECINCT 3280 - 037 (03280), PRECINCT 3280 - 046 (03280), PRECINCT 3280 - 035 (03280), PRECINCT 3280 - 036 (03280), PRECINCT 3280 - 045 (03280), PRECINCT 3280 - 039 (03280)",False,false,,,01073,"2750 Municipal Dr, Birmingham, AL 35214, USA",BIRMINGHAM,JEFFERSON,ALABAMA,AL,33.6285992,-86.9070349,,,,,False,,False
JEFFERSON,PREC 3285/4130 - WARRIOR STORM SHELTER,"309 TRAFFORD RD WARRIOR, AL 35180",,,,,"PRECINCT 4130 - 008 (04130), PRECINCT 3285 - 007 (03285), PRECINCT 3285 - 005 (03285), PRECINCT 4130 - 009 (04130), PRECINCT 4130 - 007 (04130), PRECINCT 4130 - 006 (04130), PRECINCT 3285 - 006 (03285)",False,false,,,01073,"309 Trafford Rd, Warrior, AL 35180, USA",WARRIOR,JEFFERSON,ALABAMA,AL,33.826196,-86.79898899999999,,,,,False,,False
JEFFERSON,PREC 3290 - MULGA TOWN HALL,"505 MULGA LOOP RD MULGA, AL 35118",,,,,"PRECINCT 3290 - 041 (03290), PRECINCT 3290 - 037 (03290), PRECINCT 3290 - 042 (03290), PRECINCT 3290 - 038 (03290), PRECINCT 3290 - 039 (03290), PRECINCT 3290 - 044 (03290), PRECINCT 3290 - 036 (03290), PRECINCT 3290 - 040 (03290), PRECINCT 3290 - 045 (03290)",False,false,,,01073,"505 Mulga Loop Rd, Mulga, AL 35118, USA",MULGA,JEFFERSON,ALABAMA,AL,33.5485359,-86.9769309,,,,,False,,False
JEFFERSON,PREC 3300 - JOHNS COMMUNITY CENTER,"7800 CHURCH ST ADGER, AL 35006",,,,,"PRECINCT 3300 - 025 (03300), PRECINCT 3300 - 027 (03300), PRECINCT 3300 - 028 (03300), PRECINCT 3300 - 030 (03300), PRECINCT 3300 - 029 (03300), PRECINCT 3300 - 026 (03300)",False,false,,,01073,"7800 Church St, Adger, AL 35006, USA",ADGER,JEFFERSON,ALABAMA,AL,33.3704542,-87.10337640000002,,,,,False,,False
JEFFERSON,PREC 3310 - PARKWOOD CHURCH OF GOD,"1975 HWY 150 BESSEMER, AL 35022",,,,,"PRECINCT 3310 - 028 (03310), PRECINCT 3310 - 029 (03310), PRECINCT 3310 - 034 (03310)",False,false,,,01073,"1975 AL-150, Bessemer, AL 35022, USA",BESSEMER,JEFFERSON,ALABAMA,AL,33.3661936,-86.88204859999999,33.3663327,-86.881924,33.3659858,-86.8822472,False,,False
JEFFERSON,PREC 3320 - MAYTOWN BAPTIST CHURCH,"4679 BIRMINGPORT RD MULGA, AL 35118",,,,,"PRECINCT 3320 - 010 (03320), PRECINCT 3320 - 008 (03320), PRECINCT 3320 - 014 (03320)",False,false,,,01073,"4679 Birmingport Rd, Mulga, AL 35118, USA",MULGA,JEFFERSON,ALABAMA,AL,33.5319027,-86.9988063,33.5321388,-86.99832669999999,33.5317617,-86.9989719,False,,False
JEFFERSON,PREC 3330 - FIRST BAPT CHURCH BOOKER HEIGHTS,"5017 OAK STREET MULGA, AL 35118",,,,,PRECINCT 3330 - 002 (03330),False,false,,,01073,"5017 Oak St, Mulga, AL 35118, USA",MULGA,JEFFERSON,ALABAMA,AL,33.5440459,-87.0056681,,,,,False,,False
JEFFERSON,PREC 4005 - GARDENDALE FIRST BAPTIST CHURCH,"316 MOUNTAIN CREST PARKWAY GARDENDALE, AL 35071",,,,,"PRECINCT 4005 - 024 (04005), PRECINCT 4005 - 023 (04005), PRECINCT 4005 - 025 (04005), PRECINCT 4005 - 022 (04005), PRECINCT 4005 - 034 (04005), PRECINCT 4005 - 027 (04005), PRECINCT 4005 - 032 (04005), PRECINCT 4005 - 021 (04005), PRECINCT 4005 - 026 (04005)",False,false,,,01073,"316 Mountain Crest Pkwy, Gardendale, AL 35071, USA",GARDENDALE,JEFFERSON,ALABAMA,AL,33.6638422,-86.82945409999999,33.6642864,-86.8289637,33.6634869,-86.8297752,False,,False
JEFFERSON,PREC 4010 - GARDENDALE CIVIC CENTER,"857 MAIN ST GARDENDALE, AL 35071",,,,,"PRECINCT 4010 - 012 (04010), PRECINCT 4010 - 013 (04010), PRECINCT 4010 - 014 (04010), PRECINCT 4010 - 015 (04010), PRECINCT 4010 - 016 (04010)",False,false,,,01073,"857 Main St, Gardendale, AL 35071, USA",GARDENDALE,JEFFERSON,ALABAMA,AL,33.6468627,-86.8098351,,,,,False,,False
JEFFERSON,PREC 4015 - GARDENDALE MT. VERNON UNITED,"METHODIST CHURCH 805 CREST DRIVE GARDENDALE, AL 35071",,,,,"PRECINCT 4015 - 019 (04015), PRECINCT 4015 - 018 (04015), PRECINCT 4015 - 017 (04015), PRECINCT 4015 - 020 (04015), PRECINCT 4015 - 025 (04015), PRECINCT 4015 - 016 (04015), PRECINCT 4015 - 024 (04015), PRECINCT 4015 - 015 (04015), PRECINCT 4015 - 023 (04015), PRECINCT 4015 - 026 (04015)",False,false,,,01073,"805 Crest Dr, Gardendale, AL 35071, USA",GARDENDALE,JEFFERSON,ALABAMA,AL,33.6488073,-86.8078286,33.6492081,-86.8073242,33.6482578,-86.8084155,True,Unexpected address size change,False
JEFFERSON,PREC 4020 - TRUSSVILLE FIRST BAPTIST CHURCH,"128 CHALKVILLE RD N TRUSSVILLE, AL 35173",,,,,"PRECINCT 4020 - 012 (04020), PRECINCT 4020 - 014 (04020), PRECINCT 4020 - 013 (04020), PRECINCT 4020 - 015 (04020), PRECINCT 4020 - 016 (04020), PRECINCT 4020 - 023 (04020), PRECINCT 4020 - 022 (04020), PRECINCT 4020 - 019 (04020), PRECINCT 4020 - 018 (04020), PRECINCT 4020 - 021 (04020)",False,false,,,01073,"128 N Chalkville Rd, Trussville, AL 35173, USA",TRUSSVILLE,JEFFERSON,ALABAMA,AL,33.6222812,-86.6111045,33.6230674,-86.6103366,33.6218697,-86.611989,False,,False
JEFFERSON,PREC 4025 - TRUSSVILLE CIVIC CENTER,"5381 TRUSSVILLE CLAY RD TRUSSVILLE, AL 35173",,,,,"PRECINCT 4025 - 012 (04025), PRECINCT 4025 - 013 (04025), PRECINCT 4025 - 010 (04025), PRECINCT 4025 - 009 (04025), PRECINCT 4025 - 011 (04025)",False,false,,,01073,"5381 Trussville Clay Rd, Trussville, AL 35173, USA",TRUSSVILLE,JEFFERSON,ALABAMA,AL,33.6601268,-86.59353209999999,33.66066199999999,-86.5931712,33.6598633,-86.5940684,False,,False
JEFFERSON,PREC 4030 - GREATER GRACE MISSIONARY,"BAPTIST CHURCH 1945 CENTER POINT PKWY BIRMINGHAM, AL 35215",,,,,"PRECINCT 4030 - 030 (04030), PRECINCT 4030 - 028 (04030), PRECINCT 4030 - 031 (04030), PRECINCT 4030 - 032 (04030), PRECINCT 4030 - 029 (04030), PRECINCT 4030 - 027 (04030)",False,false,,,01073,"1945 Center Point Pkwy, Birmingham, AL 35215, USA",BIRMINGHAM,JEFFERSON,ALABAMA,AL,33.6376066,-86.6831783,33.6380279,-86.6828113,33.637162,-86.68349479999999,True,Unexpected address size change,False
JEFFERSON,PREC 4040 - TRUSSVILLE CITY HALL,"131 MAIN ST TRUSSVILLE, AL 35173",,,,,"PRECINCT 4040 - 015 (04040), PRECINCT 4040 - 017 (04040), PRECINCT 4040 - 014 (04040), PRECINCT 4040 - 013 (04040), PRECINCT 4040 - 018 (04040), PRECINCT 4040 - 019 (04040), PRECINCT 4040 - 012 (04040)",False,false,,,01073,"TRUSSVILLE MUNICIPAL BUILDING, 131 Main St, Trussville, AL 35173, USA",TRUSSVILLE,JEFFERSON,ALABAMA,AL,33.6206657,-86.6033774,33.6209106,-86.60291939999999,33.6202295,-86.6037305,False,,False
JEFFERSON,PREC 4045 - FAITH COMMUNITY FELLOWSHIP,"7660 GADSDEN HIGHWAY TRUSSVILLE, AL 35173",,,,,"PRECINCT 4045 - 011 (04045), PRECINCT 4045 - 013 (04045), PRECINCT 4045 - 012 (04045), PRECINCT 4045 - 010 (04045), PRECINCT 4045 - 009 (04045), PRECINCT 4045 - 008 (04045)",False,false,,,01073,"7660 Gadsden Hwy, Trussville, AL 35173, USA",TRUSSVILLE,JEFFERSON,ALABAMA,AL,33.6533838,-86.5628972,33.6536229,-86.5625207,33.6531846,-86.56324339999999,False,,False
JEFFERSON,PREC 4050 - CLAY COMMUNITY CENTER,"6411 CLAY PALMERDALE RD PINSON, AL 35126",,,,,"PRECINCT 4050 - 026 (04050), PRECINCT 4050 - 027 (04050), PRECINCT 4050 - 020 (04050), PRECINCT 4050 - 023 (04050), PRECINCT 4050 - 025 (04050), PRECINCT 4050 - 022 (04050), PRECINCT 4050 - 021 (04050), PRECINCT 4050 - 019 (04050)",False,false,,,01073,"6411 Clay-Palmerdale Rd, Pinson, AL 35126, USA",PINSON,JEFFERSON,ALABAMA,AL,33.7039362,-86.60791359999999,33.7040324,-86.6077579,33.7038697,-86.60809640000001,False,,False
JEFFERSON,PREC 4070 - TARRANT CITY HALL,"1133 EAST LAKE BLVD BIRMINGHAM, AL 35217",,,,,"PRECINCT 4070 - 043 (04070), PRECINCT 4070 - 042 (04070), PRECINCT 4070 - 041 (04070), PRECINCT 4070 - 039 (04070), PRECINCT 4070 - 040 (04070), PRECINCT 4070 - 037 (04070), PRECINCT 4070 - 036 (04070), PRECINCT 4070 - 035 (04070), PRECINCT 4070 - 038 (04070)",False,false,,,01073,"1133 E Lake Blvd, Birmingham, AL 35217, USA",BIRMINGHAM,JEFFERSON,ALABAMA,AL,33.5825582,-86.77146619999999,,,,,False,,False
JEFFERSON,PREC 4080 - NORTH PARK BAPTIST CHURCH,"5700 DEERFOOT PKWY TRUSSVILLE, AL 35173",,,,,"PRECINCT 4080 - 009 (04080), PRECINCT 4080 - 006 (04080), PRECINCT 4080 - 008 (04080), PRECINCT 4080 - 007 (04080), PRECINCT 4080 - 010 (04080)",False,false,,,01073,"5700 Deerfoot Pkwy, Trussville, AL 35173, USA",TRUSSVILLE,JEFFERSON,ALABAMA,AL,33.6674336,-86.5826396,,,,,False,,False
JEFFERSON,PREC 4090 - FULTONDALE FIRST BAPTIST CHURCH,"409 MAIN ST FULTONDALE, AL 35068",,,,,"PRECINCT 4090 - 031 (04090), PRECINCT 4090 - 020 (04090), PRECINCT 4090 - 022 (04090), PRECINCT 4090 - 029 (04090), PRECINCT 4090 - 021 (04090)",False,false,,,01073,"409 Main St, Fultondale, AL 35068, USA",FULTONDALE,JEFFERSON,ALABAMA,AL,33.6040626,-86.79998839999999,33.6042899,-86.7997815,33.6038729,-86.80030479999999,False,,False
JEFFERSON,PREC 4100 - MOUNTAIN VIEW BAPTIST CHURCH,"5568 CHALKVILLE RD BIRMINGHAM, AL 35235",,,,,"PRECINCT 4100 - 016 (04100), PRECINCT 4100 - 018 (04100), PRECINCT 4100 - 015 (04100)",False,false,,,01073,"N Chalkville Rd, Center Point, AL 35235, USA",CENTER POINT,JEFFERSON,ALABAMA,AL,33.6396128,-86.6157849,33.63963950000002,-86.6098743,33.63850159999998,-86.6210387,True,Invalid final address,False
JEFFERSON,PREC 4110 - ROCK SCHOOL CENTER,"4509 CENTER POINT RD PINSON, AL 35126",,,,,"PRECINCT 4110 - 029 (04110), PRECINCT 4110 - 028 (04110), PRECINCT 4110 - 027 (04110), PRECINCT 4110 - 032 (04110), PRECINCT 4110 - 034 (04110), PRECINCT 4110 - 031 (04110), PRECINCT 4110 - 033 (04110), PRECINCT 4110 - 037 (04110), PRECINCT 4110 - 036 (04110), PRECINCT 4110 - 035 (04110)",False,false,,,01073,"4509 Center Point Rd, Birmingham, AL 35215, USA",BIRMINGHAM,JEFFERSON,ALABAMA,AL,33.6818494,-86.6816801,,,,,False,,False
JEFFERSON,PREC 4120 - LIFE CHURCH,"5567 CHALKVILLE ROAD BIRMINGHAM, AL 35235",,,,,"PRECINCT 4120 - 014 (04120), PRECINCT 4120 - 012 (04120), PRECINCT 4120 - 013 (04120), PRECINCT 4120 - 011 (04120), PRECINCT 4120 - 016 (04120), PRECINCT 4120 - 017 (04120)",False,false,,,01073,"5567 Chalkville Road, Birmingham, AL 35235, USA",BIRMINGHAM,JEFFERSON,ALABAMA,AL,33.6524273,-86.6381332,,,,,False,,False
JEFFERSON,PREC 4125 - HOPE COMMUNITY CHURCH OF BHAM,"4445 MONTEVALLO RD BIRMINGHAM, AL 35213",,,,,"PRECINCT 4125 - 021 (04125), PRECINCT 4125 - 022 (04125), PRECINCT 4125 - 019 (04125), PRECINCT 4125 - 024 (04125)",False,false,,,01073,"4445 Montevallo Rd, Birmingham, AL 35213, USA",BIRMINGHAM,JEFFERSON,ALABAMA,AL,33.5177187,-86.72826429999999,33.5181822,-86.72749480000002,33.5170465,-86.72885830000001,False,,False
JEFFERSON,PREC 4140 - LEEDS CIVIC CENTER,"1000 PARK DR LEEDS, AL 35094",,,,,"PRECINCT 4140 - 024 (04140), PRECINCT 4140 - 027 (04140), PRECINCT 4140 - 028 (04140), PRECINCT 4140 - 026 (04140), PRECINCT 4140 - 025 (04140), PRECINCT 4140 - 021 (04140)",False,false,,,01073,"1000 Park Dr, Leeds, AL 35094, USA",LEEDS,JEFFERSON,ALABAMA,AL,33.54498530000001,-86.563968,33.5451981,-86.5636893,33.5446458,-86.5643322,False,,False
JEFFERSON,PREC 4150 - PALMERDALE UNITED METHODIST CHURCH,"7776 HWY 75 PINSON, AL 35126",,,,,"PRECINCT 4150 - 018 (04150), PRECINCT 4150 - 019 (04150), PRECINCT 4150 - 017 (04150), PRECINCT 4150 - 021 (04150), PRECINCT 4150 - 020 (04150)",False,false,,,01073,"7776 AL-75, Pinson, AL 35126, USA",PINSON,JEFFERSON,ALABAMA,AL,33.7306333,-86.6540639,,,,,False,,False
JEFFERSON,PREC 4170 - KIMBERLY UNITED METHODIST CHURCH,"9178 OLD HWY 31 KIMBERLY, AL 35091",,,,,"PRECINCT 4170 - 007 (04170), PRECINCT 4170 - 005 (04170), PRECINCT 4170 - 006 (04170), PRECINCT 4170 - 008 (04170)",False,false,,,01073,"9178 Old Hwy 31, Kimberly, AL 35091, USA",KIMBERLY,JEFFERSON,ALABAMA,AL,33.7739872,-86.8154833,33.7741298,-86.81532399999999,33.7738393,-86.8156291,False,,False
JEFFERSON,PREC 4180 - BRADFORD SANCTUARY OF PRAISE,"8294 BRADFORD RD PINSON, AL 35126",,,,,"PRECINCT 4180 - 013 (04180), PRECINCT 4180 - 015 (04180), PRECINCT 4180 - 014 (04180), PRECINCT 4180 - 016 (04180), PRECINCT 4180 - 012 (04180)",False,false,,,01073,"8294 Bradford Rd, Pinson, AL 35126, USA",PINSON,JEFFERSON,ALABAMA,AL,33.7528929,-86.69838120000001,33.752926,-86.6982091,33.7528321,-86.6985701,False,,False
JEFFERSON,PREC 4190 - THE CHURCH AT GRANTS MILL,"6001 OLD LEEDS RD BIRMINGHAM, AL 35210",,,,,"PRECINCT 4190 - 020 (04190), PRECINCT 4190 - 024 (04190), PRECINCT 4190 - 025 (04190), PRECINCT 4190 - 023 (04190), PRECINCT 4190 - 021 (04190), PRECINCT 4190 - 022 (04190)",False,false,,,01073,"6001 Old Leeds Rd, Irondale, AL 35210, USA",IRONDALE,JEFFERSON,ALABAMA,AL,33.5389032,-86.66795119999999,33.5392677,-86.6675482,33.5385667,-86.6683427,False,,False
JEFFERSON,PREC 4200 - FULTONDALE SENIOR CITIZENS BUILDING,"900 ROWE DR FULTONDALE, AL 35068",,,,,"PRECINCT 4200 - 022 (04200), PRECINCT 4200 - 030 (04200), PRECINCT 4200 - 023 (04200), PRECINCT 4200 - 031 (04200), PRECINCT 4200 - 032 (04200), PRECINCT 4200 - 035 (04200), PRECINCT 4200 - 033 (04200)",False,false,,,01073,"Fultondale, AL 35068, USA",FULTONDALE,JEFFERSON,ALABAMA,AL,33.6107373,-86.8320743,33.6369869,-86.779237,33.5757071,-86.88341779999999,True,Unexpected address size change,False
JEFFERSON,PREC 4210 - MORRIS SENIOR CITIZENS BUILDING,"601 MORRIS MAJESTIC RD MORRIS, AL 35116",,,,,"PRECINCT 4210 - 007 (04210), PRECINCT 4210 - 006 (04210), PRECINCT 4210 - 008 (04210)",False,false,,,01073,"601 Morris Majestic Rd, Morris, AL 35116, USA",MORRIS,JEFFERSON,ALABAMA,AL,33.747613,-86.80928399999999,,,,,False,,False
JEFFERSON,PREC 4220 - IRONDALE SENIOR CITIZENS BUILDING,"5313 BEACON DR BIRMINGHAM, AL 35210",,,,,"PRECINCT 4220 - 022 (04220), PRECINCT 4220 - 019 (04220), PRECINCT 4220 - 020 (04220), PRECINCT 4220 - 021 (04220)",False,false,,,01073,"5313 Beacon Dr, Irondale, AL 35210, USA",IRONDALE,JEFFERSON,ALABAMA,AL,33.5295854,-86.6972517,33.5297066,-86.6971068,33.5294969,-86.697348,False,,False
JEFFERSON,PREC 4230 - GUIDING LIGHT CHURCH,"1800 JOHN ROGERS DR BIRMINGHAM, AL 35210",,,,,"PRECINCT 4230 - 035 (04230), PRECINCT 4230 - 038 (04230), PRECINCT 4230 - 033 (04230), PRECINCT 4230 - 034 (04230), PRECINCT 4230 - 036 (04230)",False,false,,,01073,"1800 John Rogers Dr, Irondale, AL 35210, USA",IRONDALE,JEFFERSON,ALABAMA,AL,33.5639005,-86.6669296,33.5646141,-86.6662024,33.5634925,-86.66753179999999,False,,False
JEFFERSON,PREC 4240 - IRONDALE CITY HALL,"101 20TH ST S BIRMINGHAM, AL 35210",,,,,"PRECINCT 4240 - 016 (04240), PRECINCT 4240 - 015 (04240)",False,false,,,01073,"101 20th St S, Birmingham, AL 35233, USA",BIRMINGHAM,JEFFERSON,ALABAMA,AL,33.5117811,-86.8035256,,,,,False,,False
JEFFERSON,PREC 4250 - TRAFFORD CITY HALL,"9239 E COMMERCIAL AVE TRAFFORD, AL 35172",,,,,"PRECINCT 4250 - 007 (04250), PRECINCT 4250 - 005 (04250), PRECINCT 4250 - 006 (04250)",False,false,,,01073,"9239 E Commercial Ave, Trafford, AL 35172, USA",TRAFFORD,JEFFERSON,ALABAMA,AL,33.81931470000001,-86.7425607,33.8193751,-86.74243469999999,33.8192506,-86.74270220000001,False,,False
JEFFERSON,PREC 5005 - BIRMINGHAM FIRST SDA CHURCH,"3520 LORNA ROAD BIRMINGHAM, AL 35216",,,,,"PRECINCT 5005 - 004 (05005), PRECINCT 5005 - 003 (05005)",False,false,,,01073,"3520 Lorna Rd, Birmingham, AL 35216, USA",BIRMINGHAM,JEFFERSON,ALABAMA,AL,33.3877038,-86.79461409999999,33.3879486,-86.79422249999999,33.3875028,-86.79495879999999,False,,False
JEFFERSON,PREC 5010 - HOOVER PARK & RECREATION CENTER,"600 MUNICIPAL DR BIRMINGHAM, AL 35226",,,,,"PRECINCT 5010 - 018 (05010), PRECINCT 5010 - 023 (05010), PRECINCT 5010 - 022 (05010), PRECINCT 5010 - 020 (05010), PRECINCT 5010 - 021 (05010)",False,false,,,01073,"600 Municipal Dr, Hoover, AL 35216, USA",HOOVER,JEFFERSON,ALABAMA,AL,33.3887974,-86.80139799999999,33.3890086,-86.80094079999999,33.3882829,-86.8020141,False,,False
JEFFERSON,PREC 5015 - HOOVER SENIOR CENTER,"400 MUNICIPAL DRIVE BIRMINGHAM, AL 35216",,,,,"PRECINCT 5015 - 003 (05015), PRECINCT 5015 - 012 (05015), PRECINCT 5015 - 009 (05015), PRECINCT 5015 - 010 (05015), PRECINCT 5015 - 011 (05015)",False,false,,,01073,"400 Municipal Dr, Birmingham, AL 35216, USA",BIRMINGHAM,JEFFERSON,ALABAMA,AL,33.3890822,-86.8041789,33.3891823,-86.8038749,33.3889602,-86.80463329999999,False,,False
JEFFERSON,PREC 5020 - VESTAVIA HILLS UNITED METHODIST CHURCH,"2061 KENTUCKY AVE BIRMINGHAM, AL 35216",,,,,"PRECINCT 5020 - 016 (05020), PRECINCT 5020 - 014 (05020), PRECINCT 5020 - 020 (05020)",False,false,,,01073,"2061 Kentucky Ave, Vestavia Hills, AL 35216, USA",VESTAVIA HILLS,JEFFERSON,ALABAMA,AL,33.446599,-86.7868539,33.4467223,-86.78619139999999,33.4454379,-86.7872931,False,,False
JEFFERSON,PREC 5030 - SHADES MOUNTAIN COMMUNITY CHURCH,"2325 TYLER RD BIRMINGHAM, AL 35226",,,,,"PRECINCT 5030 - 012 (05030), PRECINCT 5030 - 016 (05030), PRECINCT 5030 - 015 (05030), PRECINCT 5030 - 013 (05030), PRECINCT 5030 - 009 (05030), PRECINCT 5030 - 014 (05030), PRECINCT 5030 - 020 (05030), PRECINCT 5030 - 018 (05030)",False,false,,,01073,"2325 Tyler Rd, Hoover, AL 35226, USA",HOOVER,JEFFERSON,ALABAMA,AL,33.4165367,-86.831839,33.4167826,-86.8315606,33.416196,-86.83204909999999,False,,False
JEFFERSON,PREC 5035 - FULLNESS CHRISTIAN FELLOWSHIP CHURCH,"2575 COLUMBIANA ROAD BIRMINGHAM, AL 35216",,,,,"PRECINCT 5035 - 003 (05035), PRECINCT 5035 - 004 (05035)",False,false,,,01073,"2575 Columbiana Rd, Vestavia Hills, AL 35216, USA",VESTAVIA HILLS,JEFFERSON,ALABAMA,AL,33.4266949,-86.8091434,33.4270653,-86.8088863,33.4265978,-86.80935459999999,False,,False
JEFFERSON,PREC 5040 - METROPOLITAN CHURCH OF GOD,"2800 METROPOLITAN WAY BIRMINGHAM, AL 35243",,,,,"PRECINCT 5040 - 005 (05040), PRECINCT 5040 - 007 (05040), PRECINCT 5040 - 006 (05040)",False,false,,,01073,"2800 Metropolitan Way, Birmingham, AL 35216, USA",BIRMINGHAM,JEFFERSON,ALABAMA,AL,33.4058288,-86.76936719999999,33.406342,-86.7685515,33.4054129,-86.76996729999999,False,,False
JEFFERSON,PREC 5050 - HOMEWOOD PUBLIC LIBRARY,"1721 OXMOOR RD BIRMINGHAM, AL 35209",,,,,"PRECINCT 5050 - 024 (05050), PRECINCT 5050 - 028 (05050), PRECINCT 5050 - 027 (05050), PRECINCT 5050 - 026 (05050), PRECINCT 5050 - 025 (05050), PRECINCT 5050 - 029 (05050), PRECINCT 5050 - 030 (05050), PRECINCT 5050 - 033 (05050), PRECINCT 5050 - 032 (05050)",False,false,,,01073,"1721 Oxmoor Rd, Homewood, AL 35209, USA",HOMEWOOD,JEFFERSON,ALABAMA,AL,33.4751272,-86.7954003,33.4753587,-86.79492259999999,33.4747704,-86.795878,False,,False
JEFFERSON,PREC 5060 - SAINT PETER THE APOSTLE,"CATHOLIC CHURCH 2061 PATTON CHAPEL RD BIRMINGHAM, AL 35216",,,,,"PRECINCT 5060 - 008 (05060), PRECINCT 5060 - 006 (05060), PRECINCT 5060 - 010 (05060)",False,false,,,01073,"2061 Patton Chapel Rd, Hoover, AL 35216, USA",HOOVER,JEFFERSON,ALABAMA,AL,33.3926253,-86.8004562,33.3929495,-86.8000277,33.3919376,-86.8008905,True,Unexpected address size change,False
JEFFERSON,PREC 5070 - CAHABA HEIGHTS BAPTIST CHURCH,"3800 CROSSHAVEN DR BIRMINGHAM, AL 35243",,,,,"PRECINCT 5070 - 006 (05070), PRECINCT 5070 - 009 (05070), PRECINCT 5070 - 008 (05070), PRECINCT 5070 - 007 (05070)",False,false,,,01073,"3800 Crosshaven Dr, Vestavia Hills, AL 35243, USA",VESTAVIA HILLS,JEFFERSON,ALABAMA,AL,33.4656159,-86.73162099999999,33.4659362,-86.7314301,33.465352,-86.7317413,False,,False
JEFFERSON,PREC 5080 - BROOKWOOD BAPTIST CHURCH,"3449 OVERTON RD BIRMINGHAM, AL 35223",,,,,"PRECINCT 5080 - 022 (05080), PRECINCT 5080 - 018 (05080), PRECINCT 5080 - 020 (05080), PRECINCT 5080 - 023 (05080), PRECINCT 5080 - 019 (05080), PRECINCT 5080 - 017 (05080), PRECINCT 5080 - 016 (05080)",False,false,,,01073,"3449 Overton Rd, Mountain Brook, AL 35223, USA",MOUNTAIN BROOK,JEFFERSON,ALABAMA,AL,33.4774944,-86.71664229999999,,,,,False,,False
JEFFERSON,PREC 5090 - LEEDS FIRST UNITED METHODIST CHURCH,"FAMILY LIFE CENTER 1189 6TH ST LEEDS, AL 35094",,,,,"PRECINCT 5090 - 031 (05090), PRECINCT 5090 - 030 (05090), PRECINCT 5090 - 028 (05090), PRECINCT 5090 - 029 (05090), PRECINCT 5090 - 026 (05090), PRECINCT 5090 - 027 (05090), PRECINCT 5090 - 025 (05090), PRECINCT 5090 - 032 (05090), PRECINCT 5090 - 036 (05090)",False,false,,,01073,"1189 6th St, Leeds, AL 35094, USA",LEEDS,JEFFERSON,ALABAMA,AL,33.5439871,-86.5446757,33.5441858,-86.5444582,33.5437654,-86.544877,True,Unexpected address size change,False
JEFFERSON,PREC 5100 - BLUFF PARK UNITED METHODIST CHURCH,"733 VALLEY ST BIRMINGHAM, AL 35226",,,,,"PRECINCT 5100 - 033 (05100), PRECINCT 5100 - 030 (05100), PRECINCT 5100 - 026 (05100), PRECINCT 5100 - 028 (05100), PRECINCT 5100 - 032 (05100), PRECINCT 5100 - 041 (05100)",False,false,,,01073,"733 Valley St, Hoover, AL 35226, USA",HOOVER,JEFFERSON,ALABAMA,AL,33.4170339,-86.8482113,,,,,False,,False
JEFFERSON,PREC 5110 - MOUNTAIN BROOK CITY HALL,"56 CHURCH ST BIRMINGHAM, AL 35213",,,,,"PRECINCT 5110 - 026 (05110), PRECINCT 5110 - 024 (05110), PRECINCT 5110 - 028 (05110), PRECINCT 5110 - 030 (05110), PRECINCT 5110 - 029 (05110)",False,false,,,01073,"56 Church St, Mountain Brook, AL 35213, USA",MOUNTAIN BROOK,JEFFERSON,ALABAMA,AL,33.5016813,-86.7560183,,,,,False,,False
JEFFERSON,PREC 5120 - SHADES MOUNTAIN BAPTIST CHURCH,"2017 COLUMBIANA ROAD BIRMINGHAM, AL 35216",,,,,"PRECINCT 5120 - 010 (05120), PRECINCT 5120 - 009 (05120), PRECINCT 5120 - 011 (05120), PRECINCT 5120 - 008 (05120), PRECINCT 5120 - 012 (05120), PRECINCT 5120 - 013 (05120)",False,false,,,01073,"2017 Columbiana Rd, Vestavia Hills, AL 35216, USA",VESTAVIA HILLS,JEFFERSON,ALABAMA,AL,33.439088,-86.8068787,,,,,False,,False
JEFFERSON,PREC 5130 - MOUNTAIN BROOK COMMUNITY CHURCH,"3001 HWY 280 BIRMINGHAM, AL 35243",,,,,"PRECINCT 5130 - 014 (05130), PRECINCT 5130 - 011 (05130), PRECINCT 5130 - 012 (05130), PRECINCT 5130 - 015 (05130)",False,false,,,01073,"3001 US-280, Birmingham, AL 35243, USA",BIRMINGHAM,JEFFERSON,ALABAMA,AL,33.4517123,-86.7436018,33.4519694,-86.7431072,33.4512234,-86.7439958,False,,False
JEFFERSON,PREC 5140 - THE CHURCH AT LIBERTY PARK,"12001 LIBERTY PKWY BIRMINGHAM, AL 35242",,,,,"PRECINCT 5140 - 015 (05140), PRECINCT 5140 - 016 (05140), PRECINCT 5140 - 017 (05140), PRECINCT 5140 - 014 (05140)",False,false,,,01073,"12001 Liberty Pkwy, Vestavia Hills, AL 35242, USA",VESTAVIA HILLS,JEFFERSON,ALABAMA,AL,33.473591,-86.6924714,33.4737703,-86.6919652,33.4728529,-86.6925966,False,,False
JEFFERSON,PREC 5160 - SAINT THOMAS EPISCOPAL CHURCH,"2870 ACTON RD BIRMINGHAM, AL 35243",,,,,"PRECINCT 5160 - 012 (05160), PRECINCT 5160 - 015 (05160), PRECINCT 5160 - 013 (05160), PRECINCT 5160 - 014 (05160)",False,false,,,01073,"2870 Acton Rd, Vestavia Hills, AL 35243, USA",VESTAVIA HILLS,JEFFERSON,ALABAMA,AL,33.4307591,-86.7402686,33.4309805,-86.74010580000001,33.4305979,-86.7404694,False,,False
JEFFERSON,PREC 5170 - EDGEWOOD ELEMENTARY SCHOOL,"901 COLLEGE AVE BIRMINGHAM, AL 35209",,,,,"PRECINCT 5170 - 011 (05170), PRECINCT 5170 - 010 (05170), PRECINCT 5170 - 008 (05170)",False,false,,,01073,"901 College Ave, Birmingham, AL 35209, USA",BIRMINGHAM,JEFFERSON,ALABAMA,AL,33.4711735,-86.8093239,33.4715294,-86.8091651,33.4709614,-86.8103618,False,,False
JEFFERSON,PREC 5180 - SAINT LUKE'S EPISCOPAL CHURCH,"3736 MONTROSE RD BIRMINGHAM, AL 35213",,,,,PRECINCT 5180 - 009 (05180),False,false,,,01073,"3736 Montrose Rd, Mountain Brook, AL 35213, USA",MOUNTAIN BROOK,JEFFERSON,ALABAMA,AL,33.5013729,-86.74627819999999,33.5015973,-86.7460262,33.5009137,-86.74667319999999,False,,False
JEFFERSON,PREC 5190 - CHEROKEE BEND ELEMENTARY SCHOOL,"4400 FAIR OAKS DR BIRMINGHAM, AL 35213",,,,,"PRECINCT 5190 - 025 (05190), PRECINCT 5190 - 026 (05190), PRECINCT 5190 - 027 (05190), PRECINCT 5190 - 029 (05190), PRECINCT 5190 - 022 (05190), PRECINCT 5190 - 031 (05190)",False,false,,,01073,"4400 Fair Oaks Dr, Birmingham, AL 35213, USA",BIRMINGHAM,JEFFERSON,ALABAMA,AL,33.5097724,-86.71639689999999,33.5101871,-86.71586649999999,33.5089834,-86.71690310000001,False,,False
JEFFERSON,PREC 5200 - MOUNTAINTOP COMMUNITY CHURCH,"ADDERHOLD STUDENT CENTER 226 CENTERVIEW DR BIRMINGHAM, AL 35216",,,,,"PRECINCT 5200 - 009 (05200), PRECINCT 5200 - 008 (05200), PRECINCT 5200 - 006 (05200), PRECINCT 5200 - 011 (05200), PRECINCT 5200 - 012 (05200)",False,false,,,01073,"226 Centerview Dr, Vestavia Hills, AL 35216, USA",VESTAVIA HILLS,JEFFERSON,ALABAMA,AL,33.4141209,-86.7972776,33.414421,-86.7970435,33.4138895,-86.79748239999999,True,Unexpected address size change,False
JEFFERSON,PREC 5220 - VESTAVIA CITY HALL,"1032 MONTGOMERY HWY BIRMINGHAM, AL 35216",,,,,"PRECINCT 5220 - 007 (05220), PRECINCT 5220 - 006 (05220), PRECINCT 5220 - 005 (05220)",False,false,,,01073,"1032 Montgomery Hwy, Vestavia Hills, AL 35216, USA",VESTAVIA HILLS,JEFFERSON,ALABAMA,AL,33.4378899,-86.79085769999999,33.4381016,-86.790516,33.4375202,-86.7912357,False,,False
JEFFERSON,PREC 5230 - HOOVER PUBLIC LIBRARY,"200 MUNICIPAL DR BIRMINGHAM, AL 35216",,,,,"PRECINCT 5230 - 005 (05230), PRECINCT 5230 - 007 (05230), PRECINCT 5230 - 006 (05230), PRECINCT 5230 - 008 (05230)",False,false,,,01073,"200 Municipal Dr, Hoover, AL 35216, USA",HOOVER,JEFFERSON,ALABAMA,AL,33.3879949,-86.80454329999999,33.3883244,-86.80398489999999,33.3876556,-86.8052688,False,,False
JEFFERSON,PREC 5240 - SHADES CAHABA ELEMENTARY SCHOOL,"3001 MONTGOMERY HWY BIRMINGHAM, AL 35209",,,,,"PRECINCT 5240 - 008 (05240), PRECINCT 5240 - 009 (05240)",False,false,,,01073,"3001 Montgomery Hwy, Homewood, AL 35209, USA",HOMEWOOD,JEFFERSON,ALABAMA,AL,33.4663723,-86.77750549999999,,,,,False,,False
JEFFERSON,PREC 5250 - CHURCH OF THE HIGHLANDS,"4700 HIGHLANDS WAY BIRMINGHAM, AL 35210",,,,,"PRECINCT 5250 - 017 (05250), PRECINCT 5250 - 016 (05250), PRECINCT 5250 - 018 (05250), PRECINCT 5250 - 023 (05250), PRECINCT 5250 - 019 (05250), PRECINCT 5250 - 020 (05250), PRECINCT 5250 - 021 (05250), PRECINCT 5250 - 022 (05250)",False,false,,,01073,"Highland Dr, Birmingham, AL 35210, USA",BIRMINGHAM,JEFFERSON,ALABAMA,AL,33.540285,-86.6327229,33.54068680000002,-86.63270440000001,33.53975249999998,-86.6327927,True,Invalid final address,False
JEFFERSON,PREC 5260 - CANTERBURY UNITED METHODIST CHURCH,"350 OVERBROOK RD BIRMINGHAM, AL 35213",,,,,"PRECINCT 5260 - 008 (05260), PRECINCT 5260 - 009 (05260)",False,false,,,01073,"350 Overbrook Rd, Birmingham, AL 35213, USA",BIRMINGHAM,JEFFERSON,ALABAMA,AL,33.489253,-86.75608659999999,33.4895997,-86.7554632,33.4884272,-86.756615,False,,False
JEFFERSON,PREC 5280 - BIRMINGHAM BOTANICAL GARDENS,"2612 LANE PARK RD BIRMINGHAM, AL 35223",,,,,"PRECINCT 5280 - 016 (05280), PRECINCT 5280 - 018 (05280)",False,false,,,01073,"2612 Lane Park Rd, Birmingham, AL 35223, USA",BIRMINGHAM,JEFFERSON,ALABAMA,AL,33.4900154,-86.7752196,,,,,False,,False
