Locality,Location Name,Address Full,Address Line,Address City,Address State,Address Zip,Precincts (Or Locality-wide),Is Drop Off,Is Early Voting,Google Address,City,County,State Long,State,Latitude,Longitude,NE Latitude,NE Longitude,SW Latitude,SW Longitude,Review Required,Problem,Duplicate
Carson City,Carson City Community Center,851 E. William Street   Carson City NV 89701,851 E. William Street  ,Carson City,NV,89701,Locality wide location,false,false,,,,,,,,,,,,True,"Missing county from Google [{'address_components': [{'long_name': '851', 'short_name': '851', 'types': ['street_number']}, {'long_name': 'East William Street', 'short_name': 'E William St', 'types': ['route']}, {'long_name': 'Carson City', 'short_name': 'Carson City', 'types': ['locality', 'political']}, {'long_name': 'Nevada', 'short_name': 'NV', 'types': ['administrative_area_level_1', 'political']}, {'long_name': 'United States', 'short_name': 'US', 'types': ['country', 'political']}, {'long_name': '89701', 'short_name': '89701', 'types': ['postal_code']}, {'long_name': '3123', 'short_name': '3123', 'types': ['postal_code_suffix']}], 'formatted_address': '851 E William St, Carson City, NV 89701, USA', 'geometry': {'bounds': {'northeast': {'lat': 39.170024, 'lng': -119.7599658}, 'southwest': {'lat': 39.1692974, 'lng': -119.7603664}}, 'location': {'lat': 39.1697361, 'lng': -119.7601635}, 'location_type': 'ROOFTOP', 'viewport': {'northeast': {'lat': 39.17119933029149, 'lng': -119.7588171197085}, 'southwest': {'lat': 39.1685013697085, 'lng': -119.7615150802915}}}, 'place_id': 'ChIJn6fKgZkKmYAR7MRRx0H-Luo', 'types': ['premise']}]",False
Churchill,Fallon Convention Center,100 Campus Way   Fallon NV 89406,100 Campus Way  ,Fallon,NV,89406,Locality wide location,false,false,"100 Campus Way, Fallon, NV 89406, USA",FALLON,CHURCHILL,NEVADA,NV,39.4773947,-118.7907576,39.4775492,-118.790453,39.4771856,-118.7909707,False,,False
Clark,ALIANTE LIBRARY,2400 W. Deer Springs Way   North Las Vegas NV 89084,2400 W. Deer Springs Way  ,North Las Vegas,NV,89084,Locality wide location,false,false,"W Deer Springs Way, North Las Vegas, NV 89084, USA",NORTH LAS VEGAS,CLARK,NEVADA,NV,36.2838273,-115.1449079,36.2851871,-115.1392604,36.2829783,-115.1500074,True,Invalid final address,False
Clark,"ALLEN, DEAN ELEMENTARY",8680 W. Hammer Lane   Las Vegas NV 89149,8680 W. Hammer Lane  ,Las Vegas,NV,89149,Locality wide location,false,false,"8680 W Hammer Ln, Las Vegas, NV 89149, USA",LAS VEGAS,CLARK,NEVADA,NV,36.2601448,-115.2832955,36.26041790000001,-115.2827372,36.2596017,-115.2837436,False,,False
Clark,ARROYO MARKET SQUARE,6930 Arroyo Crossing Pkwy   Las Vegas NV 89113,6930 Arroyo Crossing Pkwy  ,Las Vegas,NV,89113,Locality wide location,false,false,"6930 Arroyo Crossing Pkwy, Las Vegas, NV 89113, USA",LAS VEGAS,CLARK,NEVADA,NV,36.06535100000001,-115.24449,,,,,False,,False
Clark,"BAILEY, SISTER ROBERT JOSEPH ELEM",4525 Jimmy Durante Blvd   Las Vegas NV 89122,4525 Jimmy Durante Blvd  ,Las Vegas,NV,89122,Locality wide location,false,false,"4525 Jimmy Durante Blvd, Las Vegas, NV 89122, USA",LAS VEGAS,CLARK,NEVADA,NV,36.1074948,-115.051117,36.1075729,-115.0510573,36.107433,-115.0512304,False,,False
Clark,"BAILEY, WILLIAM H MIDDLE SCHOOL",2500 N. Hollywood Blvd   Las Vegas NV 89156,2500 N. Hollywood Blvd  ,Las Vegas,NV,89156,Locality wide location,false,false,"2500 N Hollywood Blvd, Las Vegas, NV 89156, USA",LAS VEGAS,CLARK,NEVADA,NV,36.2049931,-115.0257626,36.205204,-115.0252594,36.2047637,-115.0262891,False,,False
Clark,"BASS, JOHN ELEMENTARY",10377 Rancho Destino Rd   Las Vegas NV 89183,10377 Rancho Destino Rd  ,Las Vegas,NV,89183,Locality wide location,false,false,"10377 Rancho Destino Rd, Las Vegas, NV 89183, USA",LAS VEGAS,CLARK,NEVADA,NV,36.0011406,-115.1670537,36.002029,-115.1659245,36.0002436,-115.168168,False,,False
Clark,BLUE DIAMOND CROSSING,4100 Blue Diamond Rd   Las Vegas NV 89139,4100 Blue Diamond Rd  ,Las Vegas,NV,89139,Locality wide location,false,false,"4100 Blue Diamond Rd, Las Vegas, NV 89139, USA",LAS VEGAS,CLARK,NEVADA,NV,36.0408384,-115.1954002,36.04144369999999,-115.1945674,36.0402664,-115.1962972,False,,False
Clark,BOULDER CITY REC CENTER,900 Arizona St   Boulder City NV 89005,900 Arizona St  ,Boulder City,NV,89005,Locality wide location,false,false,"900 Arizona St, Boulder City, NV 89005, USA",BOULDER CITY,CLARK,NEVADA,NV,35.9788784,-114.8332876,35.9791343,-114.8330581,35.9785386,-114.8335118,False,,False
Clark,BOULEVARD MALL,3528 S. Maryland Pkwy   Las Vegas NV 89169,3528 S. Maryland Pkwy  ,Las Vegas,NV,89169,Locality wide location,false,false,"3528 S Maryland Pkwy, Las Vegas, NV 89169, USA",LAS VEGAS,CLARK,NEVADA,NV,36.1241882,-115.1351839,36.127487,-115.1339754,36.1217382,-115.1361367,False,,False
Clark,"BOZARTH, HENRY & EVELYN ELEMENTARY",7431 Eagan Crest Dr   Las Vegas NV 89166,7431 Eagan Crest Dr  ,Las Vegas,NV,89166,Locality wide location,false,false,"7431 Egan Crest Dr, Las Vegas, NV 89166, USA",LAS VEGAS,CLARK,NEVADA,NV,36.2966281,-115.3217939,36.2967068,-115.3216681,36.2965298,-115.3219077,False,,False
Clark,"BRIDGER, JIM MIDDLE SCHOOL",2505 N. Bruce St   North Las Vegas NV 89030,2505 N. Bruce St  ,North Las Vegas,NV,89030,Locality wide location,false,false,"2505 N Bruce St, North Las Vegas, NV 89030, USA",NORTH LAS VEGAS,CLARK,NEVADA,NV,36.2050583,-115.1261505,36.2053908,-115.1255407,36.2047123,-115.1267419,False,,False
Clark,"BROWN, B MAHLON JUNIOR HIGH SCHOOL",307 Cannes St   Henderson NV 89015,307 Cannes St  ,Henderson,NV,89015,Locality wide location,false,false,"307 Cannes St, Henderson, NV 89015, USA",HENDERSON,CLARK,NEVADA,NV,36.0519222,-114.9552001,36.052485,-114.9546904,36.0511336,-114.9559385,False,,False
Clark,BUNKERVILLE COMMUNITY CENTER,150 W. Virgin St   Bunkerville NV 89007,150 W. Virgin St  ,Bunkerville,NV,89007,Locality wide location,false,false,"150 Virgin St, Bunkerville, NV 89007, USA",BUNKERVILLE,CLARK,NEVADA,NV,36.7732059,-114.1250308,36.7732738,-114.1248765,36.7731174,-114.1251505,False,,False
Clark,"BURKHOLDER, LYAL MIDDLE SCHOOL",355 W. Van Wagenen St   Henderson NV 89015,355 W. Van Wagenen St  ,Henderson,NV,89015,Locality wide location,false,false,"355 W Van Wagenen St, Henderson, NV 89015, USA",HENDERSON,CLARK,NEVADA,NV,36.0292615,-114.9923801,36.0299451,-114.9919168,36.028678,-114.9943301,False,,False
Clark,"CADWALLADER, RALPH L MIDDLE SCH",7775 Elkorn Rd   Las Vegas NV 89131,7775 Elkorn Rd  ,Las Vegas,NV,89131,Locality wide location,false,false,"7775 W Elkhorn Rd, Las Vegas, NV 89131, USA",LAS VEGAS,CLARK,NEVADA,NV,36.2901608,-115.2634772,36.2905103,-115.263141,36.2896841,-115.2636858,False,,False
Clark,CAMBRIDGE RECREATION CENTER,3930 Cambridge St   Las Vegas NV 89119,3930 Cambridge St  ,Las Vegas,NV,89119,Locality wide location,false,false,"3930 Cambridge St, Las Vegas, NV 89119, USA",LAS VEGAS,CLARK,NEVADA,NV,36.1182603,-115.1408818,36.1186215,-115.1403528,36.1178941,-115.1414038,False,,False
Clark,"CANARELLI, LAWRENCE AND HEIDI MS",7808 S. Torrey Pines Dr   Las Vegas NV 89139,7808 S. Torrey Pines Dr  ,Las Vegas,NV,89139,Locality wide location,false,false,"7808 S Torrey Pines Dr, Las Vegas, NV 89139, USA",LAS VEGAS,CLARK,NEVADA,NV,36.0479008,-115.2321961,36.0479903,-115.23216,36.0478228,-115.2322696,False,,False
Clark,"CASHMAN, JAMES MIDDLE SCHOOL",4622 W. Desert Inn Rd   Las Vegas NV 89102,4622 W. Desert Inn Rd  ,Las Vegas,NV,89102,Locality wide location,false,false,"4622 W Desert Inn Rd, Las Vegas, NV 89102, USA",LAS VEGAS,CLARK,NEVADA,NV,36.1310551,-115.2043854,36.1315173,-115.2037806,36.1304275,-115.2053617,False,,False
Clark,CENTENNIAL CENTER,7881 W. Tropical Pkwy   Las Vegas NV 89149,7881 W. Tropical Pkwy  ,Las Vegas,NV,89149,Locality wide location,false,false,"7881 W Tropical Pkwy, Las Vegas, NV 89149, USA",LAS VEGAS,CLARK,NEVADA,NV,36.2694852,-115.2662019,36.2697909,-115.2650041,36.2689858,-115.2669408,False,,False
Clark,CLARK COUNTY BUILDING DEPARTMENT,4701 W. Russell Rd   Las Vegas NV 89118,4701 W. Russell Rd  ,Las Vegas,NV,89118,Locality wide location,false,false,"4701 W Russell Rd, Las Vegas, NV 89118, USA",LAS VEGAS,CLARK,NEVADA,NV,36.084873,-115.2045707,36.0858065,-115.2042578,36.0847147,-115.2057373,False,,False
Clark,CLARK COUNTY FAIRGROUNDS-FINE ARTS,1301 Whipple Ave   Logandale NV 89021,1301 Whipple Ave  ,Logandale,NV,89021,Locality wide location,false,false,"1301 Whipple Ave, Moapa Valley, NV 89021, USA",MOAPA VALLEY,CLARK,NEVADA,NV,36.6066106,-114.4712193,36.6066909,-114.4710931,36.6065129,-114.4713117,False,,False
Clark,"COLEMAN, CORA SENIOR CENTER",2100 Bonnie Ln   Las Vegas NV 89156,2100 Bonnie Ln  ,Las Vegas,NV,89156,Locality wide location,false,false,"2100 Bonnie Ln, Las Vegas, NV 89156, USA",LAS VEGAS,CLARK,NEVADA,NV,36.1979113,-115.0453943,36.198638,-115.045122,36.1977875,-115.0455847,False,,False
Clark,"CONNERS, EILEEN ELEMENTARY",3810 Shadow Peak Dr   Las Vegas NV 89129,3810 Shadow Peak Dr  ,Las Vegas,NV,89129,Locality wide location,false,false,"3810 Shadow Peak St, Las Vegas, NV 89129, USA",LAS VEGAS,CLARK,NEVADA,NV,36.2301031,-115.3201735,36.2301346,-115.3201376,36.2300469,-115.3202128,False,,False
Clark,CORONADO HIGH SCHOOL,1001 Coronado Center Dr   Henderson NV 89052,1001 Coronado Center Dr  ,Henderson,NV,89052,Locality wide location,false,false,"1001 Coronado Center Dr, Henderson, NV 89052, USA",HENDERSON,CLARK,NEVADA,NV,35.9945967,-115.1117428,35.9948927,-115.1113356,35.99427379999999,-115.1122293,False,,False
Clark,"CORTNEY, FRANCIS H. JR. HIGH SCHOOL",5301 E Hacienda Ave   Las Vegas NV 89122,5301 E Hacienda Ave  ,Las Vegas,NV,89122,Locality wide location,false,false,"5301 E Hacienda Ave, Las Vegas, NV 89122, USA",LAS VEGAS,CLARK,NEVADA,NV,36.0923076,-115.056434,36.0923713,-115.0563963,36.0922608,-115.0564656,False,,False
Clark,"COX, DAVID ELEMENTARY",280 Clark Dr   Henderson NV 89074,280 Clark Dr  ,Henderson,NV,89074,Locality wide location,false,false,"280 Clark Dr, Henderson, NV 89074, USA",HENDERSON,CLARK,NEVADA,NV,36.0487101,-115.1040059,36.0487721,-115.103884,36.0485693,-115.1041012,False,,False
Clark,"CRAM, BRIAN AND TERI MIDDLE SCHOOL",1900 W. Deer Springs Wy   North Las Vegas NV 89084,1900 W. Deer Springs Wy  ,North Las Vegas,NV,89084,Locality wide location,false,false,"W Deer Springs Way, North Las Vegas, NV 89084, USA",NORTH LAS VEGAS,CLARK,NEVADA,NV,36.2838273,-115.1449079,36.2851871,-115.1392604,36.2829783,-115.1500074,True,Invalid final address,True
Clark,"DAILEY, JACK ELEMENTARY SCHOOL",2001 E. Reno Ave   Las Vegas NV 89119,2001 E. Reno Ave  ,Las Vegas,NV,89119,Locality wide location,false,false,"2001 E Reno Ave, Las Vegas, NV 89119, USA",LAS VEGAS,CLARK,NEVADA,NV,36.0962057,-115.1247144,36.096794,-115.124306,36.0959282,-115.1251877,False,,False
Clark,DEER SPRINGS TOWN CENTER,640 E. Deer Springs Wy   North Las Vegas NV 89086,640 E. Deer Springs Wy  ,North Las Vegas,NV,89086,Locality wide location,false,false,"640 E Deer Springs Way, North Las Vegas, NV 89086, USA",NORTH LAS VEGAS,CLARK,NEVADA,NV,36.2840007,-115.1336951,,,,,False,,False
Clark,"DERFELT, HERBERT ELEMENTARY",1900 S. Lisa Ln   Las Vegas NV 89117,1900 S. Lisa Ln  ,Las Vegas,NV,89117,Locality wide location,false,false,"1900 S Lisa Ln, Las Vegas, NV 89117, USA",LAS VEGAS,CLARK,NEVADA,NV,36.1498474,-115.276049,36.1499033,-115.275997,36.1497909,-115.2761379,False,,False
Clark,DESERT BREEZE COMMUNITY CENTER,8275 Spring Mountain Rd   Las Vegas NV 89147,8275 Spring Mountain Rd  ,Las Vegas,NV,89147,Locality wide location,false,false,"8275 Spring Mountain Rd, Las Vegas, NV 89117, USA",LAS VEGAS,CLARK,NEVADA,NV,36.1279163,-115.2761879,36.127974,-115.2760851,36.1278327,-115.2762535,False,,False
Clark,DESERT OASIS HIGH SCHOOL,6600 W. Erie Ave   Las Vegas NV 89141,6600 W. Erie Ave  ,Las Vegas,NV,89141,Locality wide location,false,false,"6600 W Erie Ave, Las Vegas, NV 89141, USA",LAS VEGAS,CLARK,NEVADA,NV,35.9920108,-115.2379254,,,,,False,,False
Clark,DESERT VISTA COMMUNITY CENTER,10360 Sun City Blvd   Las Vegas NV 89134,10360 Sun City Blvd  ,Las Vegas,NV,89134,Locality wide location,false,false,"10360 Sun City Blvd, Las Vegas, NV 89134, USA",LAS VEGAS,CLARK,NEVADA,NV,36.2117607,-115.3233833,,,,,False,,False
Clark,"DETWILER, OLLIE ELEMENTARY",1960 Ferrell St   Las Vegas NV 89106,1960 Ferrell St  ,Las Vegas,NV,89106,Locality wide location,false,false,"1960 Ferrell St, Las Vegas, NV 89106, USA",LAS VEGAS,CLARK,NEVADA,NV,36.1948693,-115.1821536,36.1952759,-115.1818982,36.194388,-115.182892,False,,False
Clark,"DOOLEY, JOHN ELEMENTARY",1940 Chickasaw Dr   Henderson NV 89002,1940 Chickasaw Dr  ,Henderson,NV,89002,Locality wide location,false,false,"1940 Chickasaw Dr, Henderson, NV 89002, USA",HENDERSON,CLARK,NEVADA,NV,36.0080147,-114.9356538,36.0084667,-114.9352072,36.0074934,-114.9360251,False,,False
Clark,DOOLITTLE COMMUNITY CENTER,1950 J St   Las Vegas NV 89106,1950 J St  ,Las Vegas,NV,89106,Locality wide location,false,false,"1950 J St, Las Vegas, NV 89106, USA",LAS VEGAS,CLARK,NEVADA,NV,36.194572,-115.15581,,,,,False,,False
Clark,"ELIZONDO, RAUL ELEMENTARY",4865 Goldfield St   North Las Vegas NV 89031,4865 Goldfield St  ,North Las Vegas,NV,89031,Locality wide location,false,false,"4865 N Goldfield St, North Las Vegas, NV 89031, USA",NORTH LAS VEGAS,CLARK,NEVADA,NV,36.2478146,-115.1405779,36.2482735,-115.1398441,36.2474544,-115.140848,False,,False
Clark,"FAISS, WILBUR AND THERESA MIDDLE",9525 W. Maule Ave   Las Vegas NV 89148,9525 W. Maule Ave  ,Las Vegas,NV,89148,Locality wide location,false,false,"9525 W Maule Ave, Las Vegas, NV 89148, USA",LAS VEGAS,CLARK,NEVADA,NV,36.0618968,-115.3000103,36.0622032,-115.2997237,36.0615485,-115.3002517,False,,False
Clark,"FINE, MARK L ELEMENTARY",6635 Cougar Ave   Las Vegas NV 89139,6635 Cougar Ave  ,Las Vegas,NV,89139,Locality wide location,false,false,"6635 W Cougar Ave, Las Vegas, NV 89139, USA",LAS VEGAS,CLARK,NEVADA,NV,36.031657,-115.2376722,,,,,False,,False
Clark,"FORBUSS, ROBERT L ELEMENTARY",8601 S Grand Canyon Dr   Las Vegas NV 89178,8601 S Grand Canyon Dr  ,Las Vegas,NV,89178,Locality wide location,false,false,"8601 S Grand Canyon Dr, Las Vegas, NV 89178, USA",LAS VEGAS,CLARK,NEVADA,NV,36.0312173,-115.3083443,36.031779,-115.3077533,36.03099520000001,-115.3089727,False,,False
Clark,"FRENCH, DORIS ELEMENTARY",3235 E Hacienda Ave   Las Vegas NV 89120,3235 E Hacienda Ave  ,Las Vegas,NV,89120,Locality wide location,false,false,"3235 E Hacienda Ave, Las Vegas, NV 89120, USA",LAS VEGAS,CLARK,NEVADA,NV,36.09275239999999,-115.1045155,36.09312240000001,-115.1040198,36.09247209999999,-115.1050446,False,,False
Clark,GALLERIA AT SUNSET,1300 W Sunset Rd   Henderson NV 89014,1300 W Sunset Rd  ,Henderson,NV,89014,Locality wide location,false,false,"1300 W Sunset Rd, Henderson, NV 89014, USA",HENDERSON,CLARK,NEVADA,NV,36.0664478,-115.0429384,36.0665769,-115.042816,36.0662561,-115.0431729,False,,False
Clark,"GALLOWAY, FAY ELEMENTARY",701 Skyline Rd   Henderson NV 89002,701 Skyline Rd  ,Henderson,NV,89002,Locality wide location,false,false,"701 Skyline Rd, Henderson, NV 89002, USA",HENDERSON,CLARK,NEVADA,NV,36.0077098,-114.979357,36.007941,-114.9792369,36.0074974,-114.9794429,False,,False
Clark,"GOOLSBY, JUDY AND JOHN ELEMENTARY",11175 W. Desert Inn Rd   Las Vegas NV 89135,11175 W. Desert Inn Rd  ,Las Vegas,NV,89135,Locality wide location,false,false,"11175 W Desert Inn Rd, Las Vegas, NV 89135, USA",LAS VEGAS,CLARK,NEVADA,NV,36.1279667,-115.3363308,36.1280255,-115.3362765,36.1279132,-115.3364148,False,,False
Clark,"GRAY, R GUILD ELEMENTARY",2825 S. Torrey Pines Dr   Las Vegas NV 89146,2825 S. Torrey Pines Dr  ,Las Vegas,NV,89146,Locality wide location,false,false,"2825 S Torrey Pines Dr, Las Vegas, NV 89146, USA",LAS VEGAS,CLARK,NEVADA,NV,36.1375797,-115.2352988,36.1376508,-115.2352058,36.1375413,-115.2353901,False,,False
Clark,"GUINN, KENNY C. MS",4150 S. Torrey Pines Dr   Las Vegas NV 89103,4150 S. Torrey Pines Dr  ,Las Vegas,NV,89103,Locality wide location,false,false,"4150 S Torrey Pines Dr, Las Vegas, NV 89103, USA",LAS VEGAS,CLARK,NEVADA,NV,36.11356019999999,-115.231594,36.1136071,-115.2315221,36.1135282,-115.2317495,False,,False
Clark,"HAYES, KEITH AND KAREN ELEMENTARY",9620 W. Twain Ave   Las Vegas NV 89147,9620 W. Twain Ave  ,Las Vegas,NV,89147,Locality wide location,false,false,"9620 W Twain Ave, Las Vegas, NV 89147, USA",LAS VEGAS,CLARK,NEVADA,NV,36.1229192,-115.3019318,36.1230337,-115.3018673,36.1227918,-115.3019762,False,,False
Clark,HERITAGE PARK SENIOR FACILITY,300 S. Racetrack Rd   Henderson NV 89015,300 S. Racetrack Rd  ,Henderson,NV,89015,Locality wide location,false,false,"300 S Racetrack Rd, Henderson, NV 89015, USA",HENDERSON,CLARK,NEVADA,NV,36.0330352,-114.9515942,36.0333041,-114.9512228,36.0325633,-114.9520953,False,,False
Clark,HISTORIC FIFTH STREET SCHOOL,401 S. 4th St   Las Vegas NV 89101,401 S. 4th St  ,Las Vegas,NV,89101,Locality wide location,false,false,"401 S 4th St, Las Vegas, NV 89101, USA",LAS VEGAS,CLARK,NEVADA,NV,36.1650997,-115.1437672,36.1659299,-115.1431894,36.1648565,-115.1443772,False,,False
Clark,HOLLYWOOD RECREATION CENTER,1650 S. Hollywood Blvd   Las Vegas NV 89142,1650 S. Hollywood Blvd  ,Las Vegas,NV,89142,Locality wide location,false,false,"1650 S Hollywood Blvd, Las Vegas, NV 89142, USA",LAS VEGAS,CLARK,NEVADA,NV,36.1526698,-115.025793,36.1530188,-115.0251052,36.1521525,-115.0263347,False,,False
Clark,INDIAN SPRINGS COMMUNITY CENTER,715 W. Gretta Ln   Indian Springs NV 89018,715 W. Gretta Ln  ,Indian Springs,NV,89018,Locality wide location,false,false,"715 Gretta Ln, Indian Springs, NV 89018, USA",INDIAN SPRINGS,CLARK,NEVADA,NV,36.5697568,-115.677928,36.5698158,-115.6778408,36.56966510000001,-115.678011,False,,False
Clark,"JOHNSON, WALTER MIDDLE SCHOOL",7701 Ducharme Ave   Las Vegas NV 89145,7701 Ducharme Ave  ,Las Vegas,NV,89145,Locality wide location,false,false,"7701 Ducharme Ave, Las Vegas, NV 89145, USA",LAS VEGAS,CLARK,NEVADA,NV,36.168378,-115.262055,,,,,False,,False
Clark,"KELLER, DUANE MIDDLE SCHOOL",301 N. Fogg St   Las Vegas NV 89110,301 N. Fogg St  ,Las Vegas,NV,89110,Locality wide location,false,false,"301 N Fogg St, Las Vegas, NV 89110, USA",LAS VEGAS,CLARK,NEVADA,NV,36.1660081,-115.0363328,,,,,False,,False
Clark,"KESTERSON, LORNA ELEMENTARY",231 Bailey Island Dr   Henderson NV 89074,231 Bailey Island Dr  ,Henderson,NV,89074,Locality wide location,false,false,"231 Bailey Island Dr, Henderson, NV 89074, USA",HENDERSON,CLARK,NEVADA,NV,36.0449759,-115.0365211,36.0454123,-115.0357396,36.0445488,-115.0370718,False,,False
Clark,"KING, MARTHA ELEMENTARY",888 Adams Blvd   Boulder City NV 89005,888 Adams Blvd  ,Boulder City,NV,89005,Locality wide location,false,false,"888 Adams Blvd, Boulder City, NV 89005, USA",BOULDER CITY,CLARK,NEVADA,NV,35.9692374,-114.8379322,35.9697727,-114.8374572,35.9690093,-114.8384338,False,,False
Clark,"KNUDSON, K O MIDDLE SCHOOL",2400 Atlantic St   Las Vegas NV 89104,2400 Atlantic St  ,Las Vegas,NV,89104,Locality wide location,false,false,"2400 Atlantic St, Las Vegas, NV 89104, USA",LAS VEGAS,CLARK,NEVADA,NV,36.1461785,-115.115449,36.1462903,-115.1152596,36.1460724,-115.11565,False,,False
Clark,"LAKE, ROBERT ELEMENTARY",2904 Meteoro St   Las Vegas NV 89169,2904 Meteoro St  ,Las Vegas,NV,89169,Locality wide location,false,false,"2904 Meteoro St, Las Vegas, NV 89169, USA",LAS VEGAS,CLARK,NEVADA,NV,36.138844,-115.1286984,36.139084,-115.1283185,36.1384596,-115.1290378,False,,False
Clark,LAS VEGAS ATHLETIC CLUB-NORTH,6050 N. Decatur Blvd   North Las Vegas NV 89031,6050 N. Decatur Blvd  ,North Las Vegas,NV,89031,Locality wide location,false,false,"6050 N Decatur Blvd, North Las Vegas, NV 89031, USA",NORTH LAS VEGAS,CLARK,NEVADA,NV,36.2702512,-115.2051477,36.2705786,-115.2047471,36.2699876,-115.2056776,False,,False
Clark,LAS VEGAS ATHLETIC CLUB-NORTH WEST,1725 N. Rainbow   Las Vegas NV 89108,1725 N. Rainbow  ,Las Vegas,NV,89108,Locality wide location,false,false,"Parking lot, 1725 N Rainbow Blvd, Las Vegas, NV 89108, USA",LAS VEGAS,CLARK,NEVADA,NV,36.1918003,-115.2432872,36.1922243,-115.2427001,36.1914697,-115.243866,False,,False
Clark,LAUGHLIN LIBRARY,2840 Needles Hwy   Laughlin NV 89029,2840 Needles Hwy  ,Laughlin,NV,89029,Locality wide location,false,false,"2840 Needles Hwy, Laughlin, NV 89029, USA",LAUGHLIN,CLARK,NEVADA,NV,35.145524,-114.6247643,35.14571,-114.6245388,35.1453015,-114.6251412,False,,False
Clark,"LAWRENCE, CLIFFORD JUNIOR HIGH",4410 S. Juliano Rd   Las Vegas NV 89147,4410 S. Juliano Rd  ,Las Vegas,NV,89147,Locality wide location,false,false,"4410 S Juliano Rd, Las Vegas, NV 89147, USA",LAS VEGAS,CLARK,NEVADA,NV,36.1099992,-115.2849276,36.110028,-115.2848532,36.10996799999999,-115.2849903,False,,False
Clark,"LEAVITT, JUSTICE MYRON MIDDLE SCH",4701 Quadrel St   Las Vegas NV 89129,4701 Quadrel St  ,Las Vegas,NV,89129,Locality wide location,false,false,"4701 Quadrel St, Las Vegas, NV 89129, USA",LAS VEGAS,CLARK,NEVADA,NV,36.24573150000001,-115.263755,36.2479064,-115.2627098,36.2442763,-115.2651042,False,,False
Clark,"LONG, WALTER ELEMENTARY",2000 S. Walnut Rd   Las Vegas NV 89102,2000 S. Walnut Rd  ,Las Vegas,NV,89102,Locality wide location,false,false,"2000 S Walnut Rd, Las Vegas, NV 89102, USA",LAS VEGAS,CLARK,NEVADA,NV,36.1504244,-115.088578,36.1509376,-115.0881699,36.1500051,-115.0889882,False,,False
Clark,LOWES CRAIG ROAD,2570 E. Craig Rd   North Las Vegas NV 89030,2570 E. Craig Rd  ,North Las Vegas,NV,89030,Locality wide location,false,false,"2570 E Craig Rd, North Las Vegas, NV 89030, USA",NORTH LAS VEGAS,CLARK,NEVADA,NV,36.2425547,-115.115727,36.2431315,-115.1149174,36.2419678,-115.1165105,False,,False
Clark,"MACK, NATE ELEMENTARY",3170 Laurel Ave   Henderson NV 89014,3170 Laurel Ave  ,Henderson,NV,89014,Locality wide location,false,false,"3170 Laurel Ave, Henderson, NV 89014, USA",HENDERSON,CLARK,NEVADA,NV,36.0593483,-115.0913861,,,,,False,,False
Clark,"MANCH, J E ELEMENTARY",4351 N. Lamont   Las Vegas NV 89115,4351 N. Lamont  ,Las Vegas,NV,89115,Locality wide location,false,false,"4351 N Lamont St, Las Vegas, NV 89115, USA",LAS VEGAS,CLARK,NEVADA,NV,36.2397165,-115.0686896,36.2397425,-115.0686246,36.2396854,-115.0687496,False,,False
Clark,"MANNION, JACK AND TERRY MIDDLE SCH",155 E. Paradise Hills Dr   Henderson NV 89002,155 E. Paradise Hills Dr  ,Henderson,NV,89002,Locality wide location,false,false,"155 E Paradise Hills Dr, Henderson, NV 89002, USA",HENDERSON,CLARK,NEVADA,NV,35.9885819,-114.9795655,35.9886346,-114.9795061,35.988475,-114.9797018,False,,False
Clark,"MARTIN, ROY MIDDLE SCHOOL",200 N. 28th St   Las Vegas NV 89101,200 N. 28th St  ,Las Vegas,NV,89101,Locality wide location,false,false,"200 N 28th St, Las Vegas, NV 89101, USA",LAS VEGAS,CLARK,NEVADA,NV,36.1640174,-115.1107236,36.1653282,-115.1089237,36.1626688,-115.1116088,False,,False
Clark,"MCDONIEL, ESTES ELEMENTARY",1831 Fox Ridge Dr   Henderson NV 89014,1831 Fox Ridge Dr  ,Henderson,NV,89014,Locality wide location,false,false,"1831 Fox Ridge Dr, Henderson, NV 89014, USA",HENDERSON,CLARK,NEVADA,NV,36.0591444,-115.0675776,36.0591711,-115.0675051,36.0591187,-115.0676452,False,,False
Clark,MEADOWS MALL,4300 Meadows Ln   Las Vegas NV 89107,4300 Meadows Ln  ,Las Vegas,NV,89107,Locality wide location,false,false,"4300 Meadows Ln, Las Vegas, NV 89107, USA",LAS VEGAS,CLARK,NEVADA,NV,36.1723877,-115.1969055,36.1725015,-115.1968678,36.172278,-115.1969639,False,,False
Clark,"MENDOZA, JOHN ELEMENTARY",2000 S. Sloan Ln   Las Vegas NV 89142,2000 S. Sloan Ln  ,Las Vegas,NV,89142,Locality wide location,false,false,"2000 S Sloan Ln, Las Vegas, NV 89142, USA",LAS VEGAS,CLARK,NEVADA,NV,36.1495543,-115.0464138,36.1500952,-115.0458113,36.1492702,-115.0466269,False,,False
Clark,"MILLER, BOB MIDDLE SCHOOL",2400 Cozy Hill Cir   Henderson NV 89052,2400 Cozy Hill Cir  ,Henderson,NV,89052,Locality wide location,false,false,"2400 Cozy Hill Cir, Henderson, NV 89052, USA",HENDERSON,CLARK,NEVADA,NV,36.0130299,-115.0933964,36.01408,-115.0920152,36.012162,-115.0940967,False,,False
Clark,MIRABELLI COMMUNITY CENTER,6200 Hargrove Ave   Las Vegas NV 89107,6200 Hargrove Ave  ,Las Vegas,NV,89107,Locality wide location,false,false,"6200 Hargrove Ave, Las Vegas, NV 89107, USA",LAS VEGAS,CLARK,NEVADA,NV,36.1731984,-115.2268571,36.1734853,-115.2264815,36.1729199,-115.227655,False,,False
Clark,MOAPA COMMUNITY CENTER,1340 E. State Hwy 168   Moapa NV 89025,1340 E. State Hwy 168  ,Moapa,NV,89025,Locality wide location,false,false,"1340 NV-168, Moapa, NV 89025, USA",MOAPA,CLARK,NEVADA,NV,36.671224,-114.5899216,36.6714318,-114.5897312,36.6710277,-114.5901207,False,,False
Clark,MOAPA TRIBAL ADMINISTRATION BLDG,1 Lincoln St   Moapa NV 89025,1 Lincoln St  ,Moapa,NV,89025,Locality wide location,false,false,"1 Lincoln St, Moapa, NV 89025, USA",MOAPA,CLARK,NEVADA,NV,36.67006569999999,-114.6533859,,,,,False,,False
Clark,MOAPA VALLEY COMMUNITY CENTER,320 N. Moapa Valley Blvd   Overton NV 89040,320 N. Moapa Valley Blvd  ,Overton,NV,89040,Locality wide location,false,false,"320 N Moapa Valley Blvd, Overton, NV 89040, USA",MOAPA VALLEY,CLARK,NEVADA,NV,36.5459397,-114.4450425,36.5460733,-114.4448879,36.5457974,-114.4452208,False,,False
Clark,"MOLASKY, IRWIN AND SUSAN MID SCH",7801 W. Gilmore Ave   Las Vegas NV 89129,7801 W. Gilmore Ave  ,Las Vegas,NV,89129,Locality wide location,false,false,"7801 W Gilmore Ave, Las Vegas, NV 89129, USA",LAS VEGAS,CLARK,NEVADA,NV,36.2288157,-115.2641255,36.2295819,-115.2618222,36.2275764,-115.266371,False,,False
Clark,"MONACO, MARIO C. & JOANN MS",1870 N. Lamont St   Las Vegas NV 89115,1870 N. Lamont St  ,Las Vegas,NV,89115,Locality wide location,false,false,"1870 N Lamont St, Las Vegas, NV 89115, USA",LAS VEGAS,CLARK,NEVADA,NV,36.1933691,-115.0657822,36.1944487,-115.0649594,36.1926633,-115.0661249,False,,False
Clark,"MOORE, WILLIAM ELEMENTARY",491 N. Lamb Blvd   Las Vegas NV 89110,491 N. Lamb Blvd  ,Las Vegas,NV,89110,Locality wide location,false,false,"491 N Lamb Blvd, Las Vegas, NV 89110, USA",LAS VEGAS,CLARK,NEVADA,NV,36.1688474,-115.0830182,36.1693122,-115.0823487,36.1684854,-115.0833428,False,,False
Clark,MOUNTAIN SHADOWS COMMUNITY CENTER,9107 Del Webb Blvd   Las Vegas NV 89134,9107 Del Webb Blvd  ,Las Vegas,NV,89134,Locality wide location,false,false,"9107 Del Webb Blvd, Las Vegas, NV 89134, USA",LAS VEGAS,CLARK,NEVADA,NV,36.2108181,-115.293806,36.2111085,-115.2934511,36.2104222,-115.294127,False,,False
Clark,MOUNTAINS EDGE REGIONAL PARK,8101 W. Mountains Edge Pkwy   Las Vegas NV 89178,8101 W. Mountains Edge Pkwy  ,Las Vegas,NV,89178,Locality wide location,false,false,"8101 W Mountains Edge Pkwy, Las Vegas, NV 89178, USA",LAS VEGAS,CLARK,NEVADA,NV,36.004019,-115.2679833,,,,,False,,False
Clark,NELLIS CROSSING SHOPPING CTR,1250 S. Nellis Blvd   Las Vegas NV 89104,1250 S. Nellis Blvd  ,Las Vegas,NV,89104,Locality wide location,false,false,"1250 S Nellis Blvd, Las Vegas, NV 89104, USA",LAS VEGAS,CLARK,NEVADA,NV,36.1576494,-115.062273,,,,,False,,False
Clark,"O'CALLAGHAN, MIKE MIDDLE SCHO",1450 Radwick Dr   Las Vegas NV 89110,1450 Radwick Dr  ,Las Vegas,NV,89110,Locality wide location,false,false,"1450 Radwick Dr, Las Vegas, NV 89110, USA",LAS VEGAS,CLARK,NEVADA,NV,36.1846765,-115.0198329,36.1855232,-115.0192263,36.1837163,-115.0209085,False,,False
Clark,"O'ROARKE, THOMAS J ELEMENTARY",8455 O'Hare Rd   Las Vegas NV 89143,8455 O'Hare Rd  ,Las Vegas,NV,89143,Locality wide location,false,false,"8455 O'Hare Rd, Las Vegas, NV 89143, USA",LAS VEGAS,CLARK,NEVADA,NV,36.3251746,-115.2986901,,,,,False,,False
Clark,"OBER, D'VORRE AND HAL ELEMENTARY",3035 Desert Marigold Ln   Las Vegas NV 89135,3035 Desert Marigold Ln  ,Las Vegas,NV,89135,Locality wide location,false,false,"3035 Desert Marigold Ln, Las Vegas, NV 89135, USA",LAS VEGAS,CLARK,NEVADA,NV,36.1362711,-115.3212615,36.1366749,-115.3205828,36.1356503,-115.3216656,False,,False
Clark,PARADISE COMMUNITY CENTER,4775 McLeod Dr   Las Vegas NV 89121,4775 McLeod Dr  ,Las Vegas,NV,89121,Locality wide location,false,false,"4775 McLeod Dr, Las Vegas, NV 89121, USA",LAS VEGAS,CLARK,NEVADA,NV,36.1035081,-115.1117891,36.1036227,-115.1117049,36.1033893,-115.1118572,False,,False
Clark,PARKDALE RECREATION & SENIOR CENTER,3200 Ferndale St   Las Vegas NV 89121,3200 Ferndale St  ,Las Vegas,NV,89121,Locality wide location,false,false,"3200 Ferndale St, Las Vegas, NV 89121, USA",LAS VEGAS,CLARK,NEVADA,NV,36.1319645,-115.0773772,36.1320051,-115.0773215,36.1319177,-115.0774292,False,,False
Clark,"PEARSON, DR WILLIAM U COMM CTR",1625 W. Carey Ave   North Las Vegas NV 89106,1625 W. Carey Ave  ,North Las Vegas,NV,89106,Locality wide location,false,false,"1625 W Carey Ave, Las Vegas, NV 89106, USA",LAS VEGAS,CLARK,NEVADA,NV,36.201417,-115.1629049,36.2017981,-115.162667,36.201311,-115.163982,False,,False
Clark,RAINBOW LIBRARY,3150 N. Buffalo Dr   Las Vegas NV 89128,3150 N. Buffalo Dr  ,Las Vegas,NV,89128,Locality wide location,false,false,"3150 N Buffalo Dr, Las Vegas, NV 89128, USA",LAS VEGAS,CLARK,NEVADA,NV,36.2166408,-115.2589392,36.2181807,-115.2580821,36.2155655,-115.2603878,False,,False
Clark,RANCHO HIGH SCHOOL,1900 Searles Ave   Las Vegas NV 89101,1900 Searles Ave  ,Las Vegas,NV,89101,Locality wide location,false,false,"1900 Searles Ave, Las Vegas, NV 89101, USA",LAS VEGAS,CLARK,NEVADA,NV,36.1856022,-115.122676,36.1862314,-115.1212394,36.1851536,-115.1238151,False,,False
Clark,"REED, DORIS ELEMENTARY",2501 Winwood St   Las Vegas NV 89108,2501 Winwood St  ,Las Vegas,NV,89108,Locality wide location,false,false,"2501 Winwood St, Las Vegas, NV 89108, USA",LAS VEGAS,CLARK,NEVADA,NV,36.2052939,-115.2176079,36.205365,-115.2175279,36.2052235,-115.2177294,False,,False
Clark,REGIONAL TRANSPORTATION COMMISSION,600 S. Grand Central Pkwy   Las Vegas NV 89106,600 S. Grand Central Pkwy  ,Las Vegas,NV,89106,Locality wide location,false,false,"600 S Grand Central Pkwy, Las Vegas, NV 89106, USA",LAS VEGAS,CLARK,NEVADA,NV,36.1640608,-115.1548268,,,,,False,,False
Clark,SAHARA WEST LIBRARY,9600 W. Sahara Ave   Las Vegas NV 89117,9600 W. Sahara Ave  ,Las Vegas,NV,89117,Locality wide location,false,false,"9600 W Sahara Ave, Las Vegas, NV 89117, USA",LAS VEGAS,CLARK,NEVADA,NV,36.1450039,-115.3054274,36.1455135,-115.3042567,36.1446427,-115.3060546,False,,False
Clark,SANDY VALLEY HIGH SCHOOL,1420 E. Pearl Ave   Sandy Valley NV 89019,1420 E. Pearl Ave  ,Sandy Valley,NV,89019,Locality wide location,false,false,"1420 Pearl Ave, Sandy Valley, NV 89019, USA",SANDY VALLEY,CLARK,NEVADA,NV,35.8134244,-115.6104318,35.8135036,-115.6103759,35.8133399,-115.6105428,False,,False
Clark,"SAVILLE, ANTHONY MIDDLE SCHOOL",8101 N. Torrey Pines Dr   Las Vegas NV 89131,8101 N. Torrey Pines Dr  ,Las Vegas,NV,89131,Locality wide location,false,false,"8101 N Torrey Pines Dr, Las Vegas, NV 89131, USA",LAS VEGAS,CLARK,NEVADA,NV,36.3070022,-115.2341179,36.3089556,-115.2330878,36.3051071,-115.2354321,False,,False
Clark,"SAWYER, GRANT MIDDLE SCHOOL",5450 Redwood St   Las Vegas NV 89118,5450 Redwood St  ,Las Vegas,NV,89118,Locality wide location,false,false,"5450 Redwood St, Las Vegas, NV 89118, USA",LAS VEGAS,CLARK,NEVADA,NV,36.0888202,-115.2373596,36.0892194,-115.2368259,36.0886271,-115.2380504,False,,False
Clark,"SCHOFIELD, JACK MIDDLE SCHOOL",8625 Spencer St   Las Vegas NV 89123,8625 Spencer St  ,Las Vegas,NV,89123,Locality wide location,false,false,"8625 S Spencer St, Las Vegas, NV 89123, USA",LAS VEGAS,CLARK,NEVADA,NV,36.0321736,-115.1287064,36.0335164,-115.1277929,36.0317142,-115.1289683,False,,False
Clark,"SCHORR, STEVE ELEMENTARY",11420 Placid St   Las Vegas NV 89183,11420 Placid St  ,Las Vegas,NV,89183,Locality wide location,false,false,"11420 Placid St, Las Vegas, NV 89183, USA",LAS VEGAS,CLARK,NEVADA,NV,35.9839306,-115.157859,35.9839668,-115.1578162,35.9838774,-115.1579177,False,,False
Clark,SEARCHLIGHT COMMUNITY CENTER,200 Michael Wendell Wy   Searchlight NV 89046,200 Michael Wendell Wy  ,Searchlight,NV,89046,Locality wide location,false,false,"200 Michael Wendell Way, Searchlight, NV 89046, USA",SEARCHLIGHT,CLARK,NEVADA,NV,35.4681764,-114.9067704,35.4683049,-114.9064468,35.4679977,-114.9069938,False,,False
Clark,"SEDWAY, MARVIN MIDDLE SCHOOL",3465 Englestad St   North Las Vegas NV 89032,3465 Englestad St  ,North Las Vegas,NV,89032,Locality wide location,false,false,"3465 Englestad St, North Las Vegas, NV 89032, USA",NORTH LAS VEGAS,CLARK,NEVADA,NV,36.2231171,-115.1489883,36.2234,-115.148666,36.2229949,-115.1494833,False,,False
Clark,SHADOW RIDGE HIGH SCHOOL,5050 Brent Ln   Las Vegas NV 89131,5050 Brent Ln  ,Las Vegas,NV,89131,Locality wide location,false,false,"5050 Brent Ln, Las Vegas, NV 89131, USA",LAS VEGAS,CLARK,NEVADA,NV,36.3189474,-115.2089473,36.3190221,-115.2088758,36.3188476,-115.2089789,False,,False
Clark,SILVERADO RANCH PLAZA,9869 S. Eastern Ave   Las Vegas NV 89183,9869 S. Eastern Ave  ,Las Vegas,NV,89183,Locality wide location,false,false,"9869 S Eastern Ave, Las Vegas, NV 89183, USA",LAS VEGAS,CLARK,NEVADA,NV,36.0100227,-115.1211936,36.01032319999999,-115.1210096,36.0099043,-115.1215485,False,,False
Clark,SOLERA AT ANTHEM,2401 Somersworth Dr   Henderson NV 89044,2401 Somersworth Dr  ,Henderson,NV,89044,Locality wide location,false,false,"2401 Somersworth Dr, Henderson, NV 89044, USA",HENDERSON,CLARK,NEVADA,NV,35.9421733,-115.0958056,35.942455,-115.0955581,35.9415601,-115.0962291,False,,False
Clark,"STEVENS, JOSH ELEMENTARY",550 Dave Wood Cir   Henderson NV 89011,550 Dave Wood Cir  ,Henderson,NV,89011,Locality wide location,false,false,"550 Dave Wood Cir, Henderson, NV 89011, USA",HENDERSON,CLARK,NEVADA,NV,36.084292,-114.960922,,,,,False,,False
Clark,STUPAK COMMUNITY CENTER,251 W. Boston Ave   Las Vegas NV 89102,251 W. Boston Ave  ,Las Vegas,NV,89102,Locality wide location,false,false,"251 W Boston Ave, Las Vegas, NV 89102, USA",LAS VEGAS,CLARK,NEVADA,NV,36.1470196,-115.1601217,36.1473564,-115.1599034,36.1466322,-115.16027,False,,False
Clark,SUN CITY ANTHEM COMMUNITY CENTER,2450 Hampton Rd   Henderson NV 89052,2450 Hampton Rd  ,Henderson,NV,89052,Locality wide location,false,false,"2450 Hampton Rd, Henderson, NV 89052, USA",HENDERSON,CLARK,NEVADA,NV,35.9562103,-115.0958056,35.9570492,-115.0950046,35.9555715,-115.0967851,False,,False
Clark,SUN CITY MACDONALD RANCH,2020 W. Horizon Ridge Pkwy   Henderson NV 89012,2020 W. Horizon Ridge Pkwy  ,Henderson,NV,89012,Locality wide location,false,false,"2020 W Horizon Ridge Pkwy, Henderson, NV 89012, USA",HENDERSON,CLARK,NEVADA,NV,36.0063938,-115.0764853,36.006816,-115.0758498,36.006166,-115.0769746,False,,False
Clark,SUN CITY MESQUITE REC FACILITY,1350 Flat Top Mesa Dr   Mesquite NV 89034,1350 Flat Top Mesa Dr  ,Mesquite,NV,89034,Locality wide location,false,false,"1350 Flat Top Mesa Dr, Mesquite, NV 89034, USA",MESQUITE,CLARK,NEVADA,NV,36.8339106,-114.1116996,36.8341952,-114.1110581,36.83363689999999,-114.112176,False,,False
Clark,"SWAINSTON, THERON MIDDLE SCHOOL",3500 W. Gilmore Ave   North Las Vegas NV 89032,3500 W. Gilmore Ave  ,North Las Vegas,NV,89032,Locality wide location,false,false,"3500 W Gilmore Ave, North Las Vegas, NV 89032, USA",NORTH LAS VEGAS,CLARK,NEVADA,NV,36.229434,-115.1851643,36.2296205,-115.18484,36.2292136,-115.1852178,False,,False
Clark,"TARKANIAN, LOIS AND JERRY MS",5800 W. Pyle Ave   Las Vegas NV 89141,5800 W. Pyle Ave  ,Las Vegas,NV,89141,Locality wide location,false,false,"5800 W Pyle Ave, Las Vegas, NV 89141, USA",LAS VEGAS,CLARK,NEVADA,NV,36.0065094,-115.2207383,,,,,False,,False
Clark,"TARR, SHEILA ELEMENTARY",9400 W GILMORE AVE   Las Vegas NV 89129,9400 W GILMORE AVE  ,Las Vegas,NV,89129,Locality wide location,false,false,"9400 W Gilmore Ave, Las Vegas, NV 89129, USA",LAS VEGAS,CLARK,NEVADA,NV,36.2306081,-115.3011215,36.2311241,-115.3008322,36.230135,-115.3017691,False,,False
Clark,THE JIMMIE HUGHES CAMPUS MESQUITE,150 N. Yucca St   Mesquite NV 89027,150 N. Yucca St  ,Mesquite,NV,89027,Locality wide location,false,false,"150 N Yucca St, Mesquite, NV 89027, USA",MESQUITE,CLARK,NEVADA,NV,36.8069262,-114.0674762,36.8074643,-114.066647,36.8061383,-114.0678027,False,,False
Clark,"TOBLER, R E ELEMENTARY",6510 Buckskin Ave   Las Vegas NV 89108,6510 Buckskin Ave  ,Las Vegas,NV,89108,Locality wide location,false,false,"6510 W Buckskin Ave, Las Vegas, NV 89108, USA",LAS VEGAS,CLARK,NEVADA,NV,36.2226808,-115.23472,36.2227562,-115.2346305,36.2225907,-115.2347977,False,,False
Clark,TOWN SQUARE LAS VEGAS,6605 S. Las Vegas Blvd   Las Vegas NV 89119,6605 S. Las Vegas Blvd  ,Las Vegas,NV,89119,Locality wide location,false,false,"6605 S Las Vegas Blvd, Las Vegas, NV 89119, USA",LAS VEGAS,CLARK,NEVADA,NV,36.0677968,-115.1762255,,,,,False,,False
Clark,TROPICANA BELTWAY CENTER,5120 S Fort Apache Rd   Las Vegas NV 89148,5120 S Fort Apache Rd  ,Las Vegas,NV,89148,Locality wide location,false,false,"5120 S Fort Apache Rd, Las Vegas, NV 89148, USA",LAS VEGAS,CLARK,NEVADA,NV,36.09575299999999,-115.2943403,,,,,False,,False
Clark,"VASSILIADIS, BILLY & ROSEMARY ES",215 Antelope Ridge Dr   Las Vegas NV 89138,215 Antelope Ridge Dr  ,Las Vegas,NV,89138,Locality wide location,false,false,"215 Antelope Ridge Dr, Las Vegas, NV 89138, USA",LAS VEGAS,CLARK,NEVADA,NV,36.1768725,-115.3603337,36.177257,-115.3599013,36.1766274,-115.3606452,False,,False
Clark,VEGAS VERDES ELEMENTARY,4000 El Parque Ave   Las Vegas NV 89102,4000 El Parque Ave  ,Las Vegas,NV,89102,Locality wide location,false,false,"4000 W El Parque Ave, Las Vegas, NV 89102, USA",LAS VEGAS,CLARK,NEVADA,NV,36.150734,-115.1947287,36.1508125,-115.1946801,36.1506662,-115.1948156,False,,False
Clark,VETERANS MEMORIAL LEISURE SVC CTR,101 N. Pavilion Center Dr   Las Vegas NV 89144,101 N. Pavilion Center Dr  ,Las Vegas,NV,89144,Locality wide location,false,false,"101 Pavilion Center Dr, Las Vegas, NV 89144, USA",LAS VEGAS,CLARK,NEVADA,NV,36.17437570000001,-115.3333635,,,,,False,,False
Clark,WALNUT COMMUNITY CENTER,3075 N. Walnut Rd   Las Vegas NV 89115,3075 N. Walnut Rd  ,Las Vegas,NV,89115,Locality wide location,false,false,"3075 N Walnut Rd, Las Vegas, NV 89115, USA",LAS VEGAS,CLARK,NEVADA,NV,36.215264,-115.0902459,36.2156334,-115.0897225,36.2148838,-115.0904935,False,,False
Clark,WHITNEY COMM CENTER,5712 Missouri Ave   Las Vegas NV 89122,5712 Missouri Ave  ,Las Vegas,NV,89122,Locality wide location,false,false,"Whitney Recreation Center, 5712 Missouri Ave, Las Vegas, NV 89122, USA",LAS VEGAS,CLARK,NEVADA,NV,36.095773,-115.0476669,,,,,False,,False
Clark,"WIENER, LOUIS JR ELEMENTARY",450 E. Eldorado Ln   Las Vegas NV 89123,450 E. Eldorado Ln  ,Las Vegas,NV,89123,Locality wide location,false,false,"450 E Eldorado Ln, Las Vegas, NV 89123, USA",LAS VEGAS,CLARK,NEVADA,NV,36.0540067,-115.15325,36.0543837,-115.1526784,36.0536023,-115.1539654,False,,False
Clark,"WILLIAMS, WENDELL P ELEMENTARY",1030 J St   Las Vegas NV 89106,1030 J St  ,Las Vegas,NV,89106,Locality wide location,false,false,"1030 J St, Las Vegas, NV 89106, USA",LAS VEGAS,CLARK,NEVADA,NV,36.1827033,-115.1551955,36.1836663,-115.1539887,36.1817568,-115.1562776,False,,False
Clark,WINCHESTER DONDERO CULTURAL CENTER,3130 McLeod Dr   Las Vegas NV 89121,3130 McLeod Dr  ,Las Vegas,NV,89121,Locality wide location,false,false,"3130 McLeod Dr, Las Vegas, NV 89121, USA",LAS VEGAS,CLARK,NEVADA,NV,36.1325042,-115.1084535,36.1329541,-115.1082784,36.1324072,-115.1086619,False,,False
Clark,"WOLFE, EVA ELEMENTARY",4027 W. Washburn Rd   North Las Vegas NV 89031,4027 W. Washburn Rd  ,North Las Vegas,NV,89031,Locality wide location,false,false,"4027 W Washburn Rd, North Las Vegas, NV 89031, USA",NORTH LAS VEGAS,CLARK,NEVADA,NV,36.2532956,-115.1951355,36.2537893,-115.1945386,36.2529853,-115.1955511,False,,False
Clark,"WOODBURY, C W MIDDLE SCHOOL",3875 E. Harmon Ave   Las Vegas NV 89121,3875 E. Harmon Ave  ,Las Vegas,NV,89121,Locality wide location,false,false,"3875 E Harmon Ave, Las Vegas, NV 89121, USA",LAS VEGAS,CLARK,NEVADA,NV,36.1060366,-115.0910222,36.1061084,-115.0909847,36.1059648,-115.0910597,False,,False
Douglas,DOUGLAS COUNTY COMMUNITY CENTER,1329 WATERLOO LANE   GARDNERVILLE NV 89410,1329 WATERLOO LANE  ,GARDNERVILLE,NV,89410,Locality wide location,false,false,"1329 Waterloo Ln, Gardnerville, NV 89460, USA",GARDNERVILLE,DOUGLAS,NEVADA,NV,38.9336175,-119.7404579,,,,,False,,False
Douglas,HISTORIC COURTHOUSE,1616 8TH STREET   MINDEN NV 89432,1616 8TH STREET  ,MINDEN,NV,89432,Locality wide location,false,false,"1616 8th St, Minden, NV 89423, USA",MINDEN,DOUGLAS,NEVADA,NV,38.9550459,-119.7682669,38.9553397,-119.7680925,38.9548162,-119.7685499,False,,False
Douglas,KAHLE COMMUNITY CENTER,236 KINGSBURY GRADE ROAD   STATELINE NV 89449,236 KINGSBURY GRADE ROAD  ,STATELINE,NV,89449,Locality wide location,false,false,"236 Kingsbury Grade Rd, Stateline, NV 89449, USA",STATELINE,DOUGLAS,NEVADA,NV,38.9694304,-119.9322225,38.9696906,-119.9319379,38.9691827,-119.9324559,False,,False
Douglas,TOPAZ RANCH ESTATES COMMUNITY CENTER,3939 CARTER DRIVE   WELLINGTON NV 89444,3939 CARTER DRIVE  ,WELLINGTON,NV,89444,Locality wide location,false,false,,,,,,,,,,,,True,"Missing city from Google [{'address_components': [{'long_name': '3939', 'short_name': '3939', 'types': ['street_number']}, {'long_name': 'Carter Drive', 'short_name': 'Carter Dr', 'types': ['route']}, {'long_name': 'Wellington', 'short_name': 'Wellington', 'types': ['neighborhood', 'political']}, {'long_name': 'Douglas County', 'short_name': 'Douglas County', 'types': ['administrative_area_level_2', 'political']}, {'long_name': 'Nevada', 'short_name': 'NV', 'types': ['administrative_area_level_1', 'political']}, {'long_name': 'United States', 'short_name': 'US', 'types': ['country', 'political']}, {'long_name': '89444', 'short_name': '89444', 'types': ['postal_code']}], 'formatted_address': '3939 Carter Dr, Wellington, NV 89444, USA', 'geometry': {'bounds': {'northeast': {'lat': 38.7326862, 'lng': -119.5014274}, 'southwest': {'lat': 38.7324084, 'lng': -119.5016703}}, 'location': {'lat': 38.732581, 'lng': -119.5015713}, 'location_type': 'ROOFTOP', 'viewport': {'northeast': {'lat': 38.7338962802915, 'lng': -119.5003647197085}, 'southwest': {'lat': 38.7311983197085, 'lng': -119.5030626802915}}}, 'place_id': 'ChIJYz6rm9HTmYARZojAyBHXVEE', 'types': ['premise']}]",False
Douglas,WASHOE TRIBE COMMUNITY CENTER,828 ME HU STREET   GARDNERVILLE NV 89460,828 ME HU STREET  ,GARDNERVILLE,NV,89460,Locality wide location,false,false,"828 Me Hu St, Gardnerville, NV 89460, USA",GARDNERVILLE,DOUGLAS,NEVADA,NV,38.8981933,-119.7174015,38.8983128,-119.7172874,38.898065,-119.7174869,False,,False
Elko,Adobe Middle School,3375 Jennings Way   Elko NV 89801,3375 Jennings Way  ,Elko,NV,89801,Locality wide location,false,false,"3375 Jennings Way, Elko, NV 89801, USA",ELKO,ELKO,NEVADA,NV,40.8447727,-115.8021714,40.8451656,-115.8017517,40.8444108,-115.8027251,False,,False
Elko,Carlin Justice Building,101 S 8th Street   Carlin NV 89822,101 S 8th Street  ,Carlin,NV,89822,Locality wide location,false,false,"101 S 8th St, Carlin, NV 89822, USA",CARLIN,ELKO,NEVADA,NV,40.7131181,-116.1061678,40.713219,-116.1060408,40.712933,-116.1063328,False,,False
Elko,Jiggs Community Hall,Jiggs Hwy   Jiggs NV 89815,Jiggs Hwy  ,Jiggs,NV,89815,Locality wide location,false,false,"Jiggs, NV 89815, USA",JIGGS,ELKO,NEVADA,NV,40.4257626,-115.6653356,,,,,True,Unexpected address size change,False
Elko,Lamoille Old School House,School Lane   Lamoille NV 89828,School Lane  ,Lamoille,NV,89828,Locality wide location,false,false,"Lamoille, NV 89828, USA",LAMOILLE,ELKO,NEVADA,NV,40.7279868,-115.4784204,40.745214,-115.470554,40.7011421,-115.489848,True,Unexpected address size change,False
Elko,"Spring Creek Middle School, Multipurpose Bldg",711 Boyd Road   Spring Creek NV 89815,711 Boyd Road  ,Spring Creek,NV,89815,Locality wide location,false,false,"Boyd Reservoir Dam, Spring Creek, NV 89815, USA",SPRING CREEK,ELKO,NEVADA,NV,40.8349245,-115.5242289,,,,,True,Invalid final address,False
Elko,Wells Justice Court,1510 Lake Ave   Wells NV 89835,1510 Lake Ave  ,Wells,NV,89835,Locality wide location,false,false,"1510 Lake Ave, Wells, NV 89835, USA",WELLS,ELKO,NEVADA,NV,41.1109207,-114.9655454,41.1110674,-114.9653465,41.1107553,-114.9657629,False,,False
Elko,West Wendover City Hall,1111 N. Gene L. Jones Way   West Wendover NV 89883,1111 N. Gene L. Jones Way  ,West Wendover,NV,89883,Locality wide location,false,false,"1111 N Gene L. Jones Way, West Wendover, NV 89883, USA",WEST WENDOVER,ELKO,NEVADA,NV,40.7426048,-114.0720629,40.74283399999999,-114.0714999,40.7423194,-114.0725976,False,,False
Esmeralda,Dyer Community Center,Blue Bird Lane   Dyer NV 89010,Blue Bird Lane  ,Dyer,NV,89010,Locality wide location,false,false,"Blue Bird Rd, Dyer, NV 89010, USA",DYER,ESMERALDA,NEVADA,NV,37.6961051,-118.0924077,37.6975056,-118.0899552,37.692978,-118.0947106,True,Invalid final address,False
Esmeralda,Goldfield Community Center,Corner of Euclid and Crook   Goldfield NV 89013,Corner of Euclid and Crook  ,Goldfield,NV,89013,Locality wide location,false,false,"Euclid Ave & Crook Ave, Goldfield, NV 89013, USA",GOLDFIELD,ESMERALDA,NEVADA,NV,37.7077243,-117.2338808,,,,,True,Invalid final address,False
Eureka,Crescent Valley Town Hall,5045 Tenabo Ave   Crescent Valley NV 89821,5045 Tenabo Ave  ,Crescent Valley,NV,89821,Locality wide location,false,false,"5045 Tenabo Ave, Crescent Valley, NV 89821, USA",CRESCENT VALLEY,EUREKA,NEVADA,NV,40.4122853,-116.5833662,,,,,False,,False
Eureka,Eureka Opera House,31 South Main Street   Eureka NV 89316,31 South Main Street  ,Eureka,NV,89316,Locality wide location,false,false,"31 S Main St, Eureka, NV 89316, USA",EUREKA,EUREKA,NEVADA,NV,39.5122197,-115.9604814,,,,,True,Unexpected address size change,False
Humboldt,Convention Center - West Hall,50 W. Winnemucca Blvd   Winnemucca NV 89445,50 W. Winnemucca Blvd  ,Winnemucca,NV,89445,Locality wide location,false,false,"50 W Winnemucca Blvd, Winnemucca, NV 89445, USA",WINNEMUCCA,HUMBOLDT,NEVADA,NV,40.973388,-117.735996,,,,,False,,False
Humboldt,Orovada Community Hall,Rock Creek Road   Orovada NV 89425,Rock Creek Road  ,Orovada,NV,89425,"11.02 -  (), 11.01 -  (), 11.02 -  (), 11.01 -  (), 11.00 -  (), 11.00 -  ()",false,false,"Rock Creek Rd, Winnemucca, NV 89425, USA",WINNEMUCCA,HUMBOLDT,NEVADA,NV,41.5694964,-117.7819648,41.56949860000003,-117.7819648,41.56949639999998,-117.7850482,True,Invalid final address,False
Humboldt,Paradise Valley Community Hall,50 Main Street   Paradise Valley NV 89426,50 Main Street  ,Paradise Valley,NV,89426,"12.00 -  (), 12.00 -  ()",false,false,"50 Main St, Paradise Valley, NV 89426, USA",PARADISE VALLEY,HUMBOLDT,NEVADA,NV,41.4925287,-117.5355328,,,,,False,,False
Lander,Lander County Courthouse,50 State Route 305   Battle Mountain NV 89820,50 State Route 305  ,Battle Mountain,NV,89820,Locality wide location,false,false,"50 NV-305, Battle Mountain, NV 89820, USA",BATTLE MOUNTAIN,LANDER,NEVADA,NV,40.6303199,-116.9514148,,,,,False,,False
Lincoln,Alamo Annex,121 Joshua Street   Alamo NV 89001,121 Joshua Street  ,Alamo,NV,89001,"01.00 -  (), 05.00 -  (), 05.01 -  (), 01.00 -  (), 05.00 -  (), 05.01 -  ()",false,false,"Alamo, NV 89001, USA",ALAMO,LINCOLN,NEVADA,NV,37.3649613,-115.1644614,,,,,True,Unexpected address size change,False
Lincoln,Lincoln County Courthouse,181 Main Street   Pioche NV 89043,181 Main Street  ,Pioche,NV,89043,"04.00 -  (), 04.03 -  (), 04.04 -  (), 04.00 -  (), 04.03 -  (), 04.04 -  ()",false,false,"181 Main St, Pioche, NV 89043, USA",PIOCHE,LINCOLN,NEVADA,NV,37.9370154,-114.4510531,37.9371063,-114.4508514,37.9369554,-114.4512611,False,,False
Lincoln,Panaca Town Center,1005 Main Street   Panaca NV 89042,1005 Main Street  ,Panaca,NV,89042,"03.00 -  (), 03.01 -  (), 03.00 -  (), 03.01 -  ()",false,false,"1005 Main St, Panaca, NV 89042, USA",PANACA,LINCOLN,NEVADA,NV,37.7904252,-114.3887842,37.7905313,-114.3884271,37.7903599,-114.3890766,False,,False
Lyon,Dayton Utiilities Meeting Room,34 Lakes Blvd   Dayton NV 89403,34 Lakes Blvd  ,Dayton,NV,89403,Locality wide location,false,false,"34 Lakes Blvd, Dayton, NV 89403, USA",DAYTON,LYON,NEVADA,NV,39.2395009,-119.5649321,,,,,False,,False
Lyon,Fernley City Hall,595 Silver Lace Blvd   Fernley NV 89408,595 Silver Lace Blvd  ,Fernley,NV,89408,Locality wide location,false,false,"595 Silver Lace Blvd, Fernley, NV 89408, USA",FERNLEY,LYON,NEVADA,NV,39.6044251,-119.2405231,39.605089,-119.2402185,39.6042242,-119.2408015,False,,False
Lyon,Lyon County Administrative Complex,27 South Main Street   Yerington NV 89447,27 South Main Street  ,Yerington,NV,89447,Locality wide location,false,false,"27 S Main St, Yerington, NV 89447, USA",YERINGTON,LYON,NEVADA,NV,38.9862558,-119.1635042,38.986469,-119.1634035,38.9860309,-119.164043,True,Unexpected address size change,False
Mineral,Mineral County Public Library,110 W. First Street   Hawthorne NV 89415,110 W. First Street  ,Hawthorne,NV,89415,Locality wide location,false,false,"110 W 1st St, Hawthorne, NV 89415, USA",HAWTHORNE,MINERAL,NEVADA,NV,38.5177147,-118.6279832,38.5178184,-118.6277787,38.5175828,-118.628177,False,,False
Mineral,Walker River Tribal Community Center,1022 Hospital Rd   Schurz NV 89427,1022 Hospital Rd  ,Schurz,NV,89427,"11.00 -  (), 11.00 -  ()",false,false,"1022 Hospital Rd, Schurz, NV 89427, USA",SCHURZ,MINERAL,NEVADA,NV,38.9538319,-118.8168328,,,,,False,,False
Nye,Amargosa Valley Community Center,1640 E Amorgosa Farm Rd   Amargosa Valley NV 89020,1640 E Amorgosa Farm Rd  ,Amargosa Valley,NV,89020,"06.00 -  (), 06.00 -  ()",false,false,"1640 E Amargosa Farm Rd, Amargosa Valley, NV 89020, USA",AMARGOSA VALLEY,NYE,NEVADA,NV,36.5692129,-116.4594523,,,,,False,,False
Nye,Beatty Community Center,100 A. Avenue South   Beatty NV 89003,100 A. Avenue South  ,Beatty,NV,89003,"01.00 -  (), 01.01 -  (), 01.02 -  (), 01.03 -  (), 10.00 -  (), 01.00 -  (), 01.01 -  (), 01.02 -  (), 01.03 -  (), 10.00 -  (), 10.00 -  ()",false,false,"100 A Ave S, Beatty, NV 89003, USA",BEATTY,NYE,NEVADA,NV,36.9037387,-116.7612007,36.9039647,-116.7609512,36.9034614,-116.7613353,True,Unexpected address size change,False
Nye,Bob Ruud Community Center,150 North Highway 160   Pahrump NV 89060,150 North Highway 160  ,Pahrump,NV,89060,Locality wide location,false,false,"150 NV-160, Pahrump, NV 89048, USA",PAHRUMP,NYE,NEVADA,NV,36.2176917,-115.9951604,,,,,False,,False
Nye,Donald L. Simpson Community Center,650 Civic Drive   Round Mountain NV 89045,650 Civic Drive  ,Round Mountain,NV,89045,"35.00 -  (), 12.00 -  (), 35.00 -  (), 12.00 -  ()",false,false,"650 Civic Dr, Round Mountain, NV 89045, USA",ROUND MOUNTAIN,NYE,NEVADA,NV,38.6940008,-117.1572653,38.6942268,-117.1569294,38.69376450000001,-117.1576703,False,,False
Nye,Tonopah Convention Center,301 W. Brougher   Tonopah NV 89049,301 W. Brougher  ,Tonopah,NV,89049,"15.00 -  (), 15.00 -  (), 14.00 -  (), 14.00 -  ()",false,false,"Brougher Ave, Tonopah, NV 89049, USA",TONOPAH,NYE,NEVADA,NV,38.0676974,-117.2324888,38.0686063,-117.2297644,38.0664933,-117.2352765,True,Invalid final address,False
Pershing,Grass Valley Community Center,13295 Grass Valley Rd   Winnemucca NV 89445,13295 Grass Valley Rd  ,Winnemucca,NV,89445,"06.00 -  (), 06.00 -  ()",false,false,"13295 Grass Valley Rd, Winnemucca, NV 89445, USA",WINNEMUCCA,PERSHING,NEVADA,NV,40.8252963,-117.7388263,40.8253478,-117.7386954,40.82523,-117.7389175,False,,False
Pershing,Lovelock Community Center,820 6th Street   Lovelock NV 89419,820 6th Street  ,Lovelock,NV,89419,Locality wide location,false,false,"820 6th St, Lovelock, NV 89419, USA",LOVELOCK,PERSHING,NEVADA,NV,40.1768583,-118.4812412,40.1770295,-118.4809936,40.1767891,-118.4815323,False,,False
Storey,Courthouse Museum/Slammer,26 South B Street   Virginia City NV 89440,26 South B Street  ,Virginia City,NV,89440,Locality wide location,false,false,"26 S B St, Virginia City, NV 89440, USA",VIRGINIA CITY,STOREY,NEVADA,NV,39.3106273,-119.6505292,,,,,True,Unexpected address size change,False
Storey,Lockwood Fire Station #4,431 Canyon Way   Lockwood NV 89434,431 Canyon Way  ,Lockwood,NV,89434,Locality wide location,false,false,"431 Canyon Way, Sparks, NV 89434, USA",SPARKS,STOREY,NEVADA,NV,39.50629139999999,-119.6457058,39.5064091,-119.6455297,39.5061211,-119.6458978,False,,False
Storey,Mark Twain Community Center,500 Sam Clemens Ave   Dayton NV 89403,500 Sam Clemens Ave  ,Dayton,NV,89403,Locality wide location,false,false,"500 Sam Clemens Ave, Dayton, NV 89403, USA",DAYTON,STOREY,NEVADA,NV,39.306275,-119.5539512,39.3063778,-119.5538357,39.3062103,-119.5541143,False,,False
Storey,Virginia City Highlands Fire Station #2,2610 Cartwright Rd   Reno NV 89521,2610 Cartwright Rd  ,Reno,NV,89521,Locality wide location,false,false,"2610 Cartwright Rd, Reno, NV 89521, USA",RENO,STOREY,NEVADA,NV,39.38859910000001,-119.6320098,39.3887221,-119.6318434,39.388508,-119.6321482,False,,False
Washoe,Aspen Grove Community Center,960 Lakeshore Blvd   Incline Village NV 89451,960 Lakeshore Blvd  ,Incline Village,NV,89451,Locality wide location,false,false,"960 Lakeshore Blvd, Incline Village, NV 89451, USA",INCLINE VILLAGE,WASHOE,NEVADA,NV,39.24036479999999,-119.945392,39.2404482,-119.9453049,39.2403097,-119.9455008,False,,False
Washoe,Aspen Lodge at Sierra Canyon,1798 Del Webb Pkwy   Reno NV 89523,1798 Del Webb Pkwy  ,Reno,NV,89523,Locality wide location,false,false,"1798 E Del Webb Pkwy, Reno, NV 89523, USA",RENO,WASHOE,NEVADA,NV,39.5304229,-119.9516243,39.5304824,-119.9514569,39.5301768,-119.9522856,False,,False
Washoe,Bartley Ranch Park - Interpretive Center,6000 Bartley Ranch Rd   Reno NV 89511,6000 Bartley Ranch Rd  ,Reno,NV,89511,Locality wide location,false,false,"6000 Bartley Ranch Rd, Reno, NV 89511, USA",RENO,WASHOE,NEVADA,NV,39.4680437,-119.8050486,,,,,False,,False
Washoe,Billinghurst Middle School,6685 Chesterfield Ln   Reno NV 89523,6685 Chesterfield Ln  ,Reno,NV,89523,Locality wide location,false,false,"6685 Chesterfield Ln, Reno, NV 89523, USA",RENO,WASHOE,NEVADA,NV,39.5216755,-119.8936779,39.5226278,-119.8934755,39.5213499,-119.895187,False,,False
Washoe,Bowers Fire Station,3905 Old Hwy 395   Carson City NV 89704,3905 Old Hwy 395  ,Carson City,NV,89704,Locality wide location,false,false,,,,,,,,,,,,True,"Missing county from Google [{'address_components': [{'long_name': 'North Highway 395', 'short_name': 'N Hwy 395', 'types': ['route']}, {'long_name': 'Carson City', 'short_name': 'Carson City', 'types': ['locality', 'political']}, {'long_name': 'Nevada', 'short_name': 'NV', 'types': ['administrative_area_level_1', 'political']}, {'long_name': 'United States', 'short_name': 'US', 'types': ['country', 'political']}], 'formatted_address': 'N Hwy 395, Carson City, NV, USA', 'geometry': {'bounds': {'northeast': {'lat': 39.12477830000002, 'lng': -119.7711754}, 'southwest': {'lat': 39.08543409999998, 'lng': -119.7763376}}, 'location': {'lat': 39.1043624, 'lng': -119.7745458}, 'location_type': 'GEOMETRIC_CENTER', 'viewport': {'northeast': {'lat': 39.12477830000002, 'lng': -119.7711754}, 'southwest': {'lat': 39.08543409999998, 'lng': -119.7763376}}}, 'partial_match': True, 'place_id': 'Eh9OIEh3eSAzOTUsIENhcnNvbiBDaXR5LCBOViwgVVNBIi4qLAoUChIJHYlpukPGmYARN3SNkJ_oQ-8SFAoSCXG03vihCpmAESg44r2CbJz3', 'types': ['route']}]",False
Washoe,Brown Elementary School,13815 Spelling Ct   Reno NV 89521,13815 Spelling Ct  ,Reno,NV,89521,Locality wide location,false,false,"13815 Spelling Ct, Reno, NV 89521, USA",RENO,WASHOE,NEVADA,NV,39.4033243,-119.7261833,,,,,False,,False
Washoe,Caughlin Ranch Elementary School,4885 Village Green Pkwy   Reno NV 89519,4885 Village Green Pkwy  ,Reno,NV,89519,Locality wide location,false,false,"4885 Village Green Pkwy, Reno, NV 89519, USA",RENO,WASHOE,NEVADA,NV,39.4826594,-119.8572923,,,,,False,,False
Washoe,Cold Springs Middle School,18235 Cody Ct   Reno NV 89508,18235 Cody Ct  ,Reno,NV,89508,Locality wide location,false,false,"18235 Cody Ct, Reno, NV 89508, USA",RENO,WASHOE,NEVADA,NV,39.6911904,-119.9629645,39.6912289,-119.9628377,39.6911408,-119.963059,False,,False
Washoe,Damonte Ranch High School,10500 Rio Wrangler Pkwy   Reno NV 89521,10500 Rio Wrangler Pkwy  ,Reno,NV,89521,Locality wide location,false,false,"10500 Rio Wrangler Parkway, Reno, NV 89521, USA",RENO,WASHOE,NEVADA,NV,39.4246957,-119.7128311,39.4251775,-119.7122411,39.4229777,-119.7142094,False,,False
Washoe,Depoali Middle School,9300 Wilbur May Pkwy   Reno NV 89521,9300 Wilbur May Pkwy  ,Reno,NV,89521,Locality wide location,false,false,"9300 Wilbur May Pkwy, Reno, NV 89521, USA",RENO,WASHOE,NEVADA,NV,39.44814880000001,-119.7347221,39.448319,-119.7344288,39.4478524,-119.7354315,False,,False
Washoe,Dilworth Middle School,255 Prater Way   Sparks NV 89431,255 Prater Way  ,Sparks,NV,89431,Locality wide location,false,false,"255 Prater Way, Sparks, NV 89431, USA",SPARKS,WASHOE,NEVADA,NV,39.54057,-119.7458614,39.541874,-119.7444883,39.5388508,-119.7468218,False,,False
Washoe,Donner Springs Elementary School,5125 Escuela Way   Reno NV 89502,5125 Escuela Way  ,Reno,NV,89502,Locality wide location,false,false,"5125 Escuela Way, Reno, NV 89502, USA",RENO,WASHOE,NEVADA,NV,39.476214,-119.7443232,39.4768515,-119.7437447,39.4758199,-119.7449635,False,,False
Washoe,Downtown Reno Library,301 S Center St   Reno NV 89501,301 S Center St  ,Reno,NV,89501,Locality wide location,false,false,"301 S Center St, Reno, NV 89501, USA",RENO,WASHOE,NEVADA,NV,39.5226301,-119.8105822,39.5227984,-119.8101039,39.5222287,-119.8107023,False,,False
Washoe,Evelyn Mount Northeast Community Center,1301 Valley Rd   Reno NV 89512,1301 Valley Rd  ,Reno,NV,89512,Locality wide location,false,false,"1301 Valley Rd, Reno, NV 89512, USA",RENO,WASHOE,NEVADA,NV,39.5414245,-119.8083705,39.5415668,-119.8082825,39.5409044,-119.8088993,False,,False
Washoe,Faith Lutheran Church,2075 W 7th St   Reno NV 89503,2075 W 7th St  ,Reno,NV,89503,Locality wide location,false,false,"2075 W 7th St, Reno, NV 89503, USA",RENO,WASHOE,NEVADA,NV,39.5308858,-119.8437697,39.5310839,-119.8435993,39.5307172,-119.8441245,False,,False
Washoe,Galena High School,3600 Butch Cassidy Dr   Reno NV 89511,3600 Butch Cassidy Dr  ,Reno,NV,89511,Locality wide location,false,false,"3600 Butch Cassidy Dr, Reno, NV 89511, USA",RENO,WASHOE,NEVADA,NV,39.38782399999999,-119.776309,,,,,False,,False
Washoe,Hidden Valley Elementary School,2115 Alphabet Dr   Reno NV 89502,2115 Alphabet Dr  ,Reno,NV,89502,Locality wide location,false,false,"2115 Alphabet Dr, Reno, NV 89502, USA",RENO,WASHOE,NEVADA,NV,39.5003554,-119.7168585,39.5006086,-119.7162597,39.4995431,-119.7173729,False,,False
Washoe,Hungry Valley Gymnasium,9075 Eagle Canyon Dr   Sparks NV 89441,9075 Eagle Canyon Dr  ,Sparks,NV,89441,Locality wide location,false,false,"9075 Eagle Canyon Dr, Sparks, NV 89441, USA",SPARKS,WASHOE,NEVADA,NV,39.7067135,-119.749083,,,,,False,,False
Washoe,Jessie Beck Elementary School,1900 Sharon Way   Reno NV 89509,1900 Sharon Way  ,Reno,NV,89509,Locality wide location,false,false,"1900 Sharon Way, Reno, NV 89509, USA",RENO,WASHOE,NEVADA,NV,39.5050581,-119.8257353,39.5051783,-119.8254592,39.5049561,-119.8260111,False,,False
Washoe,Kate Smith Elementary School,1925 F St   Sparks NV 89431,1925 F St  ,Sparks,NV,89431,Locality wide location,false,false,"1925 F St, Sparks, NV 89431, USA",SPARKS,WASHOE,NEVADA,NV,39.5385897,-119.7698827,39.5387316,-119.7695232,39.5385109,-119.7702581,False,,False
Washoe,Marce Herz Middle School,13455 Thomas Creek Rd   Reno NV 89511,13455 Thomas Creek Rd  ,Reno,NV,89511,Locality wide location,false,false,"13455 Thomas Creek Rd, Reno, NV 89511, USA",RENO,WASHOE,NEVADA,NV,39.406474,-119.791336,,,,,False,,False
Washoe,May Museum at Rancho San Rafael Park,1595 N Sierra St   Reno NV 89503,1595 N Sierra St  ,Reno,NV,89503,Locality wide location,false,false,"1595 N Sierra St, Reno, NV 89503, USA",RENO,WASHOE,NEVADA,NV,39.5457225,-119.8240624,39.5459723,-119.8239118,39.5456205,-119.8241237,False,,False
Washoe,McQueen High School,6055 Lancer St   Reno NV 89523,6055 Lancer St  ,Reno,NV,89523,Locality wide location,false,false,"6055 Lancer St, Reno, NV 89523, USA",RENO,WASHOE,NEVADA,NV,39.5352956,-119.8840519,,,,,False,,False
Washoe,Mendive Middle School,1900 Whitewood Dr   Sparks NV 89434,1900 Whitewood Dr  ,Sparks,NV,89434,Locality wide location,false,false,"1900 Whitewood Dr, Sparks, NV 89434, USA",SPARKS,WASHOE,NEVADA,NV,39.5515271,-119.707621,39.55240750000001,-119.7062447,39.5512335,-119.7078268,False,,False
Washoe,Moss Elementary School,2200 Primio Way   Sparks NV 89434,2200 Primio Way  ,Sparks,NV,89434,Locality wide location,false,false,"2200 Primio Way, Sparks, NV 89434, USA",SPARKS,WASHOE,NEVADA,NV,39.5506701,-119.6974444,39.5510873,-119.6967396,39.550072,-119.6980366,False,,False
Washoe,Natchez Elementary School,1 State Route 447   Wadsworth NV 89442,1 State Route 447  ,Wadsworth,NV,89442,Locality wide location,false,false,"1 NV-447, Wadsworth, NV 89442, USA",WADSWORTH,WASHOE,NEVADA,NV,39.6359015,-119.2895475,39.636099,-119.2892978,39.6356426,-119.2897213,False,,False
Washoe,North Valleys Community Center,8085 Silver Lake Rd   Reno NV 89506,8085 Silver Lake Rd  ,Reno,NV,89506,Locality wide location,false,false,"8085 Silver Lake Rd, Reno, NV 89506, USA",RENO,WASHOE,NEVADA,NV,39.6241844,-119.8687627,39.6242291,-119.8686991,39.6241473,-119.8688154,False,,False
Washoe,North Valleys High School,1470 E Golden Valley Rd   Reno NV 89506,1470 E Golden Valley Rd  ,Reno,NV,89506,Locality wide location,false,false,"1470 E Golden Valley Rd, Reno, NV 89506, USA",RENO,WASHOE,NEVADA,NV,39.6055629,-119.8243789,39.6076983,-119.8219102,39.6037832,-119.8267999,False,,False
Washoe,Palmer Elementary School,5890 Klondike Dr   Sun Valley NV 89433,5890 Klondike Dr  ,Sun Valley,NV,89433,Locality wide location,false,false,"5890 Klondike Dr, Sun Valley, NV 89433, USA",SUN VALLEY,WASHOE,NEVADA,NV,39.6068096,-119.760191,39.606866,-119.7601509,39.60674789999999,-119.7602246,False,,False
Washoe,Pine Middle School,4800 Neil Rd   Reno NV 89502,4800 Neil Rd  ,Reno,NV,89502,Locality wide location,false,false,"4800 Neil Rd, Reno, NV 89502, USA",RENO,WASHOE,NEVADA,NV,39.48012180000001,-119.7800882,39.4801551,-119.7800568,39.4800626,-119.7801522,False,,False
Washoe,Pyramid Lake Tribal Office,208 Capitol Hill   Nixon NV 89442,208 Capitol Hill  ,Nixon,NV,89442,Locality wide location,false,false,"208 Capitol Hill, Nixon, NV 89424, USA",NIXON,WASHOE,NEVADA,NV,39.8313709,-119.3569699,,,,,False,,False
Washoe,Red Hawk Resort,6600 N WINGFIELD PKWY   Sparks NV 89436,6600 N WINGFIELD PKWY  ,Sparks,NV,89436,Locality wide location,false,false,"6600 N Wingfield Pkwy, Sparks, NV 89436, USA",SPARKS,WASHOE,NEVADA,NV,39.6138054,-119.688002,39.6139768,-119.6872895,39.6130695,-119.6884606,False,,False
Washoe,Red Rock Volunteer Fire Dept,16180 N Red Rock Rd   Reno NV 89508,16180 N Red Rock Rd  ,Reno,NV,89508,Locality wide location,false,false,"16180 N Red Rock Rd, Reno, NV 89508, USA",RENO,WASHOE,NEVADA,NV,39.869858,-119.9604349,39.8699609,-119.9602863,39.8697546,-119.9605612,False,,False
Washoe,Reed High School,1350 Baring Blvd   Sparks NV 89434,1350 Baring Blvd  ,Sparks,NV,89434,Locality wide location,false,false,"1350 Baring Blvd, Sparks, NV 89434, USA",SPARKS,WASHOE,NEVADA,NV,39.55782250000001,-119.7196187,39.5586494,-119.7190552,39.55696409999999,-119.7211777,False,,False
Washoe,Registrar of Voters Office,1001 E 9th Street   Reno NV 89512,1001 E 9th Street  ,Reno,NV,89512,Locality wide location,false,false,"1001 E 9th St, Reno, NV 89512, USA",RENO,WASHOE,NEVADA,NV,39.5387897,-119.8024021,39.5390603,-119.8013472,39.5386557,-119.8031017,False,,False
Washoe,Reno High School,395 Booth Street   Reno NV 89509,395 Booth Street  ,Reno,NV,89509,Locality wide location,false,false,"395 Booth St, Reno, NV 89509, USA",RENO,WASHOE,NEVADA,NV,39.5175292,-119.8279234,,,,,False,,False
Washoe,Reno Town Mall,4001 S Virginia St   Reno NV 89502,4001 S Virginia St  ,Reno,NV,89502,Locality wide location,false,false,"4001 S Virginia St, Reno, NV 89502, USA",RENO,WASHOE,NEVADA,NV,39.4861766,-119.7954375,39.4880261,-119.7937487,39.4849479,-119.7982785,False,,False
Washoe,SKY RANCH MIDDLE SCHOOL,1200 WINDMILL FARMS PKWY   SPARKS NV 89436,1200 WINDMILL FARMS PKWY  ,SPARKS,NV,89436,Locality wide location,false,false,"1200 Windmill Farms Pkwy, Sparks, NV 89436, USA",SPARKS,WASHOE,NEVADA,NV,39.6101933,-119.7226052,39.6104303,-119.7221659,39.6098355,-119.7229208,False,,False
Washoe,SOUTH VALLEY VFD #227 & COMMUNITY CENTER,CORNER LAKESHORE/ESMERALDA   CARSON CITY NV 89704,CORNER LAKESHORE/ESMERALDA  ,CARSON CITY,NV,89704,Locality wide location,false,false,"Lakeshore Dr & Esmeralda Dr, New Washoe City, NV 89704, USA",NEW WASHOE CITY,WASHOE,NEVADA,NV,39.2882937,-119.7846092,,,,,True,Invalid final address,False
Washoe,SUN VALLEY NEIGHBORHOOD CENTER,115 W 6TH AVE   SUN VALLEY NV 89433,115 W 6TH AVE  ,SUN VALLEY,NV,89433,Locality wide location,false,false,"115 W 6th Ave, Sun Valley, NV 89433, USA",SUN VALLEY,WASHOE,NEVADA,NV,39.5966393,-119.7812972,39.5968283,-119.7812259,39.5965611,-119.7813394,False,,False
Washoe,Sky Peaks,1520 Sky Valley Dr   Reno NV 89523,1520 Sky Valley Dr  ,Reno,NV,89523,Locality wide location,false,false,"1520 Sky Valley Dr, Reno, NV 89523, USA",RENO,WASHOE,NEVADA,NV,39.5196382,-119.8545122,39.5197539,-119.854424,39.5195668,-119.8545695,False,,False
Washoe,South Valleys Library,15650A Wedge Pkwy   Reno NV 89511,15650A Wedge Pkwy  ,Reno,NV,89511,Locality wide location,false,false,"15650a Wedge Pkwy, Reno, NV 89511, USA",RENO,WASHOE,NEVADA,NV,39.404576,-119.7589058,,,,,False,,False
Washoe,Spanish Springs High School,1065 Eagle Canyon Drive   Sparks NV 89441,1065 Eagle Canyon Drive  ,Sparks,NV,89441,Locality wide location,false,false,"1065 Eagle Canyon Dr, Spanish Springs, NV 89436, USA",SPANISH SPRINGS,WASHOE,NEVADA,NV,39.6494051,-119.7297161,39.6510318,-119.7285031,39.648864,-119.7306918,False,,False
Washoe,Sparks Christian Fellowship,510 Greenbrae Dr   Sparks NV 89431,510 Greenbrae Dr  ,Sparks,NV,89431,Locality wide location,false,false,"510 Greenbrae Dr, Sparks, NV 89431, USA",SPARKS,WASHOE,NEVADA,NV,39.5488064,-119.7496616,39.54904820000001,-119.7488046,39.5484628,-119.7507376,False,,False
Washoe,Sparks Library,1125 12th St   Sparks NV 89431,1125 12th St  ,Sparks,NV,89431,Locality wide location,false,false,"1125 12th St, Sparks, NV 89431, USA",SPARKS,WASHOE,NEVADA,NV,39.5440646,-119.7589621,39.544372,-119.7586074,39.5437234,-119.7592107,False,,False
Washoe,Sparks Middle School,2275 18th St   Sparks NV 89431,2275 18th St  ,Sparks,NV,89431,Locality wide location,false,false,"2275 18th St, Sparks, NV 89431, USA",SPARKS,WASHOE,NEVADA,NV,39.5523286,-119.7689328,39.5524429,-119.7679614,39.55133319999999,-119.7692313,False,,False
Washoe,Stead Elementary School,10580 Stead Blvd   Reno NV 89506,10580 Stead Blvd  ,Reno,NV,89506,Locality wide location,false,false,"10580 Stead Blvd, Reno, NV 89506, USA",RENO,WASHOE,NEVADA,NV,39.6240482,-119.8811587,39.62484510000001,-119.8797709,39.6230882,-119.8821581,False,,False
Washoe,TOWLES ELEMENTARY SCHOOL,2800 KINGS ROW   RENO NV 89503,2800 KINGS ROW  ,RENO,NV,89503,Locality wide location,false,false,"2800 Kings Row, Reno, NV 89503, USA",RENO,WASHOE,NEVADA,NV,39.53778519999999,-119.8505236,39.5380185,-119.8502276,39.5373639,-119.8507823,False,,False
Washoe,UNITARIAN UNIVERSALISTS,780 DEL MONTE LN   RENO NV 89511,780 DEL MONTE LN  ,RENO,NV,89511,Locality wide location,false,false,"780 Del Monte Ln, Reno, NV 89511, USA",RENO,WASHOE,NEVADA,NV,39.4665301,-119.7932627,39.46665429999999,-119.7930258,39.4663467,-119.7933793,False,,False
Washoe,VAN GORDER ELEMENTARY SCHOOL,7650 CAMPELLO DR   SPARKS NV 89436,7650 CAMPELLO DR  ,SPARKS,NV,89436,Locality wide location,false,false,"7650 Campello Dr, Sparks, NV 89436, USA",SPARKS,WASHOE,NEVADA,NV,39.6251855,-119.6821699,39.6255828,-119.6817356,39.6246377,-119.6828734,False,,False
Washoe,VERDI ELEMENTARY SCHOOL,250 BRIDGE ST   VERDI NV 89439,250 BRIDGE ST  ,VERDI,NV,89439,Locality wide location,false,false,"250 Bridge St, Verdi, NV 89439, USA",VERDI,WASHOE,NEVADA,NV,39.5208519,-119.9898609,39.5211344,-119.9893872,39.5207209,-119.9900739,False,,False
Washoe,WASHOE COUNTY REGIONAL SHOOTING FACILITY,21555 PYRAMID LAKE HWY   RENO NV 89510,21555 PYRAMID LAKE HWY  ,RENO,NV,89510,Locality wide location,false,false,"21555 Pyramid Lake Rd, Reno, NV 89510, USA",RENO,WASHOE,NEVADA,NV,39.8693826,-119.6370313,,,,,False,,False
Washoe,WESTBROOK COMMUNITY CENTER,218 KENNEDY DR   RENO NV 89506,218 KENNEDY DR  ,RENO,NV,89506,Locality wide location,false,false,"218 Kennedy Dr, Reno, NV 89506, USA",RENO,WASHOE,NEVADA,NV,39.6106492,-119.8574695,,,,,False,,False
Washoe,WHITEHEAD ELEMENTARY SCHOOL,3570 WATERFALL DR   SPARKS NV 89434,3570 WATERFALL DR  ,SPARKS,NV,89434,Locality wide location,false,false,"3570 Waterfall Dr, Sparks, NV 89434, USA",SPARKS,WASHOE,NEVADA,NV,39.5646143,-119.7107947,39.5649792,-119.7104895,39.56404240000001,-119.7113679,False,,False
Washoe,WOOSTER HIGH SCHOOL,1331 E PLUMB LN   RENO NV 89502,1331 E PLUMB LN  ,RENO,NV,89502,Locality wide location,false,false,"1331 E Plumb Ln, Reno, NV 89502, USA",RENO,WASHOE,NEVADA,NV,39.5075524,-119.7837688,39.5077904,-119.78346,39.5073345,-119.7843938,False,,False
Washoe,YVONNE SHAW MIDDLE SCHOOL,600 EAGLE CANYON DR   SPARKS NV 89441,600 EAGLE CANYON DR  ,SPARKS,NV,89441,Locality wide location,false,false,"600 Eagle Canyon Dr, Sparks, NV 89441, USA",SPARKS,WASHOE,NEVADA,NV,39.6478397,-119.723395,,,,,False,,False
White Pine,Bristlecone Convention Center,150 6th Street   Ely NV 89301,150 6th Street  ,Ely,NV,89301,Locality wide location,false,false,"150 6th St, Ely, NV 89301, USA",ELY,WHITE PINE,NEVADA,NV,39.2488263,-114.8916921,,,,,False,,False
