Locality,Location Name,Address Full,Address Line,Address City,Address State,Address Zip,Precincts (Or Locality-wide),Is Drop Off,Is Early Voting,Schedules,Precinct FIPS,Locality FIPS,Google Address,City,County,State Long,State,Latitude,Longitude,NE Latitude,NE Longitude,SW Latitude,SW Longitude,Review Required,Problem,Duplicate
apache,Alpine Library Drop Box,17 County Road 2061 Alpine AZ 85920,17 County Road 2061,Alpine,AZ,85920,Locality wide location,true,false,"From: 2022-10-12, To: 2022-11-07, Times: 00:00:00 - 23:59:59; From: 2022-11-08, To: 2022-11-08, Times: 00:00:00 - 19:00:00",,04001,"2061, Alpine, AZ 85920, USA",ALPINE,APACHE,ARIZONA,AZ,33.8473764,-109.1414115,33.8477508,-109.1400664,33.846732,-109.1421102,True,Unexpected address size change,False
apache,Apache County Recorder's Office,75 W Cleveland St St. Johns AZ 85936,75 W Cleveland St,St. Johns,AZ,85936,Locality wide location,false,true,"From: 2022-10-12, To: 2022-10-13, Times: 06:30:00 - 17:30:00; From: 2022-10-17, To: 2022-10-20, Times: 06:30:00 - 17:30:00; From: 2022-10-24, To: 2022-10-27, Times: 06:30:00 - 17:30:00; From: 2022-10-31, To: 2022-11-03, Times: 06:30:00 - 17:30:00; From: 2022-11-04, To: 2022-11-04, Times: 08:00:00 - 17:00:00",0462350,04001,"75 W Cleveland St, St Johns, AZ 85936, USA",SAINT JOHNS,APACHE,ARIZONA,AZ,34.5071914,-109.3655872,34.5074524,-109.3653447,34.5070525,-109.3659207,False,,False
apache,Chambers Probation,SHW7+PX Chambers AZ 86502,SHW7+PX,Chambers,AZ,86502,Locality wide location,false,true,"From: 2022-10-14, To: 2022-10-14, Times: 10:00:00 - 15:00:00; From: 2022-10-21, To: 2022-10-21, Times: 10:00:00 - 15:00:00; From: 2022-10-28, To: 2022-10-28, Times: 10:00:00 - 15:00:00; From: 2022-11-04, To: 2022-11-04, Times: 10:00:00 - 15:00:00",,04001,"Chambers, AZ 86502, USA",CHAMBERS,APACHE,ARIZONA,AZ,35.212004,-109.5211063,35.5693539,-109.282964,34.908436,-109.8437279,True,Unexpected address size change,False
apache,Chinle Road Yard,4CX4+RJ Chinle AZ 86503,4CX4+RJ,Chinle,AZ,86503,Locality wide location,false,true,"From: 2022-10-12, To: 2022-10-13, Times: 08:30:00 - 16:30:00; From: 2022-10-17, To: 2022-10-20, Times: 08:30:00 - 16:30:00; From: 2022-10-24, To: 2022-10-27, Times: 08:30:00 - 16:30:00; From: 2022-10-31, To: 2022-11-03, Times: 08:30:00 - 16:30:00",,04001,"4CX4+RJ Chinle, AZ, USA",CHINLE,APACHE,ARIZONA,AZ,36.1495625,-109.5934375,36.149625,-109.593375,36.1495,-109.5935,False,,False
apache,Chinle Road Yard Drop Box,5C24+3M Chinle AZ 86503,5C24+3M,Chinle,AZ,86503,Locality wide location,true,false,"From: 2022-10-12, To: 2022-10-13, Times: 07:00:00 - 17:30:00; From: 2022-10-14, To: 2022-10-14, Times: 08:00:00 - 17:00:00; From: 2022-10-17, To: 2022-10-20, Times: 07:00:00 - 17:30:00; From: 2022-10-21, To: 2022-10-21, Times: 08:00:00 - 17:00:00; From: 2022-10-24, To: 2022-10-27, Times: 07:00:00 - 17:30:00; From: 2022-10-28, To: 2022-10-28, Times: 08:00:00 - 17:00:00; From: 2022-10-31, To: 2022-11-03, Times: 07:00:00 - 17:30:00; From: 2022-11-04, To: 2022-11-04, Times: 08:00:00 - 17:00:00; From: 2022-11-07, To: 2022-11-08, Times: 07:00:00 - 17:30:00",,04001,"5C24+3M Chinle, AZ, USA",CHINLE,APACHE,ARIZONA,AZ,36.1501875,-109.5933125,36.15025,-109.59325,36.150125,-109.593375,False,,False
apache,Concho Library Drop Box,18 County Road 5101 Concho AZ 85924,18 County Road 5101,Concho,AZ,85924,Locality wide location,true,false,"From: 2022-10-12, To: 2022-11-07, Times: 00:00:00 - 23:59:59; From: 2022-11-08, To: 2022-11-08, Times: 00:00:00 - 19:00:00",,04001,,,,,,,,,,,,True,"Missing city from Google [{'address_components': [{'long_name': 'County Road 5101', 'short_name': 'County Rd 5101', 'types': ['route']}, {'long_name': 'Apache County', 'short_name': 'Apache County', 'types': ['administrative_area_level_2', 'political']}, {'long_name': 'Arizona', 'short_name': 'AZ', 'types': ['administrative_area_level_1', 'political']}, {'long_name': 'United States', 'short_name': 'US', 'types': ['country', 'political']}, {'long_name': '85924', 'short_name': '85924', 'types': ['postal_code']}], 'formatted_address': 'County Rd 5101, Arizona 85924, USA', 'geometry': {'bounds': {'northeast': {'lat': 34.4244017, 'lng': -109.5679665}, 'southwest': {'lat': 34.4119666, 'lng': -109.6416121}}, 'location': {'lat': 34.4192989, 'lng': -109.604407}, 'location_type': 'GEOMETRIC_CENTER', 'viewport': {'northeast': {'lat': 34.4244017, 'lng': -109.5679665}, 'southwest': {'lat': 34.4119666, 'lng': -109.6416121}}}, 'place_id': 'ChIJn_cMx1lWL4cRyOgmMbsMfdc', 'types': ['route']}, {'address_components': [{'long_name': 'County Road 5101', 'short_name': 'County Rd 5101', 'types': ['route']}, {'long_name': 'Apache County', 'short_name': 'Apache County', 'types': ['administrative_area_level_2', 'political']}, {'long_name': 'Arizona', 'short_name': 'AZ', 'types': ['administrative_area_level_1', 'political']}, {'long_name': 'United States', 'short_name': 'US', 'types': ['country', 'political']}, {'long_name': '85924', 'short_name': '85924', 'types': ['postal_code']}], 'formatted_address': 'County Rd 5101, Arizona 85924, USA', 'geometry': {'bounds': {'northeast': {'lat': 34.4242968, 'lng': -109.6222698}, 'southwest': {'lat': 34.4171467, 'lng': -109.6416121}}, 'location': {'lat': 34.4193362, 'lng': -109.6326408}, 'location_type': 'GEOMETRIC_CENTER', 'viewport': {'northeast': {'lat': 34.4242968, 'lng': -109.6222698}, 'southwest': {'lat': 34.4171467, 'lng': -109.6416121}}}, 'place_id': 'ChIJn2S1sOVWL4cR1l1ufqz10ds', 'types': ['route']}]",False
apache,Fort Defiance Road Yard,PWPX+X9 Fort Defiance AZ 86504,PWPX+X9,Fort Defiance,AZ,86504,Locality wide location,false,true,"From: 2022-10-12, To: 2022-10-13, Times: 08:30:00 - 16:30:00; From: 2022-10-17, To: 2022-10-20, Times: 08:30:00 - 16:30:00; From: 2022-10-24, To: 2022-10-27, Times: 08:30:00 - 16:30:00; From: 2022-10-31, To: 2022-11-03, Times: 08:30:00 - 16:30:00",,04001,"PWPX+X9 Fort Defiance, AZ, USA",FORT DEFIANCE,APACHE,ARIZONA,AZ,35.7374375,-109.0515625,35.7375,-109.0515,35.737375,-109.051625,True,Invalid final address,False
apache,Fort Defiance Road Yard Drop Box,PWPX+X9 Fort Defiance AZ 86504,PWPX+X9,Fort Defiance,AZ,86504,Locality wide location,true,false,"From: 2022-10-12, To: 2022-10-13, Times: 07:00:00 - 17:30:00; From: 2022-10-17, To: 2022-10-20, Times: 07:00:00 - 17:30:00; From: 2022-10-24, To: 2022-10-27, Times: 07:00:00 - 17:30:00; From: 2022-10-31, To: 2022-11-03, Times: 07:00:00 - 17:30:00; From: 2022-11-07, To: 2022-11-08, Times: 07:00:00 - 17:30:00",,04001,"PWPX+X9 Fort Defiance, AZ, USA",FORT DEFIANCE,APACHE,ARIZONA,AZ,35.7374375,-109.0515625,35.7375,-109.0515,35.737375,-109.051625,True,Invalid final address,False
apache,Ganado Road Yard,PF52+5J Ganado AZ 86505,PF52+5J,Ganado,AZ,86505,Locality wide location,false,true,"From: 2022-10-12, To: 2022-10-13, Times: 08:30:00 - 13:00:00; From: 2022-10-12, To: 2022-10-13, Times: 14:00:00 - 16:30:00; From: 2022-10-17, To: 2022-10-20, Times: 08:30:00 - 13:00:00; From: 2022-10-17, To: 2022-10-20, Times: 14:00:00 - 16:30:00; From: 2022-10-24, To: 2022-10-27, Times: 08:30:00 - 13:00:00; From: 2022-10-24, To: 2022-10-27, Times: 14:00:00 - 16:30:00; From: 2022-10-31, To: 2022-11-03, Times: 08:30:00 - 13:00:00; From: 2022-10-31, To: 2022-11-03, Times: 14:00:00 - 16:30:00",,04001,"PF52+5J Ganado, AZ, USA",GANADO,APACHE,ARIZONA,AZ,35.7079375,-109.5484375,35.708,-109.548375,35.707875,-109.5485,False,,False
apache,Ganado Road Yard Drop Box,PF52+5J Ganado AZ 86505,PF52+5J,Ganado,AZ,86505,Locality wide location,true,false,"From: 2022-10-12, To: 2022-10-13, Times: 07:00:00 - 17:30:00; From: 2022-10-17, To: 2022-10-20, Times: 07:00:00 - 17:30:00; From: 2022-10-24, To: 2022-10-27, Times: 07:00:00 - 17:30:00; From: 2022-10-31, To: 2022-11-03, Times: 07:00:00 - 17:30:00; From: 2022-11-07, To: 2022-11-08, Times: 07:00:00 - 17:30:00",,04001,"PF52+5J Ganado, AZ, USA",GANADO,APACHE,ARIZONA,AZ,35.7079375,-109.5484375,35.708,-109.548375,35.707875,-109.5485,False,,False
apache,Puerco (Sanders) Justice Court Drop Box,6MC6+GG Sanders AZ 86512,6MC6+GG,Sanders,AZ,86512,Locality wide location,true,false,"From: 2022-10-12, To: 2022-11-07, Times: 00:00:00 - 23:59:59; From: 2022-11-08, To: 2022-11-08, Times: 00:00:00 - 19:00:00",,04001,"6MC6+GG Sanders, AZ, USA",SANDERS,APACHE,ARIZONA,AZ,35.2213125,-109.3386875,35.221375,-109.338625,35.22125,-109.33875,True,Invalid final address,False
apache,Round Valley County Annex Drop Box,309 S Mountain Ave Springerville AZ 85938,309 S Mountain Ave,Springerville,AZ,85938,Locality wide location,true,false,"From: 2022-10-12, To: 2022-11-07, Times: 00:00:00 - 23:59:59; From: 2022-11-08, To: 2022-11-08, Times: 00:00:00 - 19:00:00",0468990,04001,"309 S Mountain Ave, Springerville, AZ 85938, USA",SPRINGERVILLE,APACHE,ARIZONA,AZ,34.1287577,-109.2892399,34.128978,-109.2889144,34.1285513,-109.2893169,False,,False
apache,St. Johns County Annex,75 W Cleveland St St. Johns AZ 85936,75 W Cleveland St,St. Johns,AZ,85936,Locality wide location,true,false,"From: 2022-10-12, To: 2022-11-07, Times: 00:00:00 - 23:59:59; From: 2022-11-08, To: 2022-11-08, Times: 00:00:00 - 19:00:00",0462350,04001,"75 W Cleveland St, St Johns, AZ 85936, USA",SAINT JOHNS,APACHE,ARIZONA,AZ,34.5071914,-109.3655872,34.5074524,-109.3653447,34.5070525,-109.3659207,False,,False
apache,Teec Nos Pos Road Yard,WV6W+M5 Teec Nos Pos AZ 86514,WV6W+M5,Teec Nos Pos,AZ,86514,Locality wide location,false,true,"From: 2022-10-14, To: 2022-10-14, Times: 10:00:00 - 15:00:00; From: 2022-10-21, To: 2022-10-21, Times: 10:00:00 - 15:00:00; From: 2022-10-28, To: 2022-10-28, Times: 10:00:00 - 15:00:00; From: 2022-11-04, To: 2022-11-04, Times: 10:00:00 - 15:00:00",,04001,"WV6W+M5 Teec Nos Pos, AZ, USA",TEEC NOS POS,APACHE,ARIZONA,AZ,36.9116875,-109.1045625,36.91175,-109.1045,36.911625,-109.104625,True,Invalid final address,False
apache,Teec Nos Pos Road Yard Drop Box,WV6W+Q3 Teec Nos Pos AZ 86514,WV6W+Q3,Teec Nos Pos,AZ,86514,Locality wide location,true,false,"From: 2022-10-12, To: 2022-11-05, Times: 00:00:00 - 23:59:59; From: 2022-11-08, To: 2022-11-08, Times: 00:00:00 - 19:00:00; From: 2022-11-06, To: 2022-11-06, Times: 00:00:00 - 23:59:59; From: 2022-11-07, To: 2022-11-07, Times: 00:00:00 - 23:59:59",,04001,"WV6W+Q3 Teec Nos Pos, AZ, USA",TEEC NOS POS,APACHE,ARIZONA,AZ,36.9119375,-109.1048125,36.912,-109.10475,36.91187499999999,-109.104875,True,Invalid final address,False
apache,Vernon Library Drop Box,10 Main St Vernon AZ 85940,10 Main St,Vernon,AZ,85940,Locality wide location,true,false,"From: 2022-10-12, To: 2022-11-07, Times: 00:00:00 - 23:59:59; From: 2022-11-08, To: 2022-11-08, Times: 00:00:00 - 19:00:00",,04001,"Vernon, AZ 85940, USA",VERNON,APACHE,ARIZONA,AZ,34.2549559,-109.6926121,34.2625801,-109.6858499,34.242583,-109.700443,True,Unexpected address size change,False
cochise,Benson's County Service Center's Drop Box,126 W 5th St Benson AZ 85602,126 W 5th St,Benson,AZ,85602,Locality wide location,true,false,"From: 2022-10-12, To: 2022-10-14, Times: 08:00:00 - 17:00:00; From: 2022-10-17, To: 2022-10-21, Times: 08:00:00 - 17:00:00; From: 2022-10-24, To: 2022-10-28, Times: 08:00:00 - 17:00:00; From: 2022-10-31, To: 2022-11-04, Times: 08:00:00 - 17:00:00",0405770,04003,"126 W 5th St, Benson, AZ 85602, USA",BENSON,COCHISE,ARIZONA,AZ,31.9679342,-110.2982547,31.9680441,-110.2978505,31.9677685,-110.298444,False,,False
cochise,Cochise County Recorder's Office,1415 Melody Ln Bisbee AZ 85603,1415 Melody Ln,Bisbee,AZ,85603,Locality wide location,false,true,"From: 2022-10-12, To: 2022-10-14, Times: 08:00:00 - 17:00:00; From: 2022-10-17, To: 2022-10-21, Times: 08:00:00 - 17:00:00; From: 2022-10-24, To: 2022-10-28, Times: 08:00:00 - 17:00:00; From: 2022-10-31, To: 2022-11-04, Times: 08:00:00 - 17:00:00",0406260,04003,"1415 W Melody Ln, Bisbee, AZ 85603, USA",BISBEE,COCHISE,ARIZONA,AZ,31.39129459999999,-109.9298221,31.3914908,-109.9295891,31.3911332,-109.9300891,False,,False
cochise,Cochise County Recorder's Office Drop Box,1415 Melody Ln Bisbee AZ 85603,1415 Melody Ln,Bisbee,AZ,85603,Locality wide location,true,false,"From: 2022-10-12, To: 2022-10-14, Times: 08:00:00 - 17:00:00; From: 2022-10-17, To: 2022-10-21, Times: 08:00:00 - 17:00:00; From: 2022-10-24, To: 2022-10-28, Times: 08:00:00 - 17:00:00; From: 2022-10-31, To: 2022-11-04, Times: 08:00:00 - 17:00:00",0406260,04003,"1415 W Melody Ln, Bisbee, AZ 85603, USA",BISBEE,COCHISE,ARIZONA,AZ,31.39129459999999,-109.9298221,31.3914908,-109.9295891,31.3911332,-109.9300891,False,,False
cochise,Douglas' County Service Center's Drop Box,1012 N G Ave Douglas AZ 85607,1012 N G Ave,Douglas,AZ,85607,Locality wide location,true,false,"From: 2022-10-12, To: 2022-10-14, Times: 08:00:00 - 17:00:00; From: 2022-10-17, To: 2022-10-21, Times: 08:00:00 - 17:00:00; From: 2022-10-24, To: 2022-10-28, Times: 08:00:00 - 17:00:00; From: 2022-10-31, To: 2022-11-04, Times: 08:00:00 - 17:00:00",0420050,04003,"A Ave, Douglas, AZ 85607, USA",DOUGLAS,COCHISE,ARIZONA,AZ,31.3455256,-109.5454886,31.3570996,-109.5449078,31.3342001,-109.5463954,True,Invalid final address,False
cochise,Sierra Vista's County Service Center's Drop Box,4001 E Foothills Dr Sierra Vista AZ 85635,4001 E Foothills Dr,Sierra Vista,AZ,85635,Locality wide location,true,false,"From: 2022-10-12, To: 2022-10-14, Times: 08:00:00 - 17:00:00; From: 2022-10-17, To: 2022-10-21, Times: 08:00:00 - 17:00:00; From: 2022-10-24, To: 2022-10-28, Times: 08:00:00 - 17:00:00; From: 2022-10-31, To: 2022-11-04, Times: 08:00:00 - 17:00:00",0466820,04003,"4001 E Foothills Dr, Sierra Vista, AZ 85635, USA",SIERRA VISTA,COCHISE,ARIZONA,AZ,31.5460559,-110.2567401,31.5461778,-110.2565187,31.5458473,-110.2568572,False,,False
cochise,Willcox's County Service Center's Drop Box,450 S Haskell Dr Willcox AZ 85643,450 S Haskell Dr,Willcox,AZ,85643,Locality wide location,true,false,"From: 2022-10-12, To: 2022-10-14, Times: 08:00:00 - 17:00:00; From: 2022-10-17, To: 2022-10-21, Times: 08:00:00 - 17:00:00; From: 2022-10-24, To: 2022-10-28, Times: 08:00:00 - 17:00:00; From: 2022-10-31, To: 2022-11-04, Times: 08:00:00 - 17:00:00",0483090,04003,"450 S Haskell Ave, Willcox, AZ 85643, USA",WILLCOX,COCHISE,ARIZONA,AZ,32.2487398,-109.8353028,32.2490168,-109.8350877,32.2484436,-109.8356512,False,,False
coconino,Administration Office,110 E Cherry Ave Flagstaff AZ 86001,110 E Cherry Ave,Flagstaff,AZ,86001,Locality wide location,false,true,"From: 2022-10-12, To: 2022-10-14, Times: 08:00:00 - 17:00:00; From: 2022-10-17, To: 2022-10-21, Times: 08:00:00 - 17:00:00; From: 2022-10-24, To: 2022-10-28, Times: 08:00:00 - 17:00:00; From: 2022-10-31, To: 2022-11-04, Times: 08:00:00 - 17:00:00",0423620,04005,"110 E Cherry Ave, Flagstaff, AZ 86001, USA",FLAGSTAFF,COCONINO,ARIZONA,AZ,35.20011909999999,-111.6464345,35.2002884,-111.6460589,35.1998986,-111.6466089,False,,False
coconino,Coconino County Community Development Office Drop Box,2500 N Fort Valley Rd Flagstaff AZ 86001,2500 N Fort Valley Rd,Flagstaff,AZ,86001,Locality wide location,true,false,"From: 2022-10-12, To: 2022-11-07, Times: 00:00:00 - 23:59:59; From: 2022-11-08, To: 2022-11-08, Times: 00:00:00 - 19:00:00",0423620,04005,"2500 N Fort Valley Rd, Flagstaff, AZ 86001, USA",FLAGSTAFF,COCONINO,ARIZONA,AZ,35.2248443,-111.656617,35.2249782,-111.656315,35.2246719,-111.6569244,False,,False
coconino,Coconino County Elections Downtown Flagstaff Office Drop Box,110 E Cherry Ave Flagstaff AZ 86001,110 E Cherry Ave,Flagstaff,AZ,86001,Locality wide location,true,false,"From: 2022-10-12, To: 2022-11-07, Times: 00:00:00 - 23:59:59; From: 2022-11-08, To: 2022-11-08, Times: 00:00:00 - 19:00:00",0423620,04005,"110 E Cherry Ave, Flagstaff, AZ 86001, USA",FLAGSTAFF,COCONINO,ARIZONA,AZ,35.20011909999999,-111.6464345,35.2002884,-111.6460589,35.1998986,-111.6466089,False,,False
coconino,Coconino County Elections Drive-Up Window Service Drop Box,2304 N 3rd St Flagstaff AZ 86004,2304 N 3rd St,Flagstaff,AZ,86004,Locality wide location,true,false,"From: 2022-10-12, To: 2022-11-07, Times: 00:00:00 - 23:59:59; From: 2022-11-08, To: 2022-11-08, Times: 00:00:00 - 19:00:00",0423620,04005,"2304 N 3rd St, Flagstaff, AZ 86004, USA",FLAGSTAFF,COCONINO,ARIZONA,AZ,35.2110533,-111.6142533,35.2112287,-111.6141841,35.21086640000001,-111.6143575,False,,False
coconino,Coconino County Health & Human Services Building Drop Box,2625 N King St Flagstaff AZ 86004,2625 N King St,Flagstaff,AZ,86004,Locality wide location,true,false,"From: 2022-10-12, To: 2022-11-07, Times: 00:00:00 - 23:59:59; From: 2022-11-08, To: 2022-11-08, Times: 00:00:00 - 19:00:00",0423620,04005,"2625 N King St, Flagstaff, AZ 86004, USA",FLAGSTAFF,COCONINO,ARIZONA,AZ,35.2141244,-111.6117603,35.2145131,-111.6114857,35.2138788,-111.6118729,False,,False
coconino,Drive-Thru Service Window,2304 N 3rd St Flagstaff AZ 86004,2304 N 3rd St,Flagstaff,AZ,86004,Locality wide location,false,true,"From: 2022-10-12, To: 2022-10-14, Times: 08:00:00 - 11:00:00; From: 2022-10-12, To: 2022-10-14, Times: 12:00:00 - 17:00:00; From: 2022-10-17, To: 2022-10-21, Times: 08:00:00 - 11:00:00; From: 2022-10-17, To: 2022-10-21, Times: 12:00:00 - 17:00:00; From: 2022-10-24, To: 2022-10-28, Times: 08:00:00 - 11:00:00; From: 2022-10-24, To: 2022-10-28, Times: 12:00:00 - 17:00:00; From: 2022-10-31, To: 2022-11-04, Times: 08:00:00 - 11:00:00; From: 2022-10-31, To: 2022-11-04, Times: 12:00:00 - 17:00:00",0423620,04005,"2304 N 3rd St, Flagstaff, AZ 86004, USA",FLAGSTAFF,COCONINO,ARIZONA,AZ,35.2110533,-111.6142533,35.2112287,-111.6141841,35.21086640000001,-111.6143575,False,,False
coconino,"Eastside Flagstaff Elections Office, Flagstaff Mall Drop Box",4650 N US Hwy 89 Flagstaff AZ 86004,4650 N US Hwy 89,Flagstaff,AZ,86004,Locality wide location,true,false,"From: 2022-10-12, To: 2022-10-14, Times: 09:00:00 - 17:00:00; From: 2022-10-17, To: 2022-10-21, Times: 09:00:00 - 17:00:00; From: 2022-10-24, To: 2022-10-28, Times: 09:00:00 - 17:00:00; From: 2022-10-31, To: 2022-11-04, Times: 09:00:00 - 17:00:00; From: 2022-11-07, To: 2022-11-08, Times: 09:00:00 - 17:00:00",0423620,04005,"4650 US-89, Flagstaff, AZ 86004, USA",FLAGSTAFF,COCONINO,ARIZONA,AZ,35.2235415,-111.5818575,35.2254537,-111.5776486,35.2213689,-111.5849537,False,,False
coconino,Flagstaff Fire Station #6 Drop Box,3877 S Lake Mary Rd Flagstaff AZ 86001,3877 S Lake Mary Rd,Flagstaff,AZ,86001,Locality wide location,true,false,"From: 2022-10-12, To: 2022-11-07, Times: 00:00:00 - 23:59:59; From: 2022-11-08, To: 2022-11-08, Times: 00:00:00 - 19:00:00",0423620,04005,"3877 S Lake Mary Rd, Flagstaff, AZ 86001, USA",FLAGSTAFF,COCONINO,ARIZONA,AZ,35.1624842,-111.6631324,35.1626775,-111.6629966,35.1623193,-111.663323,False,,False
coconino,Flagstaff Mall,4650 N US Hwy 89 Flagstaff AZ 86004,4650 N US Hwy 89,Flagstaff,AZ,86004,Locality wide location,false,true,"From: 2022-10-12, To: 2022-10-14, Times: 09:00:00 - 17:00:00; From: 2022-10-17, To: 2022-10-21, Times: 09:00:00 - 17:00:00; From: 2022-10-24, To: 2022-10-28, Times: 09:00:00 - 17:00:00; From: 2022-10-31, To: 2022-11-04, Times: 09:00:00 - 17:00:00",0423620,04005,"4650 US-89, Flagstaff, AZ 86004, USA",FLAGSTAFF,COCONINO,ARIZONA,AZ,35.2235415,-111.5818575,35.2254537,-111.5776486,35.2213689,-111.5849537,False,,False
coconino,High Country Humane Society Drop Box,11665 N US Hwy 89 Flagstaff AZ 86004,11665 N US Hwy 89,Flagstaff,AZ,86004,Locality wide location,true,false,"From: 2022-10-12, To: 2022-11-07, Times: 00:00:00 - 23:59:59; From: 2022-11-08, To: 2022-11-08, Times: 00:00:00 - 19:00:00",0423620,04005,"11665 US-89, Flagstaff, AZ 86004, USA",FLAGSTAFF,COCONINO,ARIZONA,AZ,35.3073237,-111.5418928,35.3074612,-111.5414784,35.3070464,-111.5420432,False,,False
coconino,Highlands Fire Department Drop Box,3350 Old Munds Hwy Flagstaff AZ 86005,3350 Old Munds Hwy,Flagstaff,AZ,86005,Locality wide location,true,false,"From: 2022-10-12, To: 2022-11-07, Times: 00:00:00 - 23:59:59; From: 2022-11-08, To: 2022-11-08, Times: 00:00:00 - 19:00:00",0423620,04005,"3350 Old Munds Hwy, Flagstaff, AZ 86001, USA",FLAGSTAFF,COCONINO,ARIZONA,AZ,35.0938149,-111.6791379,35.0938866,-111.6790083,35.0937121,-111.6792499,False,,False
coconino,NAU Bookstore Drop Box,1015 S San Francisco St Flagstaff AZ 86011,1015 S San Francisco St,Flagstaff,AZ,86011,Locality wide location,true,false,"From: 2022-10-12, To: 2022-11-07, Times: 00:00:00 - 23:59:59; From: 2022-11-08, To: 2022-11-08, Times: 00:00:00 - 19:00:00",0423620,04005,"1015 S San Francisco St, Flagstaff, AZ 86001, USA",FLAGSTAFF,COCONINO,ARIZONA,AZ,35.1884181,-111.6536937,,,,,False,,False
coconino,Navajo Nation Early Voting at Blue Canyon Grill,465 US Rte 89 Cameron AZ 86020,465 US Rte 89,Cameron,AZ,86020,Locality wide location,false,true,"From: 2022-10-18, To: 2022-10-18, Times: 09:00:00 - 14:00:00; From: 2022-11-01, To: 2022-11-01, Times: 09:00:00 - 14:00:00",,04005,"465 US-89, Cameron, AZ 86020, USA",CAMERON,COCONINO,ARIZONA,AZ,35.8748495,-111.413614,,,,,False,,False
coconino,Navajo Nation Early Voting at Blue Canyon Grill,465 US Rte 89 Cameron AZ 86020,465 US Rte 89,Cameron,AZ,86020,Locality wide location,true,false,"From: 2022-10-18, To: 2022-10-18, Times: 09:00:00 - 14:00:00; From: 2022-11-01, To: 2022-11-01, Times: 09:00:00 - 14:00:00",,04005,"465 US-89, Cameron, AZ 86020, USA",CAMERON,COCONINO,ARIZONA,AZ,35.8748495,-111.413614,,,,,False,,False
coconino,Navajo Nation Early Voting at Honahni Building,4Q7F+HJ Tuba City AZ 86045,4Q7F+HJ,Tuba City,AZ,86045,Locality wide location,false,true,"From: 2022-10-21, To: 2022-10-21, Times: 09:00:00 - 14:00:00; From: 2022-11-03, To: 2022-11-03, Times: 09:00:00 - 14:00:00",,04005,"4Q7F+HJ Moenkopi, AZ, USA",MOENKOPI,COCONINO,ARIZONA,AZ,36.1139375,-111.2259375,36.114,-111.225875,36.113875,-111.226,True,Unexpected address size change,False
coconino,Navajo Nation Early Voting at Honahni Building,4Q7F+HJ Tuba City AZ 86045,4Q7F+HJ,Tuba City,AZ,86045,Locality wide location,true,false,"From: 2022-10-21, To: 2022-10-21, Times: 09:00:00 - 14:00:00; From: 2022-11-03, To: 2022-11-03, Times: 09:00:00 - 14:00:00",,04005,"4Q7F+HJ Moenkopi, AZ, USA",MOENKOPI,COCONINO,ARIZONA,AZ,36.1139375,-111.2259375,36.114,-111.225875,36.113875,-111.226,True,Unexpected address size change,False
coconino,Navajo Nation Early Voting at Inscription House Market Place,5300 Bahajooba Way Tonalea AZ 86044,5300 Bahajooba Way,Tonalea,AZ,86044,Locality wide location,false,true,"From: 2022-10-19, To: 2022-10-19, Times: 09:00:00 - 14:00:00; From: 2022-11-02, To: 2022-11-02, Times: 09:00:00 - 14:00:00",,04005,"Tonalea, AZ 86044, USA",TONALEA,COCONINO,ARIZONA,AZ,36.3224923,-110.9634781,36.36184,-110.9358901,36.2899811,-110.994193,True,Unexpected address size change,False
coconino,Navajo Nation Early Voting at Inscription House Market Place,5300 Bahajooba Way Tonalea AZ 86044,5300 Bahajooba Way,Tonalea,AZ,86044,Locality wide location,true,false,"From: 2022-10-19, To: 2022-10-19, Times: 09:00:00 - 14:00:00; From: 2022-11-02, To: 2022-11-02, Times: 09:00:00 - 14:00:00",,04005,"Tonalea, AZ 86044, USA",TONALEA,COCONINO,ARIZONA,AZ,36.3224923,-110.9634781,36.36184,-110.9358901,36.2899811,-110.994193,True,Unexpected address size change,False
coconino,Navajo Nation Early Voting at Kaibeto Market Place,1 mile South Hwy 98 Kaibito AZ 86053,1 mile South Hwy 98,Kaibito,AZ,86053,Locality wide location,false,true,"From: 2022-10-13, To: 2022-10-13, Times: 09:00:00 - 14:00:00; From: 2022-10-25, To: 2022-10-25, Times: 09:00:00 - 14:00:00",,04005,"AZ-98, Kaibito, AZ, USA",KAIBITO,COCONINO,ARIZONA,AZ,36.5936981,-111.0972148,36.61334440000002,-111.0628447,36.57580099999998,-111.1472446,True,Unexpected address size change,False
coconino,Navajo Nation Early Voting at Kaibeto Market Place,1 mile South Hwy 98 Kaibito AZ 86053,1 mile South Hwy 98,Kaibito,AZ,86053,Locality wide location,true,false,"From: 2022-10-13, To: 2022-10-13, Times: 09:00:00 - 14:00:00; From: 2022-10-25, To: 2022-10-25, Times: 09:00:00 - 14:00:00",,04005,"AZ-98, Kaibito, AZ, USA",KAIBITO,COCONINO,ARIZONA,AZ,36.5936981,-111.0972148,36.61334440000002,-111.0628447,36.57580099999998,-111.1472446,True,Unexpected address size change,False
coconino,Navajo Nation Early Voting at LeChee Chapter House Complex,VH53+2R LeChee AZ 86040,VH53+2R,LeChee,AZ,86040,Locality wide location,false,true,"From: 2022-10-17, To: 2022-10-17, Times: 09:00:00 - 14:00:00",,04005,"VH53+2R LeChee, AZ, USA",LECHEE,COCONINO,ARIZONA,AZ,36.8575625,-111.4454375,36.857625,-111.445375,36.8575,-111.4455,False,,False
coconino,Navajo Nation Early Voting at LeChee Chapter House Complex,VH53+2R LeChee AZ 86040,VH53+2R,LeChee,AZ,86040,Locality wide location,true,false,"From: 2022-10-17, To: 2022-10-17, Times: 09:00:00 - 14:00:00",,04005,"VH53+2R LeChee, AZ, USA",LECHEE,COCONINO,ARIZONA,AZ,36.8575625,-111.4454375,36.857625,-111.445375,36.8575,-111.4455,False,,False
coconino,Navajo Nation Early Voting at Shell Gas Station,7XWV+3J Leupp AZ 86035,7XWV+3J,Leupp,AZ,86035,Locality wide location,false,true,"From: 2022-10-28, To: 2022-10-28, Times: 09:00:00 - 14:00:00",,04005,"7XWV+3J Leupp, AZ, USA",LEUPP,COCONINO,ARIZONA,AZ,35.2951875,-111.0059375,35.29525,-111.005875,35.295125,-111.006,False,,False
coconino,Navajo Nation Early Voting at Shell Gas Station,7XWV+3J Leupp AZ 86035,7XWV+3J,Leupp,AZ,86035,Locality wide location,true,false,"From: 2022-10-28, To: 2022-10-28, Times: 09:00:00 - 14:00:00",,04005,"7XWV+3J Leupp, AZ, USA",LEUPP,COCONINO,ARIZONA,AZ,35.2951875,-111.0059375,35.29525,-111.005875,35.295125,-111.006,False,,False
coconino,Navajo Nation Early Voting at The Gap Trading Post,497 US Rte 89 Cameron AZ 86020,497 US Rte 89,Cameron,AZ,86020,Locality wide location,false,true,"From: 2022-10-14, To: 2022-10-14, Times: 09:00:00 - 14:00:00; From: 2022-10-24, To: 2022-10-24, Times: 09:00:00 - 14:00:00",,04005,,,,,,,,,,,,True,"Missing county from Google [{'address_components': [{'long_name': 'U.S. Highway 89', 'short_name': 'US-89', 'types': ['route']}, {'long_name': 'United States', 'short_name': 'US', 'types': ['country', 'political']}], 'formatted_address': 'US-89, United States', 'geometry': {'bounds': {'northeast': {'lat': 49.0239105, 'lng': -110.4068394}, 'southwest': {'lat': 35.203498, 'lng': -113.5142854}}, 'location': {'lat': 41.9349702, 'lng': -111.5596769}, 'location_type': 'GEOMETRIC_CENTER', 'viewport': {'northeast': {'lat': 49.0239105, 'lng': -110.4068394}, 'southwest': {'lat': 35.203498, 'lng': -113.5142854}}}, 'partial_match': True, 'place_id': 'ChIJIRxURpBEVIcRrQ7LU7Nj0_k', 'types': ['route']}, {'address_components': [{'long_name': '465', 'short_name': '465', 'types': ['street_number']}, {'long_name': 'U.S. 89', 'short_name': 'US-89', 'types': ['route']}, {'long_name': 'Cameron', 'short_name': 'Cameron', 'types': ['locality', 'political']}, {'long_name': 'Coconino County', 'short_name': 'Coconino County', 'types': ['administrative_area_level_2', 'political']}, {'long_name': 'Arizona', 'short_name': 'AZ', 'types': ['administrative_area_level_1', 'political']}, {'long_name': 'United States', 'short_name': 'US', 'types': ['country', 'political']}, {'long_name': '86020', 'short_name': '86020', 'types': ['postal_code']}], 'formatted_address': '465 US-89, Cameron, AZ 86020, USA', 'geometry': {'location': {'lat': 35.8748495, 'lng': -111.413614}, 'location_type': 'ROOFTOP', 'viewport': {'northeast': {'lat': 35.8761977802915, 'lng': -111.4121812197085}, 'southwest': {'lat': 35.8734998197085, 'lng': -111.4148791802915}}}, 'partial_match': True, 'place_id': 'ChIJVylgkBo3MocRyQTLwOXOOOA', 'plus_code': {'compound_code': 'VHFP+WH Cameron, AZ', 'global_code': '857CVHFP+WH'}, 'types': ['establishment', 'finance', 'point_of_interest', 'post_office']}]",False
coconino,Navajo Nation Early Voting at The Gap Trading Post,497 US Rte 89 Cameron AZ 86020,497 US Rte 89,Cameron,AZ,86020,Locality wide location,true,false,"From: 2022-10-14, To: 2022-10-14, Times: 09:00:00 - 14:00:00; From: 2022-10-24, To: 2022-10-24, Times: 09:00:00 - 14:00:00",,04005,,,,,,,,,,,,True,"Missing county from Google [{'address_components': [{'long_name': 'U.S. Highway 89', 'short_name': 'US-89', 'types': ['route']}, {'long_name': 'United States', 'short_name': 'US', 'types': ['country', 'political']}], 'formatted_address': 'US-89, United States', 'geometry': {'bounds': {'northeast': {'lat': 49.0239105, 'lng': -110.4068394}, 'southwest': {'lat': 35.203498, 'lng': -113.5142854}}, 'location': {'lat': 41.9349702, 'lng': -111.5596769}, 'location_type': 'GEOMETRIC_CENTER', 'viewport': {'northeast': {'lat': 49.0239105, 'lng': -110.4068394}, 'southwest': {'lat': 35.203498, 'lng': -113.5142854}}}, 'partial_match': True, 'place_id': 'ChIJIRxURpBEVIcRrQ7LU7Nj0_k', 'types': ['route']}, {'address_components': [{'long_name': '465', 'short_name': '465', 'types': ['street_number']}, {'long_name': 'U.S. 89', 'short_name': 'US-89', 'types': ['route']}, {'long_name': 'Cameron', 'short_name': 'Cameron', 'types': ['locality', 'political']}, {'long_name': 'Coconino County', 'short_name': 'Coconino County', 'types': ['administrative_area_level_2', 'political']}, {'long_name': 'Arizona', 'short_name': 'AZ', 'types': ['administrative_area_level_1', 'political']}, {'long_name': 'United States', 'short_name': 'US', 'types': ['country', 'political']}, {'long_name': '86020', 'short_name': '86020', 'types': ['postal_code']}], 'formatted_address': '465 US-89, Cameron, AZ 86020, USA', 'geometry': {'location': {'lat': 35.8748495, 'lng': -111.413614}, 'location_type': 'ROOFTOP', 'viewport': {'northeast': {'lat': 35.8761977802915, 'lng': -111.4121812197085}, 'southwest': {'lat': 35.8734998197085, 'lng': -111.4148791802915}}}, 'partial_match': True, 'place_id': 'ChIJVylgkBo3MocRyQTLwOXOOOA', 'plus_code': {'compound_code': 'VHFP+WH Cameron, AZ', 'global_code': '857CVHFP+WH'}, 'types': ['establishment', 'finance', 'point_of_interest', 'post_office']}]",False
coconino,Navajo Nation Early Voting at Tolani Lake,C5M3+FH Winslow AZ 86047,C5M3+FH,Winslow,AZ,86047,Locality wide location,false,true,"From: 2022-10-31, To: 2022-10-31, Times: 09:00:00 - 15:00:00",0483930,04005,"Winslow, AZ 86047, USA",WINSLOW,NAVAJO,ARIZONA,AZ,35.0241873,-110.6973571,35.053337,-110.6535331,34.9804831,-110.7506921,True,Unexpected address size change,False
coconino,Navajo Nation Early Voting at Tolani Lake,C5M3+FH Winslow AZ 86047,C5M3+FH,Winslow,AZ,86047,Locality wide location,true,false,"From: 2022-10-31, To: 2022-10-31, Times: 09:00:00 - 15:00:00",0483930,04005,"Winslow, AZ 86047, USA",WINSLOW,NAVAJO,ARIZONA,AZ,35.0241873,-110.6973571,35.053337,-110.6535331,34.9804831,-110.7506921,True,Unexpected address size change,False
coconino,Navajo Nation Early Voting at Tonalea Express,US Rte 160 Tonalea AZ 86044,US Rte 160,Tonalea,AZ,86044,Locality wide location,false,true,"From: 2022-10-12, To: 2022-10-12, Times: 09:00:00 - 14:00:00; From: 2022-10-26, To: 2022-10-26, Times: 09:00:00 - 14:00:00",,04005,"US-160, Tonalea, AZ, USA",TONALEA,COCONINO,ARIZONA,AZ,36.3083512,-110.9648271,36.32299110000002,-110.9370535,36.29010599999997,-110.9922828,True,Invalid final address,False
coconino,Navajo Nation Early Voting at Tonalea Express,US Rte 160 Tonalea AZ 86044,US Rte 160,Tonalea,AZ,86044,Locality wide location,true,false,"From: 2022-10-12, To: 2022-10-12, Times: 09:00:00 - 14:00:00; From: 2022-10-26, To: 2022-10-26, Times: 09:00:00 - 14:00:00",,04005,"US-160, Tonalea, AZ, USA",TONALEA,COCONINO,ARIZONA,AZ,36.3083512,-110.9648271,36.32299110000002,-110.9370535,36.29010599999997,-110.9922828,True,Invalid final address,False
coconino,Navajo Nation Early Voting at Tuba City Office,78 Main St Tuba City AZ 86045,78 Main St,Tuba City,AZ,86045,Locality wide location,false,true,"From: 2022-10-20, To: 2022-10-20, Times: 09:00:00 - 14:00:00; From: 2022-10-27, To: 2022-10-27, Times: 09:00:00 - 14:00:00; From: 2022-11-04, To: 2022-11-04, Times: 09:00:00 - 14:00:00",,04005,"78 Main St, Tuba City, AZ 86045, USA",TUBA CITY,COCONINO,ARIZONA,AZ,36.1314091,-111.2394865,36.1315455,-111.2394368,36.1312902,-111.2395816,False,,False
coconino,Navajo Nation Early Voting at Tuba City Office,78 Main St Tuba City AZ 86045,78 Main St,Tuba City,AZ,86045,Locality wide location,true,false,"From: 2022-10-20, To: 2022-10-20, Times: 09:00:00 - 14:00:00; From: 2022-10-27, To: 2022-10-27, Times: 09:00:00 - 14:00:00; From: 2022-11-04, To: 2022-11-04, Times: 09:00:00 - 14:00:00",,04005,"78 Main St, Tuba City, AZ 86045, USA",TUBA CITY,COCONINO,ARIZONA,AZ,36.1314091,-111.2394865,36.1315455,-111.2394368,36.1312902,-111.2395816,False,,False
coconino,Page City Hall Drop Box,697 Vista Ave Page AZ 86040,697 Vista Ave,Page,AZ,86040,Locality wide location,true,false,"From: 2022-10-12, To: 2022-11-07, Times: 00:00:00 - 23:59:59; From: 2022-11-08, To: 2022-11-08, Times: 00:00:00 - 19:00:00",0451810,04005,"697 Vista Ave, Page, AZ 86040, USA",PAGE,COCONINO,ARIZONA,AZ,36.9191079,-111.4612649,36.9193658,-111.460923,36.9188117,-111.4617103,False,,False
coconino,Pinewood Fire Department Station Drop Box,475 Pinewood Blvd Munds Park AZ 86017,475 Pinewood Blvd,Munds Park,AZ,86017,Locality wide location,true,false,"From: 2022-10-12, To: 2022-11-07, Times: 00:00:00 - 23:59:59; From: 2022-11-08, To: 2022-11-08, Times: 00:00:00 - 19:00:00",,04005,"475 Pinewood Blvd, Munds Park, AZ 86017, USA",MUNDS PARK,COCONINO,ARIZONA,AZ,34.9400791,-111.640982,34.9402054,-111.640828,34.9399177,-111.6411517,False,,False
coconino,Ponderosa Fire Department Station 82 Drop Box,11951 Shadow Mountain Dr Bellemont AZ 86015,11951 Shadow Mountain Dr,Bellemont,AZ,86015,Locality wide location,true,false,"From: 2022-10-12, To: 2022-11-07, Times: 00:00:00 - 23:59:59; From: 2022-11-08, To: 2022-11-08, Times: 00:00:00 - 19:00:00",,04005,"11951 Shadow Mountain Dr, Flagstaff, AZ 86015, USA",FLAGSTAFF,COCONINO,ARIZONA,AZ,35.2373421,-111.8164753,35.2374999,-111.8162953,35.2371888,-111.8166652,False,,False
coconino,Sedona City Hall Drop Box,102 Roadrunner Dr Sedona AZ 86336,102 Roadrunner Dr,Sedona,AZ,86336,Locality wide location,true,false,"From: 2022-10-12, To: 2022-11-07, Times: 00:00:00 - 23:59:59; From: 2022-11-08, To: 2022-11-08, Times: 00:00:00 - 19:00:00",0465350,04005,"102 Roadrunner Dr, Sedona, AZ 86336, USA",SEDONA,YAVAPAI,ARIZONA,AZ,34.8627663,-111.8137477,34.8628826,-111.8135683,34.8626437,-111.8138381,False,,False
coconino,Tuba City Elections Office Drop Box,78 Main St Tuba City AZ 86045,78 Main St,Tuba City,AZ,86045,Locality wide location,true,false,"From: 2022-10-12, To: 2022-10-14, Times: 08:00:00 - 17:00:00; From: 2022-10-17, To: 2022-10-21, Times: 08:00:00 - 17:00:00; From: 2022-10-24, To: 2022-10-28, Times: 08:00:00 - 17:00:00; From: 2022-10-31, To: 2022-11-04, Times: 08:00:00 - 17:00:00; From: 2022-11-07, To: 2022-11-08, Times: 08:00:00 - 17:00:00",,04005,"78 Main St, Tuba City, AZ 86045, USA",TUBA CITY,COCONINO,ARIZONA,AZ,36.1314091,-111.2394865,36.1315455,-111.2394368,36.1312902,-111.2395816,False,,True
coconino,Williams City Hall Drop Box,113 S 1st St Williams AZ 86046,113 S 1st St,Williams,AZ,86046,Locality wide location,true,false,"From: 2022-10-12, To: 2022-11-07, Times: 00:00:00 - 23:59:59; From: 2022-11-08, To: 2022-11-08, Times: 00:00:00 - 19:00:00",0483160,04005,"113 S 1st St, Williams, AZ 86046, USA",WILLIAMS,COCONINO,ARIZONA,AZ,35.2502405,-112.1866604,35.2504766,-112.1864612,35.2500594,-112.1869151,False,,False
gila,Apache College School of Business,1 San Carlos Ave San Carlos AZ 85550,1 San Carlos Ave,San Carlos,AZ,85550,Locality wide location,false,true,"From: 2022-10-27, To: 2022-10-27, Times: 10:00:00 - 14:00:00",0463470,04007,"Building 3, 1 San Carlos Ave, San Carlos, AZ 85550, USA",SAN CARLOS,GILA,ARIZONA,AZ,33.3507153,-110.4521679,,,,,False,,False
gila,Canyon Day Assemby of God Church,4518 S 7th St Whiteriver AZ 85941,4518 S 7th St,Whiteriver,AZ,85941,Locality wide location,false,true,"From: 2022-10-25, To: 2022-10-25, Times: 10:00:00 - 14:00:00",,04007,"4518 S 7th St, Whiteriver, AZ 85941, USA",WHITERIVER,GILA,ARIZONA,AZ,33.7817074,-110.0255415,,,,,False,,False
gila,Canyon Day Assemby of God Church Drop Box,4518 S 7th St Whiteriver AZ 85941,4518 S 7th St,Whiteriver,AZ,85941,Locality wide location,true,false,"From: 2022-10-12, To: 2022-11-08, Times: 08:00:00 - 17:00:00",,04007,"4518 S 7th St, Whiteriver, AZ 85941, USA",WHITERIVER,GILA,ARIZONA,AZ,33.7817074,-110.0255415,,,,,False,,False
gila,Gila County Recorder's Offices,707 S Colcord Rd Payson AZ 85541,707 S Colcord Rd,Payson,AZ,85541,Locality wide location,false,true,"From: 2022-10-12, To: 2022-10-14, Times: 08:00:00 - 17:00:00; From: 2022-10-17, To: 2022-10-21, Times: 08:00:00 - 17:00:00; From: 2022-10-24, To: 2022-10-28, Times: 08:00:00 - 17:00:00; From: 2022-10-31, To: 2022-11-04, Times: 08:00:00 - 17:00:00",0453700,04007,"707 S Colcord Rd, Payson, AZ 85541, USA",PAYSON,GILA,ARIZONA,AZ,34.2317875,-111.3255437,,,,,False,,False
gila,Gila County Recorders Office,1400 E Ash St Globe AZ 85501,1400 E Ash St,Globe,AZ,85501,Locality wide location,false,true,"From: 2022-10-12, To: 2022-10-14, Times: 08:00:00 - 17:00:00; From: 2022-10-17, To: 2022-10-21, Times: 08:00:00 - 17:00:00; From: 2022-10-24, To: 2022-10-28, Times: 08:00:00 - 17:00:00; From: 2022-10-31, To: 2022-11-04, Times: 08:00:00 - 17:00:00",0428030,04007,"1400 E Ash St, Globe, AZ 85501, USA",GLOBE,GILA,ARIZONA,AZ,33.3954832,-110.7713813,33.3957184,-110.7710381,33.3953187,-110.7717493,False,,False
gila,Globe Recorder's Office Drop Box,1400 E Ash St Globe AZ 85501,1400 E Ash St,Globe,AZ,85501,Locality wide location,true,false,"From: 2022-10-12, To: 2022-11-07, Times: 00:00:00 - 23:59:59; From: 2022-11-08, To: 2022-11-08, Times: 00:00:00 - 19:00:00",0428030,04007,"1400 E Ash St, Globe, AZ 85501, USA",GLOBE,GILA,ARIZONA,AZ,33.3954832,-110.7713813,33.3957184,-110.7710381,33.3953187,-110.7717493,False,,False
gila,Hayden Town Hall Drop Box,520 Velasco Ave Hayden AZ 85135,520 Velasco Ave,Hayden,AZ,85135,Locality wide location,true,false,"From: 2022-10-12, To: 2022-11-07, Times: 00:00:00 - 23:59:59; From: 2022-11-08, To: 2022-11-08, Times: 00:00:00 - 19:00:00",0432020,04007,"520 Velasco Ave, Hayden, AZ 85135, USA",HAYDEN,GILA,ARIZONA,AZ,33.0029378,-110.7847568,,,,,False,,False
gila,Isabelle Hunt Memorial Library Drop Box,6124 N Randall Pl Pine AZ 85544,6124 N Randall Pl,Pine,AZ,85544,Locality wide location,true,false,"From: 2022-10-12, To: 2022-11-07, Times: 00:00:00 - 23:59:59; From: 2022-11-08, To: 2022-11-08, Times: 00:00:00 - 19:00:00",0455980,04007,"Isabelle Hunt Memorial Library, 6124 Randall Pl, Pine, AZ 85544, USA",PINE,GILA,ARIZONA,AZ,34.3882629,-111.4554659,34.3883099,-111.4553692,34.3882047,-111.4556649,False,,False
gila,Miami Police Station Drop Box,740 Sullivan St Miami AZ 85539,740 Sullivan St,Miami,AZ,85539,Locality wide location,true,false,"From: 2022-10-12, To: 2022-11-07, Times: 00:00:00 - 23:59:59; From: 2022-11-08, To: 2022-11-08, Times: 00:00:00 - 19:00:00",0446350,04007,"740 Sullivan St, Miami, AZ 85539, USA",MIAMI,GILA,ARIZONA,AZ,33.3975725,-110.8742447,33.3977391,-110.8740245,33.397488,-110.8743638,False,,False
gila,Mitchell Hoffman Administrative Building Drop Box,9G2X+Q4 San Carlos AZ 85550,9G2X+Q4,San Carlos,AZ,85550,Locality wide location,true,false,"From: 2022-10-12, To: 2022-11-07, Times: 00:00:00 - 23:59:59; From: 2022-11-08, To: 2022-11-08, Times: 00:00:00 - 19:00:00",0463470,04007,"9G2X+Q4 San Carlos, AZ, USA",SAN CARLOS,GILA,ARIZONA,AZ,33.3519375,-110.4521875,33.352,-110.452125,33.351875,-110.45225,True,Invalid final address,False
gila,Payson Recorder's Office Drop Box,707 S Colcord Rd Payson AZ 85541,707 S Colcord Rd,Payson,AZ,85541,Locality wide location,true,false,"From: 2022-10-12, To: 2022-11-07, Times: 00:00:00 - 23:59:59; From: 2022-11-08, To: 2022-11-08, Times: 00:00:00 - 19:00:00",0453700,04007,"707 S Colcord Rd, Payson, AZ 85541, USA",PAYSON,GILA,ARIZONA,AZ,34.2317875,-111.3255437,,,,,False,,False
gila,Roosevelt Fire Station Drop Box,75 E. Capel Roosevelt AZ 85545,75 E. Capel,Roosevelt,AZ,85545,Locality wide location,true,false,"From: 2022-10-12, To: 2022-11-07, Times: 00:00:00 - 23:59:59; From: 2022-11-08, To: 2022-11-08, Times: 00:00:00 - 19:00:00",,04007,"Roosevelt, AZ 85545, USA",ROOSEVELT,GILA,ARIZONA,AZ,33.6675484,-111.1342893,,,,,True,Unexpected address size change,False
gila,Star Valley Town Hall Drop Box,3675 AZ Hwy 260 Star Valley AZ 85541,3675 AZ Hwy 260,Star Valley,AZ,85541,Locality wide location,true,false,"From: 2022-10-12, To: 2022-11-07, Times: 00:00:00 - 23:59:59; From: 2022-11-08, To: 2022-11-08, Times: 00:00:00 - 19:00:00",0469480,04007,"3675 AZ-260, Star Valley, AZ 85541, USA",STAR VALLEY,GILA,ARIZONA,AZ,34.2530365,-111.2650568,34.2531268,-111.2649601,34.2529574,-111.2651152,False,,False
gila,Tonto Basin Fire Station Drop Box,46189 AZ Hwy 188 Tonto Basin AZ 85553,46189 AZ Hwy 188,Tonto Basin,AZ,85553,Locality wide location,true,false,"From: 2022-10-12, To: 2022-11-07, Times: 00:00:00 - 23:59:59; From: 2022-11-08, To: 2022-11-08, Times: 00:00:00 - 19:00:00",,04007,"46189 AZ-188, Tonto Basin, AZ 85553, USA",TONTO BASIN,GILA,ARIZONA,AZ,33.8593254,-111.3097,,,,,False,,False
gila,Young Public Library Drop Box,47661 AZ Hwy 288 Young AZ 85554,47661 AZ Hwy 288,Young,AZ,85554,Locality wide location,true,false,"From: 2022-10-12, To: 2022-11-07, Times: 00:00:00 - 23:59:59; From: 2022-11-08, To: 2022-11-08, Times: 00:00:00 - 19:00:00",0485400,04007,"47661 AZ-288, Young, AZ 85554, USA",YOUNG,GILA,ARIZONA,AZ,34.1010289,-110.9527359,34.1011003,-110.9526845,34.1009297,-110.9527946,False,,False
graham,Bonita Elementary School Drop Box,18008 S Fort Grant Rd Bonita AZ 85643,18008 S Fort Grant Rd,Bonita,AZ,85643,Locality wide location,true,false,"From: 2022-10-12, To: 2022-11-07, Times: 00:00:00 - 23:59:59; From: 2022-11-08, To: 2022-11-08, Times: 00:00:00 - 19:00:00",,04009,,,,,,,,,,,,True,"Missing city from Google [{'address_components': [{'long_name': 'South Fort Grant Road', 'short_name': 'S Ft Grant Rd', 'types': ['route']}, {'long_name': 'Graham County', 'short_name': 'Graham County', 'types': ['administrative_area_level_2', 'political']}, {'long_name': 'Arizona', 'short_name': 'AZ', 'types': ['administrative_area_level_1', 'political']}, {'long_name': 'United States', 'short_name': 'US', 'types': ['country', 'political']}, {'long_name': '85643', 'short_name': '85643', 'types': ['postal_code']}], 'formatted_address': 'S Ft Grant Rd, Arizona 85643, USA', 'geometry': {'bounds': {'northeast': {'lat': 32.6251397, 'lng': -109.9377769}, 'southwest': {'lat': 32.5832446, 'lng': -109.9615952}}, 'location': {'lat': 32.601936, 'lng': -109.9491179}, 'location_type': 'GEOMETRIC_CENTER', 'viewport': {'northeast': {'lat': 32.6251397, 'lng': -109.9377769}, 'southwest': {'lat': 32.5832446, 'lng': -109.9615952}}}, 'place_id': 'ChIJRY5DutzB14YR5Rb0GLWk0tI', 'types': ['route']}]",False
graham,Graham County General Services Bldg Drop Box,921 W Thatcher Blvd Safford AZ 85546,921 W Thatcher Blvd,Safford,AZ,85546,Locality wide location,true,false,"From: 2022-10-12, To: 2022-11-07, Times: 00:00:00 - 23:59:59; From: 2022-11-08, To: 2022-11-08, Times: 00:00:00 - 19:00:00",0462000,04009,"921 W Thatcher Blvd, Safford, AZ 85546, USA",SAFFORD,GRAHAM,ARIZONA,AZ,32.8346142,-109.7183377,,,,,False,,False
graham,Graham County Recorder's Office,921 W Thatcher Blvd Safford AZ 85546,921 W Thatcher Blvd,Safford,AZ,85546,Locality wide location,false,true,"From: 2022-10-12, To: 2022-10-14, Times: 07:00:00 - 18:00:00; From: 2022-10-17, To: 2022-10-21, Times: 07:00:00 - 18:00:00; From: 2022-10-24, To: 2022-10-28, Times: 07:00:00 - 18:00:00; From: 2022-10-31, To: 2022-11-03, Times: 07:00:00 - 18:00:00; From: 2022-11-04, To: 2022-11-04, Times: 08:00:00 - 17:00:00",0462000,04009,"921 W Thatcher Blvd, Safford, AZ 85546, USA",SAFFORD,GRAHAM,ARIZONA,AZ,32.8346142,-109.7183377,,,,,False,,False
graham,Meg's Place Drop Box,15560 W US Hwy 70 Fort Thomas AZ 85536,15560 W US Hwy 70,Fort Thomas,AZ,85536,Locality wide location,true,false,"From: 2022-10-12, To: 2022-11-07, Times: 00:00:00 - 23:59:59; From: 2022-11-08, To: 2022-11-08, Times: 00:00:00 - 19:00:00",,04009,"Fort Thomas, AZ, USA",FORT THOMAS,GRAHAM,ARIZONA,AZ,33.0371761,-109.9655518,33.049538,-109.932873,33.002063,-110.0042009,True,Unexpected address size change,False
graham,Peridot Administration Office Drop Box,Old Moon Base Rd Peridot AZ 85542,Old Moon Base Rd,Peridot,AZ,85542,Locality wide location,true,false,"From: 2022-10-12, To: 2022-10-14, Times: 08:00:00 - 16:30:00; From: 2022-10-17, To: 2022-10-21, Times: 08:00:00 - 16:30:00; From: 2022-10-24, To: 2022-10-28, Times: 08:00:00 - 16:30:00; From: 2022-10-31, To: 2022-11-04, Times: 08:00:00 - 16:30:00; From: 2022-11-07, To: 2022-11-08, Times: 08:00:00 - 16:30:00",,04009,"Moonbase Rd, Peridot, AZ 85542, USA",PERIDOT,GILA,ARIZONA,AZ,33.2968941,-110.4377365,33.30157090000003,-110.4356844,33.29308649999997,-110.4382787,True,Invalid final address,False
graham,Robert Olivar Sr. Learning Center Drop Box,297 E US Hwy 70 Bylas AZ 88530,297 E US Hwy 70,Bylas,AZ,88530,Locality wide location,true,false,"From: 2022-10-12, To: 2022-10-14, Times: 07:30:00 - 16:30:00; From: 2022-10-17, To: 2022-10-21, Times: 07:30:00 - 16:30:00; From: 2022-10-24, To: 2022-10-28, Times: 07:30:00 - 16:30:00; From: 2022-10-31, To: 2022-11-04, Times: 07:30:00 - 16:30:00; From: 2022-11-07, To: 2022-11-08, Times: 07:30:00 - 16:30:00",,04009,"297 E U.S. Hwy 70, Safford, AZ 85546, USA",SAFFORD,GRAHAM,ARIZONA,AZ,32.8340604,-109.704311,,,,,False,,False
greenlee,Greenlee County Recorder's Office,253 5th St Clifton AZ 85533,253 5th St,Clifton,AZ,85533,Locality wide location,false,true,"From: 2022-10-12, To: 2022-10-14, Times: 08:00:00 - 17:00:00; From: 2022-10-17, To: 2022-10-21, Times: 08:00:00 - 17:00:00; From: 2022-10-24, To: 2022-10-28, Times: 08:00:00 - 17:00:00; From: 2022-10-31, To: 2022-11-04, Times: 08:00:00 - 17:00:00",0414380,04011,"253 5th St, Clifton, AZ 85533, USA",CLIFTON,GREENLEE,ARIZONA,AZ,33.0463852,-109.2906338,33.0465642,-109.2903981,33.0462235,-109.2907989,False,,False
greenlee,Greenlee County Recorder's Office Drop Box,253 5th St Clifton AZ 85533,253 5th St,Clifton,AZ,85533,Locality wide location,true,false,"From: 2022-10-12, To: 2022-11-06, Times: 00:00:00 - 23:59:59; From: 2022-11-07, To: 2022-11-07, Times: 00:00:00 - 19:00:00",0414380,04011,"253 5th St, Clifton, AZ 85533, USA",CLIFTON,GREENLEE,ARIZONA,AZ,33.0463852,-109.2906338,33.0465642,-109.2903981,33.0462235,-109.2907989,False,,False
greenlee,Greenlee County South Annex Drop Box,1258 Fairgrounds Rd Duncan AZ 85534,1258 Fairgrounds Rd,Duncan,AZ,85534,Locality wide location,true,false,"From: 2022-10-12, To: 2022-11-06, Times: 00:00:00 - 23:59:59; From: 2022-11-07, To: 2022-11-07, Times: 00:00:00 - 19:00:00",0420750,04011,"1258 Fairgrounds Rd, Duncan, AZ 85534, USA",DUNCAN,GREENLEE,ARIZONA,AZ,32.7382912,-109.0991877,,,,,False,,False
la_paz,La Paz County Recorder's Office,1112 Joshua Ave Parker AZ 85344,1112 Joshua Ave,Parker,AZ,85344,Locality wide location,false,true,"From: 2022-10-12, To: 2022-10-13, Times: 07:00:00 - 18:00:00; From: 2022-10-17, To: 2022-10-20, Times: 07:00:00 - 18:00:00; From: 2022-10-24, To: 2022-10-27, Times: 07:00:00 - 18:00:00; From: 2022-10-28, To: 2022-10-28, Times: 08:00:00 - 17:00:00; From: 2022-10-31, To: 2022-11-03, Times: 07:00:00 - 18:00:00; From: 2022-11-04, To: 2022-11-04, Times: 08:00:00 - 17:00:00",0453070,,"1112 S Joshua Ave, Parker, AZ 85344, USA",PARKER,LA PAZ,ARIZONA,AZ,34.1486188,-114.2899655,34.148703,-114.289809,34.1485355,-114.2900865,False,,False
la_paz,La Paz County Recorder's Office Drop Box,1112 Joshua Ave Parker AZ 85344,1112 Joshua Ave,Parker,AZ,85344,Locality wide location,true,false,"From: 2022-10-12, To: 2022-10-13, Times: 07:00:00 - 18:00:00; From: 2022-10-17, To: 2022-10-20, Times: 07:00:00 - 18:00:00; From: 2022-10-24, To: 2022-10-27, Times: 07:00:00 - 18:00:00; From: 2022-10-28, To: 2022-10-28, Times: 08:00:00 - 17:00:00; From: 2022-10-31, To: 2022-11-03, Times: 07:00:00 - 18:00:00; From: 2022-11-04, To: 2022-11-04, Times: 08:00:00 - 17:00:00; From: 2022-11-07, To: 2022-11-07, Times: 07:00:00 - 18:00:00; From: 2022-11-08, To: 2022-11-08, Times: 07:00:00 - 19:00:00",0453070,,"1112 S Joshua Ave, Parker, AZ 85344, USA",PARKER,LA PAZ,ARIZONA,AZ,34.1486188,-114.2899655,34.148703,-114.289809,34.1485355,-114.2900865,False,,False
mohave,Kathryn Heidenreich Adult Center,1776 Airway Ave Kingman AZ 86409,1776 Airway Ave,Kingman,AZ,86409,Locality wide location,false,true,"From: 2022-10-12, To: 2022-10-14, Times: 10:00:00 - 16:00:00; From: 2022-10-17, To: 2022-10-21, Times: 10:00:00 - 16:00:00; From: 2022-10-24, To: 2022-10-28, Times: 10:00:00 - 16:00:00; From: 2022-10-31, To: 2022-11-04, Times: 10:00:00 - 16:00:00",0437620,04015,"1776 Airway Ave, Kingman, AZ 86409, USA",KINGMAN,MOHAVE,ARIZONA,AZ,35.2245955,-114.0319364,35.2246892,-114.0316561,35.2243957,-114.0323167,False,,False
mohave,Mohave County Library - Bullhead City,1170 Hancock Rd Bullhead City AZ 86442,1170 Hancock Rd,Bullhead City,AZ,86442,Locality wide location,false,true,"From: 2022-10-12, To: 2022-10-14, Times: 10:00:00 - 16:00:00; From: 2022-10-17, To: 2022-10-21, Times: 10:00:00 - 16:00:00; From: 2022-10-24, To: 2022-10-28, Times: 10:00:00 - 16:00:00; From: 2022-10-31, To: 2022-11-04, Times: 10:00:00 - 16:00:00",0408220,04015,"1170 Hancock Rd, Bullhead City, AZ 86442, USA",BULLHEAD CITY,MOHAVE,ARIZONA,AZ,35.1072233,-114.6061502,35.10774079999999,-114.6060027,35.10671440000001,-114.606295,False,,False
mohave,Mohave County Library - Lake Havasu,1770 McCulloch Blvd N Lake Havasu City AZ 86403,1770 McCulloch Blvd N,Lake Havasu City,AZ,86403,Locality wide location,false,true,"From: 2022-10-12, To: 2022-10-14, Times: 10:00:00 - 16:00:00; From: 2022-10-17, To: 2022-10-21, Times: 10:00:00 - 16:00:00; From: 2022-10-24, To: 2022-10-28, Times: 10:00:00 - 16:00:00; From: 2022-10-31, To: 2022-11-04, Times: 10:00:00 - 16:00:00",,04015,"1770 N, 1770 McCulloch Blvd N, Lake Havasu City, AZ 86403, USA",LAKE HAVASU CITY,MOHAVE,ARIZONA,AZ,34.4759542,-114.3392501,34.476352,-114.3389606,34.4756727,-114.3397281,False,,False
mohave,Mohave County Recorder Office,700 W Beale St Kingman AZ 86401,700 W Beale St,Kingman,AZ,86401,Locality wide location,false,true,"From: 2022-10-12, To: 2022-10-14, Times: 08:00:00 - 17:00:00; From: 2022-10-17, To: 2022-10-21, Times: 08:00:00 - 17:00:00; From: 2022-10-24, To: 2022-10-28, Times: 08:00:00 - 17:00:00; From: 2022-10-31, To: 2022-11-04, Times: 08:00:00 - 17:00:00",0437620,04015,"700 W Beale St, Kingman, AZ 86401, USA",KINGMAN,MOHAVE,ARIZONA,AZ,35.1884532,-114.0647484,,,,,False,,False
navajo,Chilchenbeto Chapter House,1.5 Miles S of NR 59 Kayenta AZ 86033,1.5 Miles S of NR 59,Kayenta,AZ,86033,Locality wide location,true,false,"From: 2022-10-12, To: 2022-11-05, Times: 00:00:00 - 23:59:59; From: 2022-11-08, To: 2022-11-08, Times: 00:00:00 - 19:00:00; From: 2022-11-06, To: 2022-11-06, Times: 00:00:00 - 23:59:59; From: 2022-11-07, To: 2022-11-07, Times: 00:00:00 - 23:59:59",,04017,"Kayenta, AZ 86033, USA",KAYENTA,NAVAJO,ARIZONA,AZ,36.72777689999999,-110.2545767,36.749271,-110.210411,36.682745,-110.308566,True,Unexpected address size change,False
navajo,Cibecue Community Center,6 W 3rd St Cibecue AZ 85911,6 W 3rd St,Cibecue,AZ,85911,Locality wide location,false,true,"From: 2022-10-20, To: 2022-10-20, Times: 10:00:00 - 15:00:00",,04017,"Cibecue, AZ 85911, USA",CIBECUE,NAVAJO,ARIZONA,AZ,34.0447693,-110.4853908,34.0716809,-110.460834,34.00203500000001,-110.5045621,True,Unexpected address size change,False
navajo,Cibecue Community Center,6 W 3rd St Cibecue AZ 85911,6 W 3rd St,Cibecue,AZ,85911,Locality wide location,true,false,"From: 2022-10-12, To: 2022-11-07, Times: 00:00:00 - 23:59:59; From: 2022-11-08, To: 2022-11-08, Times: 00:00:00 - 19:00:00",,04017,"Cibecue, AZ 85911, USA",CIBECUE,NAVAJO,ARIZONA,AZ,34.0447693,-110.4853908,34.0716809,-110.460834,34.00203500000001,-110.5045621,True,Unexpected address size change,False
navajo,Dilkon - Chapter House,9MPH+78 Dilkon AZ 86047,9MPH+78,Dilkon,AZ,86047,Locality wide location,false,true,"From: 2022-10-17, To: 2022-10-21, Times: 10:00:00 - 15:00:00; From: 2022-10-24, To: 2022-10-28, Times: 10:00:00 - 15:00:00",,04017,"9MPH+78 Dilkon, AZ, USA",DILKON,NAVAJO,ARIZONA,AZ,35.3856875,-110.3216875,35.38575,-110.321625,35.385625,-110.32175,False,,False
navajo,Greasewood Chapter House,MP 83 Navajo Rte 15 Greasewood AZ 86505,MP 83 Navajo Rte 15,Greasewood,AZ,86505,Locality wide location,true,false,"From: 2022-10-12, To: 2022-11-05, Times: 00:00:00 - 23:59:59; From: 2022-11-08, To: 2022-11-08, Times: 00:00:00 - 19:00:00; From: 2022-11-06, To: 2022-11-06, Times: 00:00:00 - 23:59:59; From: 2022-11-07, To: 2022-11-07, Times: 00:00:00 - 23:59:59",,04017,"Rte 15, Greasewood, AZ, USA",GREASEWOOD,NAVAJO,ARIZONA,AZ,35.519947,-109.8817136,35.52506290000002,-109.8668498,35.51630719999998,-109.8922839,True,Unexpected address size change,False
navajo,Heber County Complex,2188 Country Club Dr Heber AZ 85928,2188 Country Club Dr,Heber,AZ,85928,Locality wide location,false,true,"From: 2022-10-14, To: 2022-10-14, Times: 10:00:00 - 15:00:00",,04017,"2188 Country Club Dr, Overgaard, AZ 85933, USA",HEBER-OVERGAARD,NAVAJO,ARIZONA,AZ,34.3985849,-110.552055,,,,,False,,False
navajo,Heber Navajo County Complex,2188 W Country Club Dr Overgaard AZ 85928,2188 W Country Club Dr,Overgaard,AZ,85928,Locality wide location,true,false,"From: 2022-10-12, To: 2022-11-07, Times: 00:00:00 - 23:59:59; From: 2022-11-08, To: 2022-11-08, Times: 00:00:00 - 19:00:00",,04017,"2188 Country Club Dr, Overgaard, AZ 85933, USA",HEBER-OVERGAARD,NAVAJO,ARIZONA,AZ,34.3985849,-110.552055,,,,,False,,False
navajo,Holbrook County Complex,100 E Code Talkers Dr Holbrook AZ 86025,100 E Code Talkers Dr,Holbrook,AZ,86025,Locality wide location,true,false,"From: 2022-10-12, To: 2022-11-07, Times: 00:00:00 - 23:59:59; From: 2022-11-08, To: 2022-11-08, Times: 00:00:00 - 19:00:00",0433280,04017,"100 Code Talkers Dr, Holbrook, AZ 86025, USA",HOLBROOK,NAVAJO,ARIZONA,AZ,34.8724328,-110.1549688,,,,,False,,False
navajo,Holbrook Justice Court,121 W Buffalo St Holbrook AZ 86025,121 W Buffalo St,Holbrook,AZ,86025,Locality wide location,true,false,"From: 2022-10-12, To: 2022-11-07, Times: 00:00:00 - 23:59:59; From: 2022-11-08, To: 2022-11-08, Times: 00:00:00 - 19:00:00",0433280,04017,"121 W Buffalo St, Holbrook, AZ 86025, USA",HOLBROOK,NAVAJO,ARIZONA,AZ,34.9036819,-110.1593381,34.90385759999999,-110.1588976,34.9034091,-110.159549,False,,False
navajo,Hopi Election Office,V9HP+QV Kykotsmovi AZ 86039,V9HP+QV,Kykotsmovi,AZ,86039,Locality wide location,false,true,"From: 2022-10-12, To: 2022-10-12, Times: 10:00:00 - 15:00:00; From: 2022-10-19, To: 2022-10-19, Times: 10:00:00 - 15:00:00",,04017,"V9HP+QV Kykotsmovi Village, AZ, USA",KYKOTSMOVI VILLAGE,NAVAJO,ARIZONA,AZ,35.8794375,-110.6128125,35.8795,-110.61275,35.879375,-110.612875,False,,False
navajo,Hopi Elections Office,V9HP+QV Kykotsmovi AZ 86039,V9HP+QV,Kykotsmovi,AZ,86039,Locality wide location,true,false,"From: 2022-10-12, To: 2022-11-07, Times: 00:00:00 - 23:59:59; From: 2022-11-08, To: 2022-11-08, Times: 00:00:00 - 19:00:00",,04017,"V9HP+QV Kykotsmovi Village, AZ, USA",KYKOTSMOVI VILLAGE,NAVAJO,ARIZONA,AZ,35.8794375,-110.6128125,35.8795,-110.61275,35.879375,-110.612875,False,,False
navajo,Indian Wells Elementary School,9WXJ+W5 Indian Wells AZ 86031,9WXJ+W5,Indian Wells,AZ,86031,Locality wide location,true,false,"From: 2022-10-12, To: 2022-11-05, Times: 00:00:00 - 23:59:59; From: 2022-11-08, To: 2022-11-08, Times: 00:00:00 - 19:00:00; From: 2022-11-06, To: 2022-11-06, Times: 00:00:00 - 23:59:59; From: 2022-11-07, To: 2022-11-07, Times: 00:00:00 - 23:59:59",,04017,"9WXJ+W5 Indian Wells, AZ, USA",INDIAN WELLS,NAVAJO,ARIZONA,AZ,35.3998125,-110.0695625,35.399875,-110.0695,35.39975,-110.069625,False,,False
navajo,Jeddito Chapter House,Hwy 264 MP 408 Navajo Rte 9101 Jeddito AZ 86034,Hwy 264 MP 408 Navajo Rte 9101,Jeddito,AZ,86034,Locality wide location,true,false,"From: 2022-10-12, To: 2022-11-05, Times: 00:00:00 - 23:59:59; From: 2022-11-08, To: 2022-11-08, Times: 00:00:00 - 19:00:00; From: 2022-11-06, To: 2022-11-06, Times: 00:00:00 - 23:59:59; From: 2022-11-07, To: 2022-11-07, Times: 00:00:00 - 23:59:59",,04017,"AZ-264, Jeddito, AZ, USA",JEDDITO,NAVAJO,ARIZONA,AZ,35.7591102,-110.1435989,35.77357800000002,-110.1240418,35.74722859999998,-110.1615902,True,Unexpected address size change,False
navajo,Kayenta - Chapter House,PPFW+V3 Kayenta AZ 86033,PPFW+V3,Kayenta,AZ,86033,Locality wide location,false,true,"From: 2022-10-17, To: 2022-10-21, Times: 10:00:00 - 15:00:00; From: 2022-10-24, To: 2022-10-28, Times: 10:00:00 - 15:00:00",,04017,"PPFW+V3 Kayenta, AZ, USA",KAYENTA,NAVAJO,ARIZONA,AZ,36.7246875,-110.2548125,36.72475,-110.25475,36.724625,-110.254875,True,Invalid final address,False
navajo,Kayenta Township Office,100 N Hwy 163 Kayenta AZ 86033,100 N Hwy 163,Kayenta,AZ,86033,Locality wide location,true,false,"From: 2022-10-12, To: 2022-11-05, Times: 00:00:00 - 23:59:59; From: 2022-11-08, To: 2022-11-08, Times: 00:00:00 - 19:00:00; From: 2022-11-06, To: 2022-11-06, Times: 00:00:00 - 23:59:59; From: 2022-11-07, To: 2022-11-07, Times: 00:00:00 - 23:59:59",,04017,,,,,,,,,,,,True,"Unexpected state from google in ../data/democracy_works/2022/original/vip_PollingLocation_HC_04_2022-11-08.csv line 105: expected AZ, but got UT from address 100 Hwy 163, Oljato-Monument Valley, UT 84536, USA",False
navajo,Navajo County Recorders Office,100 Code Talkers Dr Holbrook AZ 86025,100 Code Talkers Dr,Holbrook,AZ,86025,Locality wide location,false,true,"From: 2022-10-12, To: 2022-10-14, Times: 08:00:00 - 17:00:00; From: 2022-10-17, To: 2022-10-21, Times: 08:00:00 - 17:00:00; From: 2022-10-24, To: 2022-10-28, Times: 08:00:00 - 17:00:00; From: 2022-10-31, To: 2022-11-04, Times: 08:00:00 - 17:00:00",0433280,04017,"100 Code Talkers Dr, Holbrook, AZ 86025, USA",HOLBROOK,NAVAJO,ARIZONA,AZ,34.8724328,-110.1549688,,,,,False,,False
navajo,Pinetop-Lakeside Town Hall,325 W White Mountain Blvd Lakeside AZ 85929,325 W White Mountain Blvd,Lakeside,AZ,85929,Locality wide location,true,false,"From: 2022-10-12, To: 2022-11-07, Times: 00:00:00 - 23:59:59; From: 2022-11-08, To: 2022-11-08, Times: 00:00:00 - 19:00:00",0455980,04017,"325 W White Mountain Blvd, Lakeside, AZ 85929, USA",PINETOP-LAKESIDE,NAVAJO,ARIZONA,AZ,34.1448888,-109.9585249,34.1451477,-109.9583116,34.1446933,-109.958719,False,,False
navajo,Pinon - Chapter House,8030 Business Loop Pinon AZ 86510,8030 Business Loop,Pinon,AZ,86510,Locality wide location,false,true,"From: 2022-10-17, To: 2022-10-21, Times: 10:00:00 - 15:00:00; From: 2022-10-24, To: 2022-10-28, Times: 10:00:00 - 15:00:00",,04017,"Pinon, AZ 86510, USA",PINON,NAVAJO,ARIZONA,AZ,36.1008342,-110.2259609,36.1339081,-110.196532,36.070882,-110.2473381,True,Unexpected address size change,False
navajo,Pinon Chapter House,8030 Business Loop Pinon AZ 86510,8030 Business Loop,Pinon,AZ,86510,Locality wide location,true,false,"From: 2022-10-12, To: 2022-11-05, Times: 00:00:00 - 23:59:59; From: 2022-11-08, To: 2022-11-08, Times: 00:00:00 - 19:00:00; From: 2022-11-06, To: 2022-11-06, Times: 00:00:00 - 23:59:59; From: 2022-11-07, To: 2022-11-07, Times: 00:00:00 - 23:59:59",,04017,"Pinon, AZ 86510, USA",PINON,NAVAJO,ARIZONA,AZ,36.1008342,-110.2259609,36.1339081,-110.196532,36.070882,-110.2473381,True,Unexpected address size change,False
navajo,Polacca Circle M Store,"MP 394, AZ-264 Polacca AZ 86042","MP 394, AZ-264",Polacca,AZ,86042,Locality wide location,false,true,"From: 2022-10-12, To: 2022-10-12, Times: 10:00:00 - 15:00:00; From: 2022-10-19, To: 2022-10-19, Times: 10:00:00 - 15:00:00",,04017,,,,,,,,,,,,True,"Missing city from Google [{'address_components': [{'long_name': '394', 'short_name': '394', 'types': ['street_number']}, {'long_name': 'Arizona 264', 'short_name': 'AZ-264', 'types': ['route']}, {'long_name': 'Polacca', 'short_name': 'Polacca', 'types': ['neighborhood', 'political']}, {'long_name': 'Navajo County', 'short_name': 'Navajo County', 'types': ['administrative_area_level_2', 'political']}, {'long_name': 'Arizona', 'short_name': 'AZ', 'types': ['administrative_area_level_1', 'political']}, {'long_name': 'United States', 'short_name': 'US', 'types': ['country', 'political']}, {'long_name': '86042', 'short_name': '86042', 'types': ['postal_code']}], 'formatted_address': '394 AZ-264, Polacca, AZ 86042, USA', 'geometry': {'bounds': {'northeast': {'lat': 35.8409735, 'lng': -110.3720527}, 'southwest': {'lat': 35.8408047, 'lng': -110.37229}}, 'location': {'lat': 35.8408689, 'lng': -110.3721902}, 'location_type': 'ROOFTOP', 'viewport': {'northeast': {'lat': 35.8421219802915, 'lng': -110.3707525197085}, 'southwest': {'lat': 35.8394240197085, 'lng': -110.3734504802915}}}, 'partial_match': True, 'place_id': 'ChIJ084ahPPKMYcRNZFl8owmzV4', 'types': ['premise']}]",False
navajo,Shonto Chapter House,H9V4+97 Shonto AZ 86054,H9V4+97,Shonto,AZ,86054,Locality wide location,false,true,"From: 2022-10-18, To: 2022-10-18, Times: 10:00:00 - 15:00:00; From: 2022-10-26, To: 2022-10-26, Times: 10:00:00 - 15:00:00",,04017,"H9V4+97 Shonto, AZ, USA",SHONTO,NAVAJO,ARIZONA,AZ,36.5934375,-110.6443125,36.5935,-110.64425,36.593375,-110.644375,False,,False
navajo,Shonto Chapter House,H9V4+97 Shonto AZ 86054,H9V4+97,Shonto,AZ,86054,Locality wide location,true,false,"From: 2022-10-12, To: 2022-11-05, Times: 00:00:00 - 23:59:59; From: 2022-11-08, To: 2022-11-08, Times: 00:00:00 - 19:00:00; From: 2022-11-06, To: 2022-11-06, Times: 00:00:00 - 23:59:59; From: 2022-11-07, To: 2022-11-07, Times: 00:00:00 - 23:59:59",,04017,"H9V4+97 Shonto, AZ, USA",SHONTO,NAVAJO,ARIZONA,AZ,36.5934375,-110.6443125,36.5935,-110.64425,36.593375,-110.644375,False,,False
navajo,Show Low - City Hall,180 N 9th St Show Low AZ 85901,180 N 9th St,Show Low,AZ,85901,Locality wide location,false,true,"From: 2022-10-17, To: 2022-10-21, Times: 10:00:00 - 15:00:00; From: 2022-10-24, To: 2022-10-28, Times: 10:00:00 - 15:00:00",0466470,04017,"Show low city hall, 180 N 9th St, Show Low, AZ 85901, USA",SHOW LOW,NAVAJO,ARIZONA,AZ,34.2512944,-110.0326367,34.2514585,-110.0323058,34.2511321,-110.032913,False,,False
navajo,Show Low Health Dept,550 N 9th Pl Show Low AZ 85901,550 N 9th Pl,Show Low,AZ,85901,Locality wide location,true,false,"From: 2022-10-12, To: 2022-11-07, Times: 00:00:00 - 23:59:59; From: 2022-11-08, To: 2022-11-08, Times: 00:00:00 - 19:00:00",0466470,04017,"550 N 9th Pl, Show Low, AZ 85901, USA",SHOW LOW,NAVAJO,ARIZONA,AZ,34.254602,-110.032598,34.254896,-110.0324976,34.2544103,-110.0326986,False,,False
navajo,Snowflake - Social Hall,78 W Center St Snowflake AZ 85937,78 W Center St,Snowflake,AZ,85937,Locality wide location,false,true,"From: 2022-10-17, To: 2022-10-21, Times: 10:00:00 - 15:00:00; From: 2022-10-24, To: 2022-10-28, Times: 10:00:00 - 15:00:00",0467800,04017,"78 W Center St, Snowflake, AZ 85937, USA",SNOWFLAKE,NAVAJO,ARIZONA,AZ,34.5094884,-110.0802809,34.5096743,-110.0801016,34.5094013,-110.0804651,False,,False
navajo,Snowflake Justice Court,145 Main St Snowflake AZ 85937,145 Main St,Snowflake,AZ,85937,Locality wide location,true,false,"From: 2022-10-12, To: 2022-11-07, Times: 00:00:00 - 23:59:59; From: 2022-11-08, To: 2022-11-08, Times: 00:00:00 - 19:00:00",0467800,04017,"145 Main St, Snowflake, AZ 85937, USA",SNOWFLAKE,NAVAJO,ARIZONA,AZ,34.5073535,-110.0785875,,,,,False,,False
navajo,White Mtn Apache Tribal Offices,201 E Walnut St Whiteriver AZ 85941,201 E Walnut St,Whiteriver,AZ,85941,Locality wide location,true,false,"From: 2022-10-12, To: 2022-11-07, Times: 00:00:00 - 23:59:59; From: 2022-11-08, To: 2022-11-08, Times: 00:00:00 - 19:00:00",,04017,"201 E Walnut St, Whiteriver, AZ 85941, USA",WHITERIVER,NAVAJO,ARIZONA,AZ,33.8368091,-109.9622931,33.8371949,-109.9618966,33.8366124,-109.9627469,False,,False
navajo,Whiteriver Flea Market,1109 S Chief Ave Whiteriver AZ 85941,1109 S Chief Ave,Whiteriver,AZ,85941,Locality wide location,false,true,"From: 2022-10-21, To: 2022-10-21, Times: 10:00:00 - 15:00:00; From: 2022-10-27, To: 2022-10-27, Times: 10:00:00 - 15:00:00",,04017,"1109 S Chief Ave, Whiteriver, AZ 85941, USA",WHITERIVER,NAVAJO,ARIZONA,AZ,33.8227996,-109.9810028,,,,,False,,False
navajo,Winslow Chambers of Commerce,523 W 2nd St Winslow AZ 86047,523 W 2nd St,Winslow,AZ,86047,Locality wide location,false,true,"From: 2022-10-13, To: 2022-10-13, Times: 10:00:00 - 15:00:00; From: 2022-10-25, To: 2022-10-25, Times: 10:00:00 - 15:00:00",0483930,04017,"523 W 2nd St, Winslow, AZ 86047, USA",WINSLOW,NAVAJO,ARIZONA,AZ,35.0250826,-110.7032602,35.02525,-110.7030973,35.02494170000001,-110.7033985,False,,False
navajo,Winslow Justice Court,619 E 3rd St Winslow AZ 86047,619 E 3rd St,Winslow,AZ,86047,Locality wide location,true,false,"From: 2022-10-12, To: 2022-11-07, Times: 00:00:00 - 23:59:59; From: 2022-11-08, To: 2022-11-08, Times: 00:00:00 - 19:00:00",0483930,04017,"619 E 3rd St, Winslow, AZ 86047, USA",WINSLOW,NAVAJO,ARIZONA,AZ,35.0215878,-110.6919229,,,,,False,,False
"pima, pinal",Florence Recorder’s Main Office,31 N Pinal St. Florence AZ 85132,31 N Pinal St.,Florence,AZ,85132,Locality wide location,false,true,"From: 2022-10-17, To: 2022-10-21, Times: 08:00:00 - 17:00:00; From: 2022-10-31, To: 2022-11-04, Times: 08:00:00 - 17:00:00; From: 2022-10-12, To: 2022-10-14, Times: 08:00:00 - 17:00:00; From: 2022-10-24, To: 2022-10-28, Times: 08:00:00 - 17:00:00",0423760,04019,"31 N Pinal St, Florence, AZ 85132, USA",FLORENCE,PINAL,ARIZONA,AZ,33.0321689,-111.3842711,33.0323953,-111.3840393,33.0320332,-111.3848223,False,,False
"pima, pinal",Pinal County Recorder's Office - Apache Junction,575 N Idaho Rd Apache Junction AZ 85119,575 N Idaho Rd,Apache Junction,AZ,85119,Locality wide location,false,true,"From: 2022-10-17, To: 2022-10-21, Times: 08:00:00 - 16:30:00; From: 2022-10-31, To: 2022-11-04, Times: 08:00:00 - 16:30:00; From: 2022-10-12, To: 2022-10-14, Times: 08:00:00 - 16:30:00; From: 2022-10-24, To: 2022-10-28, Times: 08:00:00 - 16:30:00",0402830,04019,"575 N Idaho Rd, Apache Junction, AZ 85119, USA",APACHE JUNCTION,PINAL,ARIZONA,AZ,33.4209995,-111.5445364,,,,,False,,False
"pima, pinal",Pinal County Recorder's Office - Casa Grande,820 E Cottonwood Ln Casa Grande AZ 85122,820 E Cottonwood Ln,Casa Grande,AZ,85122,Locality wide location,false,true,"From: 2022-10-17, To: 2022-10-21, Times: 08:00:00 - 16:30:00; From: 2022-10-31, To: 2022-11-04, Times: 08:00:00 - 16:30:00; From: 2022-10-12, To: 2022-10-14, Times: 08:00:00 - 16:30:00; From: 2022-10-24, To: 2022-10-28, Times: 08:00:00 - 16:30:00",0410530,04019,"820 E Cottonwood Ln, Casa Grande, AZ 85122, USA",CASA GRANDE,PINAL,ARIZONA,AZ,32.8949835,-111.742788,32.8952393,-111.7427204,32.894743,-111.7430689,False,,False
pinal,Arizona City Sheriff Substation,13970 S Sunland Gin Rd Arizona City AZ 85123,13970 S Sunland Gin Rd,Arizona City,AZ,85123,Locality wide location,true,false,"From: 2022-10-12, To: 2022-11-07, Times: 00:00:00 - 23:59:59; From: 2022-11-08, To: 2022-11-08, Times: 00:00:00 - 19:00:00",,04021,"13970 Sunland Gin Rd, Arizona City, AZ 85123, USA",ARIZONA CITY,PINAL,ARIZONA,AZ,32.7537832,-111.6717086,32.7538673,-111.6715314,32.7537176,-111.6718226,False,,False
pinal,Oracle Justice Court,1470 N Justice Dr. Oracle AZ 85623,1470 N Justice Dr.,Oracle,AZ,85623,Locality wide location,true,false,"From: 2022-10-12, To: 2022-11-07, Times: 00:00:00 - 23:59:59; From: 2022-11-08, To: 2022-11-08, Times: 00:00:00 - 19:00:00",,04021,"1470 N Justice Dr, Oracle, AZ 85623, USA",ORACLE,PINAL,ARIZONA,AZ,32.6139827,-110.7642307,,,,,False,,False
pinal,Pinal County Elections Dept,168 S Main St Coolidge AZ 85128,168 S Main St,Coolidge,AZ,85128,Locality wide location,true,false,"From: 2022-10-12, To: 2022-10-14, Times: 08:00:00 - 17:00:00; From: 2022-10-17, To: 2022-10-21, Times: 08:00:00 - 17:00:00; From: 2022-10-24, To: 2022-10-28, Times: 08:00:00 - 17:00:00; From: 2022-10-31, To: 2022-11-04, Times: 08:00:00 - 17:00:00; From: 2022-11-07, To: 2022-11-08, Times: 08:00:00 - 17:00:00",0415500,04021,"168 S Main St, Coolidge, AZ 85128, USA",COOLIDGE,PINAL,ARIZONA,AZ,32.9770806,-111.5181608,32.9771279,-111.5180499,32.977021,-111.5182957,False,,False
pinal,Pinal County Public Health Dept - Eloy,302 E 5th St Eloy AZ 85131,302 E 5th St,Eloy,AZ,85131,Locality wide location,true,false,"From: 2022-10-12, To: 2022-11-07, Times: 00:00:00 - 23:59:59; From: 2022-11-08, To: 2022-11-08, Times: 00:00:00 - 19:00:00",0422360,04021,"302 E 5th St, Eloy, AZ 85131, USA",ELOY,PINAL,ARIZONA,AZ,32.7541367,-111.5499509,32.7542339,-111.5498771,32.75408100000001,-111.5502803,False,,False
pinal,Pinal County Public Health Dept - San Tan Valley,36235 N Gantzel Rd San Tan Valley AZ 85140,36235 N Gantzel Rd,San Tan Valley,AZ,85140,Locality wide location,true,false,"From: 2022-10-12, To: 2022-11-07, Times: 00:00:00 - 23:59:59; From: 2022-11-08, To: 2022-11-08, Times: 00:00:00 - 19:00:00",0463470,04021,"36235 N Gantzel Rd, San Tan Valley, AZ 85140, USA",SAN TAN VALLEY,PINAL,ARIZONA,AZ,33.2082673,-111.5645767,33.2083606,-111.5642469,33.2081605,-111.5649131,False,,False
pinal,Pinal County Recorder's Office - Maricopa,19955 N Wilson Ave Maricopa AZ 85139,19955 N Wilson Ave,Maricopa,AZ,85139,Locality wide location,false,true,"From: 2022-10-12, To: 2022-10-14, Times: 08:00:00 - 16:30:00; From: 2022-10-17, To: 2022-10-21, Times: 08:00:00 - 16:30:00; From: 2022-10-24, To: 2022-10-28, Times: 08:00:00 - 16:30:00; From: 2022-10-31, To: 2022-11-04, Times: 08:00:00 - 16:30:00",0444410,04021,"19955 N Wilson Ave, Maricopa, AZ 85139, USA",MARICOPA,PINAL,ARIZONA,AZ,33.061128,-112.0521449,,,,,False,,False
pinal,Pinal County Recorder's Office - San Tan Valley,31505 N Schnepf Rd San Tan Valley AZ 85143,31505 N Schnepf Rd,San Tan Valley,AZ,85143,Locality wide location,false,true,"From: 2022-10-12, To: 2022-10-14, Times: 08:00:00 - 16:30:00; From: 2022-10-17, To: 2022-10-21, Times: 08:00:00 - 16:30:00; From: 2022-10-24, To: 2022-10-28, Times: 08:00:00 - 16:30:00; From: 2022-10-31, To: 2022-11-04, Times: 08:00:00 - 16:30:00",0463470,04021,"31505 N Schnepf Rd, San Tan Valley, AZ 85140, USA",SAN TAN VALLEY,PINAL,ARIZONA,AZ,33.1647266,-111.5179186,,,,,False,,False
santa_cruz,Nogales City Hall,777 N. Grand Ave Nogales AZ 85621,777 N. Grand Ave,Nogales,AZ,85621,Locality wide location,true,false,"From: 2022-10-12, To: 2022-11-07, Times: 00:00:00 - 23:59:59; From: 2022-11-08, To: 2022-11-08, Times: 00:00:00 - 19:00:00",0449640,,"777 N Grand Ave, Nogales, AZ 85621, USA",NOGALES,SANTA CRUZ,ARIZONA,AZ,31.345433,-110.9314304,31.3456508,-110.9313016,31.3452983,-110.9315857,False,,False
santa_cruz,Nogales Public Library,518 N Grand Ave Nogales AZ 85621,518 N Grand Ave,Nogales,AZ,85621,Locality wide location,true,false,"From: 2022-10-12, To: 2022-11-07, Times: 00:00:00 - 23:59:59; From: 2022-11-08, To: 2022-11-08, Times: 00:00:00 - 19:00:00",0449640,,"518 N Grand Ave, Nogales, AZ 85621, USA",NOGALES,SANTA CRUZ,ARIZONA,AZ,31.3407634,-110.9358079,31.3409087,-110.9355017,31.3405556,-110.9361105,False,,False
santa_cruz,Patagonia Town Hall,310 McKeown Ave Patagonia AZ 85624,310 McKeown Ave,Patagonia,AZ,85624,Locality wide location,false,true,"From: 2022-10-29, To: 2022-10-29, Times: 09:00:00 - 12:00:00",0453490,,"310 McKeown Ave, Patagonia, AZ 85624, USA",PATAGONIA,SANTA CRUZ,ARIZONA,AZ,31.5405908,-110.7532851,,,,,False,,False
santa_cruz,Patagonia Town Hall,310 McKeown Ave Patagonia AZ 85624,310 McKeown Ave,Patagonia,AZ,85624,Locality wide location,true,false,"From: 2022-10-12, To: 2022-11-07, Times: 00:00:00 - 23:59:59; From: 2022-11-08, To: 2022-11-08, Times: 00:00:00 - 19:00:00",0453490,,"310 McKeown Ave, Patagonia, AZ 85624, USA",PATAGONIA,SANTA CRUZ,ARIZONA,AZ,31.5405908,-110.7532851,,,,,False,,False
santa_cruz,Rio Rico Public Library,275 Rio Rico Dr Rio Rico AZ 85648,275 Rio Rico Dr,Rio Rico,AZ,85648,Locality wide location,true,false,"From: 2022-10-12, To: 2022-11-07, Times: 00:00:00 - 23:59:59; From: 2022-11-08, To: 2022-11-08, Times: 00:00:00 - 19:00:00",0471300,,"275 Rio Rico Dr, Rio Rico, AZ 85648, USA",RIO RICO,SANTA CRUZ,ARIZONA,AZ,31.4661146,-110.9911186,31.4662173,-110.9909554,31.4658474,-110.9912648,False,,False
santa_cruz,Santa Cruz County Complex,2150 N. Congress Dr. Nogales AZ 85621,2150 N. Congress Dr.,Nogales,AZ,85621,Locality wide location,false,true,"From: 2022-10-12, To: 2022-10-14, Times: 08:00:00 - 17:00:00; From: 2022-10-15, To: 2022-10-15, Times: 09:00:00 - 12:00:00; From: 2022-10-17, To: 2022-10-21, Times: 08:00:00 - 17:00:00; From: 2022-10-24, To: 2022-10-28, Times: 08:00:00 - 17:00:00; From: 2022-10-31, To: 2022-11-04, Times: 08:00:00 - 17:00:00",0449640,,"2150 N Congress Dr, Nogales, AZ 85621, USA",NOGALES,SANTA CRUZ,ARIZONA,AZ,31.3723399,-110.9395758,31.3725205,-110.9391334,31.3717756,-110.9399927,False,,False
santa_cruz,Santa Cruz County Complex,2150 N. Congress Dr. Nogales AZ 85621,2150 N. Congress Dr.,Nogales,AZ,85621,Locality wide location,true,false,"From: 2022-10-12, To: 2022-11-07, Times: 00:00:00 - 23:59:59; From: 2022-11-08, To: 2022-11-08, Times: 00:00:00 - 19:00:00",0449640,,"2150 N Congress Dr, Nogales, AZ 85621, USA",NOGALES,SANTA CRUZ,ARIZONA,AZ,31.3723399,-110.9395758,31.3725205,-110.9391334,31.3717756,-110.9399927,False,,False
santa_cruz,Santa Cruz County Public Works Department,275 Rio Rico Dr. Rio Rico AZ 85648,275 Rio Rico Dr.,Rio Rico,AZ,85648,Locality wide location,false,true,"From: 2022-10-22, To: 2022-10-22, Times: 14:00:00 - 17:00:00",0471300,,"275 Rio Rico Dr, Rio Rico, AZ 85648, USA",RIO RICO,SANTA CRUZ,ARIZONA,AZ,31.4661146,-110.9911186,31.4662173,-110.9909554,31.4658474,-110.9912648,False,,False
santa_cruz,Sonoita Public Library,3147 Hwy-83 Sonoita AZ 85637,3147 Hwy-83,Sonoita,AZ,85637,Locality wide location,false,true,"From: 2022-10-29, To: 2022-10-29, Times: 14:00:00 - 17:00:00",,,"3147 AZ-83, Sonoita, AZ 85637, USA",SONOITA,SANTA CRUZ,ARIZONA,AZ,31.6768717,-110.6553961,31.6770667,-110.655326,31.6766203,-110.6555981,False,,False
santa_cruz,Sonoita Public Library,3147 Hwy-83 Sonoita AZ 85637,3147 Hwy-83,Sonoita,AZ,85637,Locality wide location,true,false,"From: 2022-10-12, To: 2022-11-07, Times: 00:00:00 - 23:59:59; From: 2022-11-08, To: 2022-11-08, Times: 00:00:00 - 19:00:00",,,"3147 AZ-83, Sonoita, AZ 85637, USA",SONOITA,SANTA CRUZ,ARIZONA,AZ,31.6768717,-110.6553961,31.6770667,-110.655326,31.6766203,-110.6555981,False,,False
santa_cruz,Tubac Community Center,50 Bridge Rd Tubac AZ 85646,50 Bridge Rd,Tubac,AZ,85646,Locality wide location,false,true,"From: 2022-10-22, To: 2022-10-22, Times: 09:00:00 - 12:00:00",,,"50 Bridge Rd, Tubac, AZ 85646, USA",TUBAC,SANTA CRUZ,ARIZONA,AZ,31.6175488,-111.0436655,31.6177805,-111.0435359,31.6172483,-111.0437366,False,,False
santa_cruz,Tubac Community Center,50 Bridge Rd Tubac AZ 85646,50 Bridge Rd,Tubac,AZ,85646,Locality wide location,true,false,"From: 2022-10-12, To: 2022-11-07, Times: 00:00:00 - 23:59:59; From: 2022-11-08, To: 2022-11-08, Times: 00:00:00 - 19:00:00",,,"50 Bridge Rd, Tubac, AZ 85646, USA",TUBAC,SANTA CRUZ,ARIZONA,AZ,31.6175488,-111.0436655,31.6177805,-111.0435359,31.6172483,-111.0437366,False,,False
yavapai,Bagdad Justice Court,100 Main St Bagdad AZ 86321,100 Main St,Bagdad,AZ,86321,Locality wide location,true,false,"From: 2022-10-12, To: 2022-11-07, Times: 00:00:00 - 23:59:59; From: 2022-11-08, To: 2022-11-08, Times: 00:00:00 - 19:00:00",,04025,"100 Main St, Bagdad, AZ 86321, USA",BAGDAD,YAVAPAI,ARIZONA,AZ,34.57005,-113.1767966,34.5701061,-113.1766811,34.5699772,-113.1769505,False,,False
yavapai,Black Canyon City Library,34701 S Old Black Canyon Hwy Black Canyon City AZ 85324,34701 S Old Black Canyon Hwy,Black Canyon City,AZ,85324,Locality wide location,true,false,"From: 2022-10-12, To: 2022-11-07, Times: 00:00:00 - 23:59:59; From: 2022-11-08, To: 2022-11-08, Times: 00:00:00 - 19:00:00",,04025,"34701 Old Black Canyon Hwy, Black Canyon City, AZ 85324, USA",BLACK CANYON CITY,YAVAPAI,ARIZONA,AZ,34.0631027,-112.1467241,34.0632248,-112.1465753,34.0630067,-112.1468919,False,,False
yavapai,Camp Verde Town Hall,473 S Main St Camp Verde AZ 86322,473 S Main St,Camp Verde,AZ,86322,Locality wide location,true,false,"From: 2022-10-12, To: 2022-11-07, Times: 00:00:00 - 23:59:59; From: 2022-11-08, To: 2022-11-08, Times: 00:00:00 - 19:00:00",0409690,04025,"473 S Main St, Camp Verde, AZ 86322, USA",CAMP VERDE,YAVAPAI,ARIZONA,AZ,34.562791,-111.8534584,34.5630043,-111.8529905,34.5626896,-111.8536681,False,,False
yavapai,Chino Valley Town Hall,202 N State Rte 89 Chino Valley AZ 86323,202 N State Rte 89,Chino Valley,AZ,86323,Locality wide location,true,false,"From: 2022-10-12, To: 2022-11-07, Times: 00:00:00 - 23:59:59; From: 2022-11-08, To: 2022-11-08, Times: 00:00:00 - 19:00:00",0412840,04025,"Chino Valley, AZ 86323, USA",CHINO VALLEY,YAVAPAI,ARIZONA,AZ,34.7560002,-112.4053046,34.911161,-112.1731749,34.669068,-112.5399571,True,Unexpected address size change,False
yavapai,Clarkdale Town Hall,39 N 9th St Clarkdale AZ 86324,39 N 9th St,Clarkdale,AZ,86324,Locality wide location,true,false,"From: 2022-10-12, To: 2022-11-07, Times: 00:00:00 - 23:59:59; From: 2022-11-08, To: 2022-11-08, Times: 00:00:00 - 19:00:00",0413890,04025,"39 N 9th St, Clarkdale, AZ 86324, USA",CLARKDALE,YAVAPAI,ARIZONA,AZ,34.7725083,-112.0568962,,,,,False,,False
yavapai,Congress Library,26750 S Santa Fe Rd Congress AZ 85332,26750 S Santa Fe Rd,Congress,AZ,85332,Locality wide location,true,false,"From: 2022-10-12, To: 2022-11-07, Times: 00:00:00 - 23:59:59; From: 2022-11-08, To: 2022-11-08, Times: 00:00:00 - 19:00:00",,04025,"26750 S Santa Fe Rd, Congress, AZ 85332, USA",CONGRESS,YAVAPAI,ARIZONA,AZ,34.1616527,-112.8473015,34.1617025,-112.8472143,34.1616173,-112.8473645,False,,False
yavapai,Dewey-Humboldt Town Hall,2735 S Hwy 69 Dewey-Humboldt AZ 86327,2735 S Hwy 69,Dewey-Humboldt,AZ,86327,Locality wide location,true,false,"From: 2022-10-12, To: 2022-11-07, Times: 00:00:00 - 23:59:59; From: 2022-11-08, To: 2022-11-08, Times: 00:00:00 - 19:00:00",0419145,04025,"2735 S Hwy 69, Dewey, AZ 86327, USA",DEWEY-HUMBOLDT,YAVAPAI,ARIZONA,AZ,34.5032303,-112.2424767,34.5033131,-112.2423527,34.5031579,-112.2426243,False,,False
yavapai,Jerome Town Hall,600 Clark St Jerome AZ 86331,600 Clark St,Jerome,AZ,86331,Locality wide location,true,false,"From: 2022-10-12, To: 2022-11-07, Times: 00:00:00 - 23:59:59; From: 2022-11-08, To: 2022-11-08, Times: 00:00:00 - 19:00:00",0436290,04025,"600 Clark St, Jerome, AZ 86331, USA",JEROME,YAVAPAI,ARIZONA,AZ,34.7483012,-112.1140147,,,,,False,,False
yavapai,Paulden Library,16 Big Chino Rd Paulden AZ 86334,16 Big Chino Rd,Paulden,AZ,86334,Locality wide location,true,false,"From: 2022-10-12, To: 2022-11-07, Times: 00:00:00 - 23:59:59; From: 2022-11-08, To: 2022-11-08, Times: 00:00:00 - 19:00:00",,04025,"16 Big Chino Rd, Paulden, AZ 86334, USA",PAULDEN,YAVAPAI,ARIZONA,AZ,34.8956312,-112.4688795,,,,,False,,False
yavapai,Prescott Valley Town Hall,7501 E Skoog Blvd Prescott Valley AZ 86314,7501 E Skoog Blvd,Prescott Valley,AZ,86314,Locality wide location,false,true,"From: 2022-10-12, To: 2022-10-14, Times: 09:00:00 - 16:00:00; From: 2022-10-17, To: 2022-10-21, Times: 09:00:00 - 16:00:00; From: 2022-10-24, To: 2022-10-28, Times: 09:00:00 - 16:00:00; From: 2022-10-31, To: 2022-11-04, Times: 09:00:00 - 16:00:00",,04025,"7501 Skoog Blvd, Prescott Valley, AZ 86314, USA",PRESCOTT VALLEY,YAVAPAI,ARIZONA,AZ,34.5958659,-112.3339515,,,,,False,,False
yavapai,Prescott Valley Town Hall,7501 E Skoog Blvd Prescott Valley AZ 86314,7501 E Skoog Blvd,Prescott Valley,AZ,86314,Locality wide location,true,false,"From: 2022-10-12, To: 2022-11-07, Times: 00:00:00 - 23:59:59; From: 2022-11-08, To: 2022-11-08, Times: 00:00:00 - 19:00:00",,04025,"7501 Skoog Blvd, Prescott Valley, AZ 86314, USA",PRESCOTT VALLEY,YAVAPAI,ARIZONA,AZ,34.5958659,-112.3339515,,,,,False,,False
yavapai,Sedona City Hall,102 Roadrunner Dr Sedona AZ 86336,102 Roadrunner Dr,Sedona,AZ,86336,Locality wide location,true,false,"From: 2022-10-12, To: 2022-11-07, Times: 00:00:00 - 23:59:59; From: 2022-11-08, To: 2022-11-08, Times: 00:00:00 - 19:00:00",0465350,04025,"102 Roadrunner Dr, Sedona, AZ 86336, USA",SEDONA,YAVAPAI,ARIZONA,AZ,34.8627663,-111.8137477,34.8628826,-111.8135683,34.8626437,-111.8138381,False,,True
yavapai,Seligman Library,54170 N Floyd St Seligman AZ 86337,54170 N Floyd St,Seligman,AZ,86337,Locality wide location,true,false,"From: 2022-10-12, To: 2022-11-07, Times: 00:00:00 - 23:59:59; From: 2022-11-08, To: 2022-11-08, Times: 00:00:00 - 19:00:00",,04025,"54170 Floyd St, Seligman, AZ 86337, USA",SELIGMAN,YAVAPAI,ARIZONA,AZ,35.3280833,-112.8740662,35.3281641,-112.8739347,35.3280258,-112.8742141,False,,False
yavapai,Skull Valley U.S. Post Office,3085 S Iron Springs Rd Skull Valley AZ 86338,3085 S Iron Springs Rd,Skull Valley,AZ,86338,Locality wide location,true,false,"From: 2022-10-12, To: 2022-11-07, Times: 00:00:00 - 23:59:59; From: 2022-11-08, To: 2022-11-08, Times: 00:00:00 - 19:00:00",,04025,"3085 S, 3085 Iron Springs Rd, Skull Valley, AZ 86338, USA",SKULL VALLEY,YAVAPAI,ARIZONA,AZ,34.5030419,-112.6835783,34.5031224,-112.6834102,34.5029358,-112.6836923,False,,False
yavapai,Spring Valley Library,17320 E Mule Deer Dr Spring Valley AZ 86333,17320 E Mule Deer Dr,Spring Valley,AZ,86333,Locality wide location,true,false,"From: 2022-10-12, To: 2022-11-07, Times: 00:00:00 - 23:59:59; From: 2022-11-08, To: 2022-11-08, Times: 00:00:00 - 19:00:00",0468990,04025,"17320 E Mule Deer Dr, Spring Valley, AZ 86333, USA",SPRING VALLEY,YAVAPAI,ARIZONA,AZ,34.3472819,-112.1575756,34.34736669999999,-112.1574664,34.347214,-112.1576516,False,,False
yavapai,Village of Oak Creek Fire Station 3,125 Slide Rock Rd Oak Creek AZ 86351,125 Slide Rock Rd,Oak Creek,AZ,86351,Locality wide location,true,false,"From: 2022-10-12, To: 2022-11-07, Times: 00:00:00 - 23:59:59; From: 2022-11-08, To: 2022-11-08, Times: 00:00:00 - 19:00:00",,04025,"125 Slide Rock Rd, Sedona, AZ 86351, USA",SEDONA,YAVAPAI,ARIZONA,AZ,34.7797553,-111.7648723,34.7799503,-111.7647125,34.7795012,-111.7650062,False,,False
yavapai,Yarnell Justice Court,22591 S Looka Wy Yarnell AZ 85362,22591 S Looka Wy,Yarnell,AZ,85362,Locality wide location,true,false,"From: 2022-10-12, To: 2022-11-07, Times: 00:00:00 - 23:59:59; From: 2022-11-08, To: 2022-11-08, Times: 00:00:00 - 19:00:00",,04025,"22591 Looka Way, Yarnell, AZ 85362, USA",YARNELL,YAVAPAI,ARIZONA,AZ,34.22199080000001,-112.7454025,34.2220901,-112.7452815,34.2219171,-112.7455241,False,,False
yavapai,Yavapai County Administration Building - Cottonwood,10 S 6th St Cottonwood AZ 86326,10 S 6th St,Cottonwood,AZ,86326,Locality wide location,false,true,"From: 2022-10-12, To: 2022-10-14, Times: 08:00:00 - 17:00:00; From: 2022-10-17, To: 2022-10-21, Times: 08:00:00 - 17:00:00; From: 2022-10-24, To: 2022-10-28, Times: 08:00:00 - 17:00:00; From: 2022-10-31, To: 2022-11-04, Times: 08:00:00 - 17:00:00",0416410,04025,"10 S 6th St, Cottonwood, AZ 86326, USA",COTTONWOOD,YAVAPAI,ARIZONA,AZ,34.7386419,-112.0231492,,,,,False,,False
yavapai,Yavapai County Administration Building - Cottonwood,10 S 6th St Cottonwood AZ 86326,10 S 6th St,Cottonwood,AZ,86326,Locality wide location,true,false,"From: 2022-10-12, To: 2022-11-07, Times: 00:00:00 - 23:59:59; From: 2022-11-08, To: 2022-11-08, Times: 00:00:00 - 19:00:00",0416410,04025,"10 S 6th St, Cottonwood, AZ 86326, USA",COTTONWOOD,YAVAPAI,ARIZONA,AZ,34.7386419,-112.0231492,,,,,False,,False
yavapai,Yavapai County Administration Building - Prescott,1015 Fair St Prescott AZ 86305,1015 Fair St,Prescott,AZ,86305,Locality wide location,false,true,"From: 2022-10-12, To: 2022-10-14, Times: 08:00:00 - 17:00:00; From: 2022-10-17, To: 2022-10-21, Times: 08:00:00 - 17:00:00; From: 2022-10-24, To: 2022-10-28, Times: 08:00:00 - 17:00:00; From: 2022-10-31, To: 2022-11-04, Times: 08:00:00 - 17:00:00",,04025,"1015 Fair St, Prescott, AZ 86305, USA",PRESCOTT,YAVAPAI,ARIZONA,AZ,34.5528369,-112.4838255,34.5529958,-112.4836479,34.5526975,-112.4841124,False,,False
yavapai,Yavapai County Administration Building - Prescott,1015 Fair St Prescott AZ 86305,1015 Fair St,Prescott,AZ,86305,Locality wide location,true,false,"From: 2022-10-12, To: 2022-11-07, Times: 00:00:00 - 23:59:59; From: 2022-11-08, To: 2022-11-08, Times: 00:00:00 - 19:00:00",,04025,"1015 Fair St, Prescott, AZ 86305, USA",PRESCOTT,YAVAPAI,ARIZONA,AZ,34.5528369,-112.4838255,34.5529958,-112.4836479,34.5526975,-112.4841124,False,,False
yavapai,Yavapai-Apache Nation Community Center,3462 Smith Ave Camp Verde AZ 86322,3462 Smith Ave,Camp Verde,AZ,86322,Locality wide location,true,false,"From: 2022-10-12, To: 2022-11-07, Times: 00:00:00 - 23:59:59; From: 2022-11-08, To: 2022-11-08, Times: 00:00:00 - 19:00:00",0409690,04025,"3462 Smith Ave, Camp Verde, AZ 86322, USA",CAMP VERDE,YAVAPAI,ARIZONA,AZ,34.6209519,-111.8932358,34.6211067,-111.8931438,34.620825,-111.8933994,False,,False
yuma,Foothills Library,13226 E. South Frontage Rd Yuma AZ 85367,13226 E. South Frontage Rd,Yuma,AZ,85367,Locality wide location,true,false,"From: 2022-10-12, To: 2022-10-13, Times: 10:00:00 - 19:00:00; From: 2022-10-14, To: 2022-10-15, Times: 10:00:00 - 17:00:00; From: 2022-10-18, To: 2022-10-20, Times: 10:00:00 - 19:00:00; From: 2022-10-21, To: 2022-10-22, Times: 10:00:00 - 17:00:00; From: 2022-10-25, To: 2022-10-27, Times: 10:00:00 - 19:00:00; From: 2022-10-28, To: 2022-10-29, Times: 10:00:00 - 17:00:00; From: 2022-11-01, To: 2022-11-03, Times: 10:00:00 - 19:00:00; From: 2022-11-04, To: 2022-11-05, Times: 10:00:00 - 17:00:00; From: 2022-11-08, To: 2022-11-08, Times: 10:00:00 - 19:00:00",0485540,04027,"S Frontage Rd, Yuma, AZ 85367, USA",YUMA,YUMA,ARIZONA,AZ,32.6701773,-114.4254638,32.67038630000003,-114.3643971,32.65932809999997,-114.48665,True,Unexpected address size change,False
yuma,Main Library,2951 S. 21st Dr Yuma AZ 85364,2951 S. 21st Dr,Yuma,AZ,85364,Locality wide location,true,false,"From: 2022-10-12, To: 2022-10-13, Times: 09:00:00 - 21:00:00; From: 2022-10-14, To: 2022-10-15, Times: 09:00:00 - 17:00:00; From: 2022-10-17, To: 2022-10-20, Times: 09:00:00 - 21:00:00; From: 2022-10-21, To: 2022-10-22, Times: 09:00:00 - 17:00:00; From: 2022-10-24, To: 2022-10-27, Times: 09:00:00 - 21:00:00; From: 2022-10-28, To: 2022-10-29, Times: 09:00:00 - 17:00:00; From: 2022-10-31, To: 2022-11-03, Times: 09:00:00 - 21:00:00; From: 2022-11-04, To: 2022-11-05, Times: 09:00:00 - 17:00:00; From: 2022-11-07, To: 2022-11-07, Times: 09:00:00 - 21:00:00; From: 2022-11-08, To: 2022-11-08, Times: 09:00:00 - 19:00:00",0485540,04027,"2951 S 21st Dr, Yuma, AZ 85364, USA",YUMA,YUMA,ARIZONA,AZ,32.6739444,-114.6448983,32.6744788,-114.6441438,32.6731059,-114.6459077,False,,False
yuma,San Luis Library,1075 N. 6th Ave San Luis AZ 85364,1075 N. 6th Ave,San Luis,AZ,85364,Locality wide location,true,false,"From: 2022-10-12, To: 2022-10-12, Times: 09:00:00 - 19:00:00; From: 2022-10-13, To: 2022-10-13, Times: 09:00:00 - 20:00:00; From: 2022-10-14, To: 2022-10-15, Times: 09:00:00 - 17:00:00; From: 2022-10-18, To: 2022-10-19, Times: 09:00:00 - 19:00:00; From: 2022-10-20, To: 2022-10-20, Times: 09:00:00 - 20:00:00; From: 2022-10-21, To: 2022-10-22, Times: 09:00:00 - 17:00:00; From: 2022-10-25, To: 2022-10-26, Times: 09:00:00 - 19:00:00; From: 2022-10-27, To: 2022-10-27, Times: 09:00:00 - 20:00:00; From: 2022-10-28, To: 2022-10-29, Times: 09:00:00 - 17:00:00; From: 2022-11-01, To: 2022-11-02, Times: 09:00:00 - 19:00:00; From: 2022-11-03, To: 2022-11-03, Times: 09:00:00 - 20:00:00; From: 2022-11-04, To: 2022-11-05, Times: 09:00:00 - 17:00:00; From: 2022-11-08, To: 2022-11-08, Times: 09:00:00 - 19:00:00",0463470,04027,"Yuma, AZ 85364, USA",YUMA,YUMA,ARIZONA,AZ,32.7056541,-114.678669,32.745663,-114.5756141,32.6545479,-114.74851,True,Unexpected address size change,False
yuma,Somerton Library,240 Canal St Somerton AZ 85350,240 Canal St,Somerton,AZ,85350,Locality wide location,true,false,"From: 2022-10-12, To: 2022-10-13, Times: 10:00:00 - 19:00:00; From: 2022-10-14, To: 2022-10-15, Times: 10:00:00 - 17:00:00; From: 2022-10-18, To: 2022-10-20, Times: 10:00:00 - 19:00:00; From: 2022-10-21, To: 2022-10-22, Times: 10:00:00 - 17:00:00; From: 2022-10-25, To: 2022-10-27, Times: 10:00:00 - 19:00:00; From: 2022-10-28, To: 2022-10-29, Times: 10:00:00 - 17:00:00; From: 2022-11-01, To: 2022-11-03, Times: 10:00:00 - 19:00:00; From: 2022-11-04, To: 2022-11-05, Times: 10:00:00 - 17:00:00; From: 2022-11-08, To: 2022-11-08, Times: 10:00:00 - 19:00:00",0468080,04027,"240 W Canal St, Somerton, AZ 85350, USA",SOMERTON,YUMA,ARIZONA,AZ,32.6036369,-114.7116481,32.6037021,-114.7115009,32.6032872,-114.711967,False,,False
yuma,Wellton Library,29790 San Jose Ave Wellton AZ 85356,29790 San Jose Ave,Wellton,AZ,85356,Locality wide location,true,false,"From: 2022-10-12, To: 2022-10-13, Times: 10:00:00 - 19:00:00; From: 2022-10-14, To: 2022-10-15, Times: 10:00:00 - 17:00:00; From: 2022-10-18, To: 2022-10-20, Times: 10:00:00 - 19:00:00; From: 2022-10-21, To: 2022-10-22, Times: 10:00:00 - 17:00:00; From: 2022-10-25, To: 2022-10-27, Times: 10:00:00 - 19:00:00; From: 2022-10-28, To: 2022-10-29, Times: 10:00:00 - 17:00:00; From: 2022-11-01, To: 2022-11-03, Times: 10:00:00 - 19:00:00; From: 2022-11-04, To: 2022-11-05, Times: 10:00:00 - 17:00:00; From: 2022-11-08, To: 2022-11-08, Times: 10:00:00 - 19:00:00",0481480,04027,"29790 San Jose Ave, Wellton, AZ 85356, USA",WELLTON,YUMA,ARIZONA,AZ,32.6717713,-114.1335948,,,,,False,,False
yuma,Yuma County Recorder’s Office,102 S. Main St Yuma AZ 85364,102 S. Main St,Yuma,AZ,85364,Locality wide location,false,true,"From: 2022-10-12, To: 2022-10-14, Times: 08:00:00 - 17:00:00; From: 2022-10-17, To: 2022-10-21, Times: 08:00:00 - 17:00:00; From: 2022-10-24, To: 2022-10-28, Times: 08:00:00 - 17:00:00; From: 2022-10-31, To: 2022-11-04, Times: 08:00:00 - 17:00:00",0485540,04027,"102 S Main St, Yuma, AZ 85364, USA",YUMA,YUMA,ARIZONA,AZ,32.7251225,-114.6185012,32.7252003,-114.6182186,32.7246711,-114.6187463,False,,False
yuma,Yuma County Recorder’s Office,102 S. Main St Yuma AZ 85364,102 S. Main St,Yuma,AZ,85364,Locality wide location,true,false,"From: 2022-10-12, To: 2022-11-07, Times: 00:00:00 - 23:59:59; From: 2022-11-08, To: 2022-11-08, Times: 00:00:00 - 19:00:00",0485540,04027,"102 S Main St, Yuma, AZ 85364, USA",YUMA,YUMA,ARIZONA,AZ,32.7251225,-114.6185012,32.7252003,-114.6182186,32.7246711,-114.6187463,False,,False
