Locality,Location Name,Address Full,Address Line,Address City,Address State,Address Zip,Precincts (Or Locality-wide),Is Drop Off,Is Early Voting,Schedules,Precinct FIPS,Locality FIPS,Google Address,City,County,State Long,State,Latitude,Longitude,NE Latitude,NE Longitude,SW Latitude,SW Longitude,Review Required,Problem,Duplicate
HAWAII - 15001,County of Hawaii Aupuni Center,"101 Pauahi St, #1 Hilo HI 96720",,,,,Locality wide location,false,false,"From: 2022-11-08, To: 2022-11-08, Times: 07:00:00 - 19:00:00",,15001,"101 Pauahi St #1, Hilo, HI 96720, USA",HILO,HAWAII,HAWAII,HI,19.7182864,-155.0792797,,,,,False,,False
HAWAII - 15001,County of Hawaii Aupuni Center,"101 Pauahi St, #1 Hilo HI 96720",,,,,Locality wide location,false,true,"From: 2022-10-25, To: 2022-10-29, Times: 08:00:00 - 16:30:00; From: 2022-10-31, To: 2022-11-05, Times: 08:00:00 - 16:30:00; From: 2022-11-07, To: 2022-11-07, Times: 08:00:00 - 16:30:00",,15001,"101 Pauahi St #1, Hilo, HI 96720, USA",HILO,HAWAII,HAWAII,HI,19.7182864,-155.0792797,,,,,False,,False
HAWAII - 15001,County of Hawaii Aupuni Center,"101 Pauahi St, #1 Hilo HI 96720",,,,,Locality wide location,true,false,"From: 2022-10-25, To: 2022-10-29, Times: 08:00:00 - 16:30:00; From: 2022-11-07, To: 2022-11-07, Times: 08:00:00 - 16:30:00; From: 2022-11-08, To: 2022-11-08, Times: 07:00:00 - 19:00:00",,15001,"101 Pauahi St #1, Hilo, HI 96720, USA",HILO,HAWAII,HAWAII,HI,19.7182864,-155.0792797,,,,,False,,False
HAWAII - 15001,Hawaii County Building,25 Aupuni St Hilo HI 96720,,,,,Locality wide location,true,false,"From: 2022-10-19, To: 2022-11-07, Times: 00:00:00 - 23:59:00; From: 2022-11-08, To: 2022-11-08, Times: 00:00:00 - 19:00:00",,15001,"HAWAII COUNTY BUILDING, 25 Aupuni St, Hilo, HI 96720, USA",HILO,HAWAII,HAWAII,HI,19.7195656,-155.0782567,19.7198807,-155.0777357,19.7191143,-155.0785603,False,,False
HAWAII - 15001,Laupahoehoe Police Station,"Puualaea Homestead Rd Laupahoehoe,  HI 96764",,,,,Locality wide location,true,false,"From: 2022-10-19, To: 2022-11-07, Times: 00:00:00 - 23:59:00; From: 2022-11-08, To: 2022-11-08, Times: 00:00:00 - 19:00:00",,15001,"Homestead Rd, Laupahoehoe, HI 96764, USA",LAUPAHOEHOE,HAWAII,HAWAII,HI,19.9849512,-155.2429903,19.986696,-155.2393294,19.9797604,-155.244338,True,Unexpected address size change,False
HAWAII - 15001,Naalehu Police Station,95-5355 Mamalahoa Hwy Naalehu HI 96772,,,,,Locality wide location,true,false,"From: 2022-10-19, To: 2022-11-07, Times: 00:00:00 - 23:59:00; From: 2022-11-08, To: 2022-11-08, Times: 00:00:00 - 19:00:00",,15001,"95-5355 Mamalahoa Hwy, Naalehu, HI 96772, USA",NAALEHU,HAWAII,HAWAII,HI,19.0726334,-155.5601814,,,,,False,,False
HAWAII - 15001,North Kohala Police Station,54-3900 Akoni Pule Hwy Kapaau HI 96755,,,,,Locality wide location,true,false,"From: 2022-10-19, To: 2022-11-07, Times: 00:00:00 - 23:59:00; From: 2022-11-08, To: 2022-11-08, Times: 00:00:00 - 19:00:00",,15001,"54-3900 Akoni Pule Hwy, Kapaau, HI 96755, USA",KAPAAU,HAWAII,HAWAII,HI,20.2299293,-155.7981794,,,,,False,,False
HAWAII - 15001,Pahoa Police Station,15-2615 Keaau-Pahoa Rd Pahoa HI 96778,,,,,Locality wide location,true,false,"From: 2022-10-19, To: 2022-11-07, Times: 00:00:00 - 23:59:00; From: 2022-11-08, To: 2022-11-08, Times: 00:00:00 - 19:00:00",,15001,"15-2615 Keaau-Pahoa Rd, Pāhoa, HI 96778, USA",PĀHOA,HAWAII,HAWAII,HI,19.5088068,-154.9579883,19.5089882,-154.9578031,19.5086087,-154.9581767,False,,False
HAWAII - 15001,Rodney Yano Hall,82-6156 Mamalahoa Hwy Captain Cook HI 96704,,,,,Locality wide location,true,false,"From: 2022-10-19, To: 2022-11-07, Times: 00:00:00 - 23:59:00; From: 2022-11-08, To: 2022-11-08, Times: 00:00:00 - 19:00:00",,15001,"82-6156 Mamalahoa Hwy, Captain Cook, HI 96704, USA",CAPTAIN COOK,HAWAII,HAWAII,HI,19.489593,-155.910193,,,,,False,,False
HAWAII - 15001,Waikoloa Community Association,68-1792 Melia St Waikoloa HI 96738,,,,,Locality wide location,true,false,"From: 2022-10-19, To: 2022-11-07, Times: 00:00:00 - 23:59:00; From: 2022-11-08, To: 2022-11-08, Times: 00:00:00 - 19:00:00",,15001,"68-1792 Melia St, Waikoloa Village, HI 96738, USA",WAIKOLOA VILLAGE,HAWAII,HAWAII,HI,19.9303571,-155.7934113,19.9306173,-155.7930719,19.9301923,-155.7938337,False,,False
HAWAII - 15001,Waimea Police Station,67-5185 Kamamalu St Waimea HI 96743,,,,,Locality wide location,true,false,"From: 2022-10-19, To: 2022-11-07, Times: 00:00:00 - 23:59:00; From: 2022-11-08, To: 2022-11-08, Times: 00:00:00 - 19:00:00",,15001,"67-5185 Kamamalu St, Waimea, HI 96743, USA",WAIMEA,HAWAII,HAWAII,HI,20.0237745,-155.661632,20.0240624,-155.6614594,20.0235871,-155.6618684,False,,False
HAWAII - 15001,West Hawaii Civic Center,74-5044 Ane Keohokalole Hwy Kailua-Kona HI 96704,,,,,Locality wide location,true,false,"From: 2022-10-25, To: 2022-10-29, Times: 08:00:00 - 16:30:00; From: 2022-11-07, To: 2022-11-07, Times: 08:00:00 - 16:30:00; From: 2022-11-08, To: 2022-11-08, Times: 07:00:00 - 19:00:00",,15001,"74-5044 Ane Keohokalole Hwy, Kailua-Kona, HI 96740, USA",KAILUA-KONA,HAWAII,HAWAII,HI,19.6737485,-156.0039027,,,,,False,,False
HAWAII - 15001,West Hawaii Civic Center,74-5044 Ane Keohokalole Hwy Kailua-Kona HI 96740,,,,,Locality wide location,false,false,"From: 2022-11-08, To: 2022-11-08, Times: 07:00:00 - 19:00:00",,15001,"74-5044 Ane Keohokalole Hwy, Kailua-Kona, HI 96740, USA",KAILUA-KONA,HAWAII,HAWAII,HI,19.6737485,-156.0039027,,,,,False,,False
HAWAII - 15001,West Hawaii Civic Center,74-5044 Ane Keohokalole Hwy Kailua-Kona HI 96740,,,,,Locality wide location,false,true,"From: 2022-10-25, To: 2022-10-29, Times: 08:00:00 - 16:30:00; From: 2022-10-31, To: 2022-11-05, Times: 08:00:00 - 16:30:00; From: 2022-11-07, To: 2022-11-07, Times: 08:00:00 - 16:30:00",,15001,"74-5044 Ane Keohokalole Hwy, Kailua-Kona, HI 96740, USA",KAILUA-KONA,HAWAII,HAWAII,HI,19.6737485,-156.0039027,,,,,False,,False
HAWAII - 15001,West Hawaii Civic Center,74-5044 Ane Keohokalole Hwy Kailua-Kona HI 96740,,,,,Locality wide location,true,false,"From: 2022-10-19, To: 2022-11-07, Times: 00:00:00 - 23:59:00; From: 2022-11-08, To: 2022-11-08, Times: 00:00:00 - 19:00:00",,15001,"74-5044 Ane Keohokalole Hwy, Kailua-Kona, HI 96740, USA",KAILUA-KONA,HAWAII,HAWAII,HI,19.6737485,-156.0039027,,,,,False,,True
KAUAI - 15007,Elections Division Historic County Annex Building,4386 Rice St Lihue HI 96766,,,,,Locality wide location,true,false,"From: 2022-10-19, To: 2022-11-07, Times: 00:00:00 - 23:59:00; From: 2022-11-08, To: 2022-11-08, Times: 00:00:00 - 19:00:00",,15007,"4386 Rice St, Lihue, HI 96766, USA",LIHUE,KAUAI,HAWAII,HI,21.9749056,-159.3669314,,,,,False,,False
KAUAI - 15007,Elections Division Office of the County Clerk,4386 Rice St Lihue HI 96766,,,,,Locality wide location,true,false,"From: 2022-10-19, To: 2022-10-21, Times: 07:45:00 - 16:30:00; From: 2022-10-24, To: 2022-10-28, Times: 07:45:00 - 16:30:00; From: 2022-10-31, To: 2022-11-04, Times: 07:45:00 - 16:30:00; From: 2022-11-07, To: 2022-11-07, Times: 07:45:00 - 16:30:00; From: 2022-11-05, To: 2022-11-05, Times: 07:45:00 - 16:30:00; From: 2022-11-08, To: 2022-11-08, Times: 07:00:00 - 19:00:00",,15007,"4386 Rice St, Lihue, HI 96766, USA",LIHUE,KAUAI,HAWAII,HI,21.9749056,-159.3669314,,,,,False,,True
KAUAI - 15007,Hanalei Neighborhood Center,5-5358 Kuhio Hwy Hanalei HI 96714,,,,,Locality wide location,true,false,"From: 2022-10-19, To: 2022-11-07, Times: 00:00:00 - 23:59:00; From: 2022-11-08, To: 2022-11-08, Times: 00:00:00 - 19:00:00",,15007,"5 Kuhio Hwy, Hanalei, HI 96714, USA",HANALEI,KAUAI,HAWAII,HI,22.2229479,-159.5522669,,,,,False,,False
KAUAI - 15007,Hanapepe Neighborhood Center,4451 Puolo Rd Hanapepe HI 96716,,,,,Locality wide location,true,false,"From: 2022-10-19, To: 2022-11-07, Times: 00:00:00 - 23:59:00; From: 2022-11-08, To: 2022-11-08, Times: 00:00:00 - 19:00:00",,15007,"4451 Puolo Rd, Eleele, HI 96705, USA",ELEELE,KAUAI,HAWAII,HI,21.9064216,-159.5931089,21.9065547,-159.5929626,21.9062397,-159.593271,False,,False
KAUAI - 15007,Historic County Annex Building,4386 Rice St Lihue HI 96766,,,,,Locality wide location,false,false,"From: 2022-11-08, To: 2022-11-08, Times: 07:00:00 - 19:00:00",,15007,"4386 Rice St, Lihue, HI 96766, USA",LIHUE,KAUAI,HAWAII,HI,21.9749056,-159.3669314,,,,,False,,False
KAUAI - 15007,Historic County Annex Building,4386 Rice St Lihue HI 96766,,,,,Locality wide location,false,true,"From: 2022-10-25, To: 2022-10-29, Times: 08:00:00 - 16:30:00; From: 2022-10-31, To: 2022-11-05, Times: 08:00:00 - 16:30:00; From: 2022-11-07, To: 2022-11-07, Times: 08:00:00 - 16:30:00",,15007,"4386 Rice St, Lihue, HI 96766, USA",LIHUE,KAUAI,HAWAII,HI,21.9749056,-159.3669314,,,,,False,,False
KAUAI - 15007,Kalaheo Neighborhood Center,4480 Papalina Rd Kalaheo HI 96741,,,,,Locality wide location,true,false,"From: 2022-10-19, To: 2022-11-07, Times: 00:00:00 - 23:59:00; From: 2022-11-08, To: 2022-11-08, Times: 00:00:00 - 19:00:00",,15007,"4480 Papalina Rd, Kalaheo, HI 96741, USA",KALAHEO,KAUAI,HAWAII,HI,21.9249511,-159.5266359,21.9251921,-159.526325,21.9247839,-159.5269937,False,,False
KAUAI - 15007,Kilauea Neighborhood Center,2460 Keneke St Kilauea HI 96754,,,,,Locality wide location,true,false,"From: 2022-10-19, To: 2022-11-07, Times: 00:00:00 - 23:59:00; From: 2022-11-08, To: 2022-11-08, Times: 00:00:00 - 19:00:00",,15007,"2460 Keneke St, Kilauea, HI 96754, USA",KILAUEA,KAUAI,HAWAII,HI,22.2121712,-159.4056708,22.2122048,-159.4056381,22.2121392,-159.4057081,False,,False
KAUAI - 15007,Koloa Neighborhood Center,3461 Weliweli Rd Koloa HI 96756,,,,,Locality wide location,true,false,"From: 2022-10-19, To: 2022-11-07, Times: 00:00:00 - 23:59:00; From: 2022-11-08, To: 2022-11-08, Times: 00:00:00 - 19:00:00",,15007,"3461 Weliweli Rd, Koloa, HI 96756, USA",KOLOA,KAUAI,HAWAII,HI,21.9034952,-159.4642086,21.9037128,-159.4636691,21.9030613,-159.4646044,False,,False
KAUAI - 15007,Princeville Public Library,4343 Emmalani Dr Princeville HI 96722,,,,,Locality wide location,true,false,"From: 2022-10-19, To: 2022-11-07, Times: 00:00:00 - 23:59:00; From: 2022-11-08, To: 2022-11-08, Times: 00:00:00 - 19:00:00",,15007,"4343 Emmalani Dr, Princeville, HI 96722, USA",PRINCEVILLE,KAUAI,HAWAII,HI,22.2140375,-159.4719443,22.214307,-159.4716448,22.2137486,-159.4722434,False,,False
KAUAI - 15007,Voter Service Center Historic County Annex Building,"4386 Rice St Lihue,  HI 96766",,,,,Locality wide location,true,false,"From: 2022-10-25, To: 2022-10-29, Times: 08:00:00 - 16:30:00; From: 2022-10-31, To: 2022-11-05, Times: 08:00:00 - 16:30:00; From: 2022-11-07, To: 2022-11-07, Times: 08:00:00 - 16:30:00; From: 2022-11-08, To: 2022-11-08, Times: 07:00:00 - 19:00:00",,15007,"4386 Rice St, Lihue, HI 96766, USA",LIHUE,KAUAI,HAWAII,HI,21.9749056,-159.3669314,,,,,False,,True
KAUAI - 15007,Waimea Neighborhood Center,4556 Makeke Rd Waimea HI 96796,,,,,Locality wide location,true,false,"From: 2022-10-19, To: 2022-11-07, Times: 00:00:00 - 23:59:00; From: 2022-11-08, To: 2022-11-08, Times: 00:00:00 - 19:00:00",,15007,"4556 Makeke Rd, Waimea, HI 96796, USA",WAIMEA,KAUAI,HAWAII,HI,21.9572878,-159.6699098,21.9575729,-159.6696208,21.9570572,-159.6702184,False,,False
KAUAI - 15007,Waipouli Shopping Center,4-757 Kuhio Hwy Kapaa HI 96746,,,,,Locality wide location,true,false,"From: 2022-10-19, To: 2022-11-07, Times: 00:00:00 - 23:59:00; From: 2022-11-08, To: 2022-11-08, Times: 00:00:00 - 19:00:00",,15007,"4-757 Kuhio Hwy, Kapaʻa, HI 96746, USA",KAPAʻA,KAUAI,HAWAII,HI,22.0603929,-159.3222784,22.0604861,-159.3221929,22.0602721,-159.3224379,False,,False
MAUI - 15009,Haiku Community Center,Hana Hwy at Piialoha St Haiku HI 96708,,,,,Locality wide location,true,false,"From: 2022-10-21, To: 2022-11-07, Times: 00:00:00 - 23:59:00; From: 2022-11-08, To: 2022-11-08, Times: 00:00:00 - 19:00:00",,15009,"Hana Hwy & Pilialoha St, Haiku-Pauwela, HI 96708, USA",HAIKU-PAUWELA,MAUI,HAWAII,HI,20.9298959,-156.3200456,,,,,True,Invalid final address,False
MAUI - 15009,Hana Fire Station,4655 Hana Hwy Hana HI 96713,,,,,Locality wide location,true,false,"From: 2022-10-21, To: 2022-11-07, Times: 00:00:00 - 23:59:00; From: 2022-11-08, To: 2022-11-08, Times: 00:00:00 - 19:00:00",,15009,"4655 Hana Hwy, Hana, HI 96713, USA",HANA,MAUI,HAWAII,HI,20.761916,-155.9931753,20.7620762,-155.9930081,20.7617933,-155.9933378,False,,False
MAUI - 15009,Hana High & Elementary School,4111 Hana Hwy Hana HI 96713,,,,,Locality wide location,false,false,"From: 2022-11-08, To: 2022-11-08, Times: 07:00:00 - 19:00:00",,15009,"4111 Hana Hwy, Haiku, HI 96708, USA",HANA,MAUI,HAWAII,HI,20.7784156,-155.9978912,20.7786656,-155.997641,20.7781491,-155.9982446,False,,False
MAUI - 15009,Hana High & Elementary School,4111 Hana Hwy Hana HI 96713,,,,,Locality wide location,false,true,"From: 2022-11-05, To: 2022-11-05, Times: 10:00:00 - 16:00:00",,15009,"4111 Hana Hwy, Haiku, HI 96708, USA",HANA,MAUI,HAWAII,HI,20.7784156,-155.9978912,20.7786656,-155.997641,20.7781491,-155.9982446,False,,False
MAUI - 15009,Hana High & Elementary School,4111 Hana Hwy Hana HI 96713,,,,,Locality wide location,true,false,"From: 2022-11-05, To: 2022-11-05, Times: 10:00:00 - 16:00:00",,15009,"4111 Hana Hwy, Haiku, HI 96708, USA",HANA,MAUI,HAWAII,HI,20.7784156,-155.9978912,20.7786656,-155.997641,20.7781491,-155.9982446,False,,False
MAUI - 15009,Kahului Fire Station,200 Dairy Rd Kahului HI 96732,,,,,Locality wide location,true,false,"From: 2022-10-21, To: 2022-11-07, Times: 00:00:00 - 23:59:00; From: 2022-11-08, To: 2022-11-08, Times: 00:00:00 - 19:00:00",,15009,"200 Dairy Rd, Kahului, HI 96732, USA",KAHULUI,MAUI,HAWAII,HI,20.879555,-156.4567713,20.8797882,-156.4565413,20.879339,-156.4570119,False,,False
MAUI - 15009,Kalana O Maui County Building,200 S. High St Wailuku HI 96793,,,,,Locality wide location,true,false,"From: 2022-10-21, To: 2022-11-07, Times: 00:00:00 - 23:59:00; From: 2022-11-08, To: 2022-11-08, Times: 00:00:00 - 19:00:00",,15009,"200 S High St, Wailuku, HI 96793, USA",WAILUKU,MAUI,HAWAII,HI,20.8855291,-156.5040199,20.8857326,-156.5037973,20.8853208,-156.5041699,False,,False
MAUI - 15009,Kula Fire Station,50 Calasa Rd Kula HI 96790,,,,,Locality wide location,true,false,"From: 2022-10-21, To: 2022-11-07, Times: 00:00:00 - 23:59:00; From: 2022-11-08, To: 2022-11-08, Times: 00:00:00 - 19:00:00",,15009,"50 Calasa Rd, Kula, HI 96790, USA",KULA,MAUI,HAWAII,HI,20.7579119,-156.3291823,20.7580314,-156.3291021,20.7578078,-156.3293336,False,,False
MAUI - 15009,Lahaina Civic Center,1840 Honoapiilani Hwy Lahaina HI 96761,,,,,Locality wide location,true,false,"From: 2022-10-21, To: 2022-11-07, Times: 00:00:00 - 23:59:00; From: 2022-11-08, To: 2022-11-08, Times: 00:00:00 - 19:00:00",,15009,"1840 HI-30, Lahaina, HI 96761, USA",LAHAINA,MAUI,HAWAII,HI,20.90494,-156.6837931,20.9053167,-156.6834701,20.9047076,-156.6841094,False,,False
MAUI - 15009,Lanai Community Center,411 Eighth St Lanai City HI 96763,,,,,Locality wide location,false,false,"From: 2022-11-08, To: 2022-11-08, Times: 07:00:00 - 19:00:00",,15009,"411 8th St, Lanai City, HI 96793, USA",LANAI CITY,MAUI,HAWAII,HI,20.8253146,-156.9195716,,,,,False,,False
MAUI - 15009,Lanai Community Center,411 Eighth St Lanai City HI 96763,,,,,Locality wide location,false,true,"From: 2022-11-01, To: 2022-11-05, Times: 08:00:00 - 16:30:00; From: 2022-11-07, To: 2022-11-07, Times: 08:00:00 - 16:30:00",,15009,"411 8th St, Lanai City, HI 96793, USA",LANAI CITY,MAUI,HAWAII,HI,20.8253146,-156.9195716,,,,,False,,False
MAUI - 15009,Lanai Community Center,411 Eighth St Lanai City HI 96763,,,,,Locality wide location,true,false,"From: 2022-11-08, To: 2022-11-08, Times: 07:00:00 - 19:00:00; From: 2022-11-01, To: 2022-11-05, Times: 08:00:00 - 16:30:00; From: 2022-11-07, To: 2022-11-07, Times: 08:00:00 - 16:30:00",,15009,"411 8th St, Lanai City, HI 96793, USA",LANAI CITY,MAUI,HAWAII,HI,20.8253146,-156.9195716,,,,,False,,False
MAUI - 15009,Makawao Fire Station,134 Makawao Ave Makawao HI 96768,,,,,Locality wide location,true,false,"From: 2022-10-21, To: 2022-11-07, Times: 00:00:00 - 23:59:00; From: 2022-11-08, To: 2022-11-08, Times: 00:00:00 - 19:00:00",,15009,"134 Makawao Ave, Makawao, HI 96768, USA",MAKAWAO,MAUI,HAWAII,HI,20.8357006,-156.33067,20.8358614,-156.3305177,20.835586,-156.3308125,False,,False
MAUI - 15009,Mitchell Pauole Center,90 Ainoa St Kaunakakai HI 96748,,,,,Locality wide location,false,false,"From: 2022-11-08, To: 2022-11-08, Times: 07:00:00 - 19:00:00",,15009,"90 Ainoa St, Kaunakakai, HI 96748, USA",KAUNAKAKAI,MAUI,HAWAII,HI,21.0903693,-157.0174637,21.0906079,-157.0172598,21.0902028,-157.0176865,False,,False
MAUI - 15009,Mitchell Pauole Center,90 Ainoa St Kaunakakai HI 96748,,,,,Locality wide location,false,true,"From: 2022-10-25, To: 2022-10-29, Times: 08:00:00 - 16:30:00; From: 2022-10-31, To: 2022-11-05, Times: 08:00:00 - 16:30:00; From: 2022-11-07, To: 2022-11-07, Times: 08:00:00 - 16:30:00",,15009,"90 Ainoa St, Kaunakakai, HI 96748, USA",KAUNAKAKAI,MAUI,HAWAII,HI,21.0903693,-157.0174637,21.0906079,-157.0172598,21.0902028,-157.0176865,False,,False
MAUI - 15009,Mitchell Pauole Center,90 Ainoa St Kaunakakai HI 96748,,,,,Locality wide location,true,false,"From: 2022-10-25, To: 2022-10-29, Times: 08:00:00 - 16:30:00; From: 2022-10-31, To: 2022-11-05, Times: 08:00:00 - 16:30:00; From: 2022-11-07, To: 2022-11-07, Times: 08:00:00 - 16:30:00; From: 2022-11-08, To: 2022-11-08, Times: 07:00:00 - 19:00:00",,15009,"90 Ainoa St, Kaunakakai, HI 96748, USA",KAUNAKAKAI,MAUI,HAWAII,HI,21.0903693,-157.0174637,21.0906079,-157.0172598,21.0902028,-157.0176865,False,,False
MAUI - 15009,Napili Fire Station,4950 Hanawai St Lahaina HI 96761,,,,,Locality wide location,true,false,"From: 2022-10-21, To: 2022-11-07, Times: 00:00:00 - 23:59:00; From: 2022-11-08, To: 2022-11-08, Times: 00:00:00 - 19:00:00",,15009,"4950 Hanawai St, Lahaina, HI 96761, USA",LAHAINA,MAUI,HAWAII,HI,20.984912,-156.6680231,20.9850019,-156.6678938,20.9848052,-156.6682852,False,,False
MAUI - 15009,Paia Community Center,252 Hana Hwy Paia HI 96779,,,,,Locality wide location,true,false,"From: 2022-10-21, To: 2022-11-07, Times: 00:00:00 - 23:59:00; From: 2022-11-08, To: 2022-11-08, Times: 00:00:00 - 19:00:00",,15009,"252 Hana Hwy, Paia, HI 96779, USA",PAIA,MAUI,HAWAII,HI,20.9184285,-156.3777455,20.918594,-156.3775549,20.9182639,-156.377983,False,,False
MAUI - 15009,Velma McWayne Santos Community Center,395 Waena St Wailuku HI 96793,,,,,Locality wide location,false,false,"From: 2022-11-08, To: 2022-11-08, Times: 07:00:00 - 19:00:00",,15009,"395 Waena St, Wailuku, HI 96793, USA",WAILUKU,MAUI,HAWAII,HI,20.9001547,-156.4919312,,,,,False,,False
MAUI - 15009,Velma McWayne Santos Community Center,395 Waena St Wailuku HI 96793,,,,,Locality wide location,false,true,"From: 2022-10-25, To: 2022-10-29, Times: 08:00:00 - 16:30:00; From: 2022-10-31, To: 2022-11-05, Times: 08:00:00 - 16:30:00; From: 2022-11-07, To: 2022-11-07, Times: 08:00:00 - 16:30:00",,15009,"395 Waena St, Wailuku, HI 96793, USA",WAILUKU,MAUI,HAWAII,HI,20.9001547,-156.4919312,,,,,False,,False
MAUI - 15009,Wailea Fire Station,300 Kilohana Dr Kihei HI 96753,,,,,Locality wide location,true,false,"From: 2022-10-21, To: 2022-11-07, Times: 00:00:00 - 23:59:00; From: 2022-11-08, To: 2022-11-08, Times: 00:00:00 - 19:00:00",,15009,"300 Kilohana Dr, Kihei, HI 96753, USA",KIHEI,MAUI,HAWAII,HI,20.7060611,-156.4369615,20.7062811,-156.4366703,20.705907,-156.4371956,False,,False
OAHU - 15003,George Fred Wright Wahiawa District Park,1129 Kilani Ave Wahiawa HI 96786,,,,,Locality wide location,false,false,"From: 2022-11-08, To: 2022-11-08, Times: 07:00:00 - 19:00:00",,,"1129 Kilani Ave, Wahiawa, HI 96786, USA",WAHIAWA,HONOLULU,HAWAII,HI,21.5005995,-158.0224598,21.5007585,-158.0221804,21.5004931,-158.0225856,False,,False
OAHU - 15003,George Fred Wright Wahiawa District Park,1129 Kilani Ave Wahiawa HI 96786,,,,,Locality wide location,false,true,"From: 2022-11-01, To: 2022-11-05, Times: 11:00:00 - 18:30:00",,,"1129 Kilani Ave, Wahiawa, HI 96786, USA",WAHIAWA,HONOLULU,HAWAII,HI,21.5005995,-158.0224598,21.5007585,-158.0221804,21.5004931,-158.0225856,False,,False
OAHU - 15003,Honolulu Hale,530 S King St Honolulu HI 96813,,,,,Locality wide location,false,false,"From: 2022-11-08, To: 2022-11-08, Times: 07:00:00 - 19:00:00",,,"530 S King St, Honolulu, HI 96813, USA",HONOLULU,HONOLULU,HAWAII,HI,21.305224,-157.8570018,21.3056541,-157.856578,21.3046631,-157.857424,False,,False
OAHU - 15003,Honolulu Hale,530 S King St Honolulu HI 96813,,,,,Locality wide location,false,true,"From: 2022-10-25, To: 2022-10-29, Times: 08:00:00 - 16:30:00; From: 2022-10-31, To: 2022-11-05, Times: 08:00:00 - 16:30:00; From: 2022-11-07, To: 2022-11-07, Times: 08:00:00 - 16:30:00",,,"530 S King St, Honolulu, HI 96813, USA",HONOLULU,HONOLULU,HAWAII,HI,21.305224,-157.8570018,21.3056541,-157.856578,21.3046631,-157.857424,False,,False
OAHU - 15003,Honolulu Hale,530 S King St Honolulu HI 96813,,,,,Locality wide location,true,false,"From: 2022-10-21, To: 2022-11-07, Times: 00:00:00 - 23:59:00; From: 2022-11-08, To: 2022-11-08, Times: 00:00:00 - 19:00:00",,,"530 S King St, Honolulu, HI 96813, USA",HONOLULU,HONOLULU,HAWAII,HI,21.305224,-157.8570018,21.3056541,-157.856578,21.3046631,-157.857424,False,,False
OAHU - 15003,Kaneohe District Park,45-660 Keaahala Rd Kaneohe HI 96744,,,,,Locality wide location,false,false,"From: 2022-11-08, To: 2022-11-08, Times: 07:00:00 - 19:00:00",,,"45-660 Keaahala Rd, Kaneohe, HI 96744, USA",KANEOHE,HONOLULU,HAWAII,HI,21.4093538,-157.8089153,21.4106768,-157.8073552,21.4080882,-157.8104257,False,,False
OAHU - 15003,Kaneohe District Park,45-660 Keaahala Rd Kaneohe HI 96744,,,,,Locality wide location,false,true,"From: 2022-10-25, To: 2022-10-29, Times: 11:00:00 - 18:30:00",,,"45-660 Keaahala Rd, Kaneohe, HI 96744, USA",KANEOHE,HONOLULU,HAWAII,HI,21.4093538,-157.8089153,21.4106768,-157.8073552,21.4080882,-157.8104257,False,,False
OAHU - 15003,Kapolei Hale,1000 Uluohia St Kapolei HI 96707,,,,,Locality wide location,false,false,"From: 2022-11-08, To: 2022-11-08, Times: 07:00:00 - 19:00:00",,,"Kapolei Civic Center, 1000 Uluʻōhiʻa St, Kapolei, HI 96707, USA",KAPOLEI,HONOLULU,HAWAII,HI,21.3298541,-158.0818647,21.3302547,-158.0814695,21.329466,-158.0824742,False,,False
OAHU - 15003,Kapolei Hale,1000 Uluohia St Kapolei HI 96707,,,,,Locality wide location,false,true,"From: 2022-10-25, To: 2022-10-29, Times: 08:00:00 - 16:30:00; From: 2022-10-31, To: 2022-11-05, Times: 08:00:00 - 16:30:00; From: 2022-11-07, To: 2022-11-07, Times: 08:00:00 - 16:30:00",,,"Kapolei Civic Center, 1000 Uluʻōhiʻa St, Kapolei, HI 96707, USA",KAPOLEI,HONOLULU,HAWAII,HI,21.3298541,-158.0818647,21.3302547,-158.0814695,21.329466,-158.0824742,False,,False
OAHU - 15003,Kapolei Hale,1000 Uluohia St Kapolei HI 96707,,,,,Locality wide location,true,false,"From: 2022-10-21, To: 2022-11-07, Times: 00:00:00 - 23:59:00; From: 2022-11-08, To: 2022-11-08, Times: 00:00:00 - 19:00:00",,,"Kapolei Civic Center, 1000 Uluʻōhiʻa St, Kapolei, HI 96707, USA",KAPOLEI,HONOLULU,HAWAII,HI,21.3298541,-158.0818647,21.3302547,-158.0814695,21.329466,-158.0824742,False,,False
