Locality,Location Name,Address Full,Address Line,Address City,Address State,Address Zip,Precincts (Or Locality-wide),Is Drop Off,Is Early Voting,Schedules,Precinct FIPS,Locality FIPS,Google Address,City,County,State Long,State,Latitude,Longitude,NE Latitude,NE Longitude,SW Latitude,SW Longitude,Review Required,Problem,Duplicate
adair,Adair County Annex building,300 N Franklin St. Kirksville MO 63501,300 N Franklin St.,Kirksville,MO,63501,Locality wide location,false,true,"From: 2022-10-25, To: 2022-10-28, Times: 08:30:00 - 16:30:00; From: 2022-10-31, To: 2022-11-04, Times: 08:30:00 - 16:30:00; From: 2022-11-05, To: 2022-11-05, Times: 08:00:00 - 12:00:00; From: 2022-11-07, To: 2022-11-07, Times: 08:30:00 - 17:00:00",2939026,29001,"300 N Franklin St, Kirksville, MO 63501, USA",KIRKSVILLE,ADAIR,MISSOURI,MO,40.19669469999999,-92.58285049999999,40.1967941,-92.5826542,40.1966164,-92.5830512,False,,False
andrew,Andrew County Clerk's Office,411 Court Street Savannah MO 64485,411 Court Street,Savannah,MO,64485,Locality wide location,false,true,"From: 2022-10-25, To: 2022-10-28, Times: 08:00:00 - 16:30:00; From: 2022-10-31, To: 2022-11-04, Times: 08:00:00 - 16:30:00; From: 2022-11-05, To: 2022-11-05, Times: 08:00:00 - 12:00:00; From: 2022-11-07, To: 2022-11-07, Times: 08:00:00 - 16:30:00",2966044,29003,"411 Court St, Savannah, MO 64485, USA",SAVANNAH,ANDREW,MISSOURI,MO,39.9412635,-94.8294629,39.9414058,-94.82930739999999,39.9411749,-94.8296922,False,,False
atchison,Atchison County Courthouse,400 S. Washington St. Rock Port MO 64482,400 S. Washington St.,Rock Port,MO,64482,Locality wide location,false,true,"From: 2022-10-25, To: 2022-10-28, Times: 08:30:00 - 12:00:00; From: 2022-10-25, To: 2022-10-28, Times: 13:00:00 - 16:30:00; From: 2022-10-31, To: 2022-11-04, Times: 08:30:00 - 12:00:00; From: 2022-10-31, To: 2022-11-04, Times: 13:00:00 - 16:30:00; From: 2022-11-05, To: 2022-11-05, Times: 08:00:00 - 12:00:00; From: 2022-11-07, To: 2022-11-07, Times: 08:30:00 - 12:00:00; From: 2022-11-07, To: 2022-11-07, Times: 13:00:00 - 17:00:00",,29005,"400 S Washington St, Rock Port, MO 64482, USA",ROCK PORT,ATCHISON,MISSOURI,MO,40.4116736,-95.51893129999999,,,,,False,,False
audrain,Audrain County Clerk's Office,101 N. Jefferson St. Mexico MO 65265,101 N. Jefferson St.,Mexico,MO,65265,Locality wide location,false,true,"From: 2022-10-25, To: 2022-10-28, Times: 08:00:00 - 17:00:00; From: 2022-10-31, To: 2022-11-04, Times: 08:00:00 - 17:00:00; From: 2022-11-05, To: 2022-11-05, Times: 08:00:00 - 12:00:00; From: 2022-11-07, To: 2022-11-07, Times: 08:00:00 - 17:00:00",2947648,29007,"101 N Jefferson St, Mexico, MO 65265, USA",MEXICO,AUDRAIN,MISSOURI,MO,39.1726099,-91.8831409,39.1727475,-91.88292369999999,39.172436,-91.8832977,False,,False
barry,Barry County Clerk's Office,700 MAIN STREET CASSVILLE MO 65625,700 MAIN STREET,CASSVILLE,MO,65625,Locality wide location,false,true,"From: 2022-10-25, To: 2022-10-28, Times: 08:00:00 - 16:00:00; From: 2022-10-31, To: 2022-11-04, Times: 08:00:00 - 16:00:00; From: 2022-11-05, To: 2022-11-05, Times: 08:00:00 - 12:00:00; From: 2022-11-07, To: 2022-11-07, Times: 08:00:00 - 16:00:00",2911890,29009,"700 Main St, Cassville, MO 65625, USA",CASSVILLE,BARRY,MISSOURI,MO,36.6791245,-93.8684334,36.6792601,-93.86823799999999,36.6789082,-93.868665,False,,False
barton,Barton County Clerk's Office,1004 Gulf Street Lamar MO 64759,1004 Gulf Street,Lamar,MO,64759,Locality wide location,false,true,"From: 2022-10-25, To: 2022-10-28, Times: 08:30:00 - 16:30:00; From: 2022-10-31, To: 2022-11-04, Times: 08:30:00 - 16:30:00; From: 2022-11-05, To: 2022-11-05, Times: 09:00:00 - 13:00:00; From: 2022-11-07, To: 2022-11-07, Times: 08:30:00 - 17:00:00",,29011,"1004 Gulf St, Lamar, MO 64759, USA",LAMAR,BARTON,MISSOURI,MO,37.4950367,-94.276888,37.4951179,-94.2766917,37.4948396,-94.2770901,False,,False
bates,Bates County Clerk's Office,103 West Dakota Butler MO 64730,103 West Dakota,Butler,MO,64730,Locality wide location,false,true,"From: 2022-10-25, To: 2022-10-25, Times: 08:30:00 - 16:30:00; From: 2022-10-26, To: 2022-10-26, Times: 08:30:00 - 17:00:00; From: 2022-10-27, To: 2022-10-28, Times: 08:30:00 - 16:30:00; From: 2022-10-31, To: 2022-11-04, Times: 08:30:00 - 16:30:00; From: 2022-11-05, To: 2022-11-05, Times: 08:00:00 - 12:00:00; From: 2022-11-07, To: 2022-11-07, Times: 08:30:00 - 16:30:00",,29013,"103 W Dakota St, Butler, MO 64730, USA",BUTLER,BATES,MISSOURI,MO,38.2572523,-94.33350209999999,38.2573736,-94.3334738,38.2570963,-94.3336427,False,,False
benton,Benton County Courthouse,316 Van Buren Street Warsaw MO 65355,316 Van Buren Street,Warsaw,MO,65355,Locality wide location,false,true,"From: 2022-10-25, To: 2022-10-28, Times: 08:00:00 - 12:00:00; From: 2022-10-25, To: 2022-10-28, Times: 13:00:00 - 16:30:00; From: 2022-10-31, To: 2022-11-04, Times: 08:00:00 - 12:00:00; From: 2022-10-31, To: 2022-11-04, Times: 13:00:00 - 16:30:00; From: 2022-11-05, To: 2022-11-05, Times: 08:00:00 - 12:00:00; From: 2022-11-07, To: 2022-11-07, Times: 08:00:00 - 17:00:00",2977146,29015,"316 Van Buren St, Warsaw, MO 65355, USA",WARSAW,BENTON,MISSOURI,MO,38.2414901,-93.3805842,38.2416436,-93.38028609999999,38.241295,-93.3807679,False,,False
bollinger,Bollinger County Election Authority,204 High St Marble Hill MO 63764,204 High St,Marble Hill,MO,63764,Locality wide location,false,true,"From: 2022-10-25, To: 2022-10-28, Times: 08:00:00 - 12:00:00; From: 2022-10-25, To: 2022-10-28, Times: 13:00:00 - 16:00:00; From: 2022-10-31, To: 2022-11-04, Times: 08:00:00 - 12:00:00; From: 2022-10-31, To: 2022-11-04, Times: 13:00:00 - 16:00:00; From: 2022-11-05, To: 2022-11-05, Times: 08:00:00 - 12:00:00; From: 2022-11-07, To: 2022-11-07, Times: 08:00:00 - 12:00:00; From: 2022-11-07, To: 2022-11-07, Times: 13:00:00 - 16:00:00",2945848,29017,"204 High St, Marble Hill, MO 63764, USA",MARBLE HILL,BOLLINGER,MISSOURI,MO,37.3055984,-89.9698624,37.3057861,-89.9696946,37.3054893,-89.9700696,False,,False
boone,Boone County Clerk's Office,801 E. Walnut Columbia MO 65201,801 E. Walnut,Columbia,MO,65201,Locality wide location,false,true,"From: 2022-10-25, To: 2022-10-28, Times: 08:00:00 - 17:00:00; From: 2022-10-29, To: 2022-10-30, Times: 10:00:00 - 15:00:00; From: 2022-10-31, To: 2022-11-04, Times: 08:00:00 - 17:00:00; From: 2022-11-05, To: 2022-11-05, Times: 09:00:00 - 15:00:00; From: 2022-11-06, To: 2022-11-06, Times: 10:00:00 - 15:00:00; From: 2022-11-07, To: 2022-11-07, Times: 08:00:00 - 17:00:00",2915670,29019,"801 E Walnut St, Columbia, MO 65201, USA",COLUMBIA,BOONE,MISSOURI,MO,38.9533779,-92.32794009999999,38.9535009,-92.3276279,38.9531424,-92.32813589999999,False,,False
boone,Centralia City Square Park,Route 4 Centralia MO 65240,Route 4,Centralia,MO,65240,Locality wide location,false,true,"From: 2022-10-29, To: 2022-10-29, Times: 10:00:00 - 15:00:00",2912898,29019,"Centralia, MO 65240, USA",CENTRALIA,BOONE,MISSOURI,MO,39.2103186,-92.1379539,39.224948,-92.1038679,39.1960059,-92.154369,True,Unexpected address size change,False
boone,Douglass High School,310 N Providence Rd Columbia MO 65203,310 N Providence Rd,Columbia,MO,65203,Locality wide location,false,true,"From: 2022-10-30, To: 2022-10-30, Times: 10:00:00 - 15:00:00",2915670,29019,"310 N Providence Rd, Columbia, MO 65201, USA",COLUMBIA,BOONE,MISSOURI,MO,38.9551741,-92.333528,38.9555686,-92.33323299999999,38.9548259,-92.3336662,False,,False
boone,Health Department,1005 W Worley St Columbia MO 65203,1005 W Worley St,Columbia,MO,65203,Locality wide location,false,true,"From: 2022-11-06, To: 2022-11-06, Times: 10:00:00 - 15:00:00",2915670,29019,"1005 W Worley St, Columbia, MO 65203, USA",COLUMBIA,BOONE,MISSOURI,MO,38.9600381,-92.35352549999999,38.9604031,-92.35297849999999,38.9597748,-92.3540233,False,,False
boone,Southern Boone Public Library,109 N Main St Ashland MO 65010,109 N Main St,Ashland,MO,65010,Locality wide location,false,true,"From: 2022-11-05, To: 2022-11-05, Times: 10:00:00 - 15:00:00",2902242,29019,"109 N Main St, Ashland, MO 65010, USA",ASHLAND,BOONE,MISSOURI,MO,38.7754758,-92.26253919999999,38.7755505,-92.2622885,38.7753462,-92.26280009999999,False,,False
buchanan,Buchanan County Clerk's Office,411 Jules St. Joseph MO 64501,411 Jules,St. Joseph,MO,64501,Locality wide location,false,true,"From: 2022-10-25, To: 2022-10-25, Times: 08:00:00 - 16:30:00; From: 2022-10-26, To: 2022-10-26, Times: 08:00:00 - 17:00:00; From: 2022-10-27, To: 2022-10-28, Times: 08:00:00 - 16:30:00; From: 2022-10-31, To: 2022-11-04, Times: 08:00:00 - 16:30:00; From: 2022-11-05, To: 2022-11-05, Times: 08:00:00 - 12:00:00; From: 2022-11-07, To: 2022-11-07, Times: 08:00:00 - 17:00:00",,29021,"411 Jules St, St Joseph, MO 64501, USA",SAINT JOSEPH,BUCHANAN,MISSOURI,MO,39.7686026,-94.8549455,39.7689345,-94.8544235,39.7682894,-94.85529389999999,False,,False
butler,Butler County Clerk's Office,100 N Main St. Poplar Bluff MO 63901,100 N Main St.,Poplar Bluff,MO,63901,Locality wide location,false,true,"From: 2022-10-25, To: 2022-10-25, Times: 08:00:00 - 16:00:00; From: 2022-10-26, To: 2022-10-26, Times: 08:00:00 - 17:00:00; From: 2022-10-27, To: 2022-10-28, Times: 08:00:00 - 16:00:00; From: 2022-10-31, To: 2022-11-04, Times: 08:00:00 - 16:00:00; From: 2022-11-05, To: 2022-11-05, Times: 08:00:00 - 12:00:00; From: 2022-11-07, To: 2022-11-07, Times: 08:00:00 - 17:00:00",2959096,29023,"100 N Main St, Poplar Bluff, MO 63901, USA",POPLAR BLUFF,BUTLER,MISSOURI,MO,36.7564751,-90.39242109999999,36.7566537,-90.3922142,36.7563514,-90.3925888,False,,False
caldwell,Caldwell County Clerk's Office,49 East Main Kingston MO 64650,49 East Main,Kingston,MO,64650,Locality wide location,false,true,"From: 2022-10-25, To: 2022-10-28, Times: 08:00:00 - 16:30:00; From: 2022-10-31, To: 2022-11-04, Times: 08:00:00 - 16:30:00; From: 2022-11-05, To: 2022-11-05, Times: 08:00:00 - 12:00:00; From: 2022-11-07, To: 2022-11-07, Times: 08:00:00 - 17:00:00",,29025,"49 E Main St, Kingston, MO 64650, USA",KINGSTON,CALDWELL,MISSOURI,MO,39.6432822,-94.0383731,39.6433896,-94.03826029999999,39.6430991,-94.0385309,False,,False
callaway,Callaway County Clerk's Office,10 E 5TH STREET FULTON MO 65251,10 E 5TH STREET,FULTON,MO,65251,Locality wide location,false,true,"From: 2022-10-25, To: 2022-10-28, Times: 08:00:00 - 17:00:00; From: 2022-10-31, To: 2022-11-04, Times: 08:00:00 - 17:00:00; From: 2022-11-05, To: 2022-11-05, Times: 08:00:00 - 12:00:00; From: 2022-11-07, To: 2022-11-07, Times: 08:00:00 - 17:00:00",2926182,29027,"Callaway County Court House, 10 E 5th St, Fulton, MO 65251, USA",FULTON,CALLAWAY,MISSOURI,MO,38.8469706,-91.9475313,38.8471131,-91.9473046,38.8468724,-91.947785,False,,False
camden,Camden County Temporary Clerk's Office,226 E. US 54 Camdenton MO 65020,226 E. US 54,Camdenton,MO,65020,Locality wide location,false,true,"From: 2022-10-25, To: 2022-10-28, Times: 08:30:00 - 16:30:00; From: 2022-10-31, To: 2022-11-04, Times: 08:30:00 - 16:30:00; From: 2022-11-05, To: 2022-11-05, Times: 08:00:00 - 12:00:00; From: 2022-11-07, To: 2022-11-07, Times: 08:30:00 - 16:30:00",2910810,29029,"226 US-54, Camdenton, MO 65020, USA",CAMDENTON,CAMDEN,MISSOURI,MO,38.010678,-92.74154709999999,,,,,False,,False
cape_girardeau,County Administration Building,1 Barton Square Jackson MO 63755,1 Barton Square,Jackson,MO,63755,Locality wide location,false,true,"From: 2022-10-25, To: 2022-10-25, Times: 08:00:00 - 16:30:00; From: 2022-10-26, To: 2022-10-26, Times: 08:00:00 - 17:00:00; From: 2022-10-27, To: 2022-10-28, Times: 08:00:00 - 16:30:00; From: 2022-10-31, To: 2022-11-04, Times: 08:00:00 - 16:30:00; From: 2022-11-05, To: 2022-11-05, Times: 08:00:00 - 12:00:00; From: 2022-11-07, To: 2022-11-07, Times: 08:00:00 - 17:00:00",,,"1 Barton Square, Jackson, MO 63755, USA",JACKSON,CAPE GIRARDEAU,MISSOURI,MO,37.3830488,-89.6667428,37.3831464,-89.6665071,37.3829461,-89.66698079999999,False,,False
cape_girardeau,Satellite Clerk's Office,2311 Bloomfield Rd. Cape Girardeau MO 63703,2311 Bloomfield Rd.,Cape Girardeau,MO,63703,Locality wide location,false,true,"From: 2022-10-25, To: 2022-10-25, Times: 08:00:00 - 16:30:00; From: 2022-10-26, To: 2022-10-26, Times: 08:00:00 - 17:00:00; From: 2022-10-27, To: 2022-10-28, Times: 08:00:00 - 16:30:00; From: 2022-10-31, To: 2022-11-04, Times: 08:00:00 - 16:30:00; From: 2022-11-05, To: 2022-11-05, Times: 08:00:00 - 12:00:00; From: 2022-11-07, To: 2022-11-07, Times: 08:00:00 - 17:00:00",2911242,,"2311 Bloomfield Rd, Cape Girardeau, MO 63703, USA",CAPE GIRARDEAU,CAPE GIRARDEAU,MISSOURI,MO,37.2980786,-89.5508479,,,,,False,,False
carroll,Carroll County Clerk's Office,8 SOUTH MAIN CARROLLTON MO 64633,8 SOUTH MAIN,CARROLLTON,MO,64633,Locality wide location,false,true,"From: 2022-10-25, To: 2022-10-25, Times: 08:30:00 - 16:30:00; From: 2022-10-26, To: 2022-10-26, Times: 08:30:00 - 17:00:00; From: 2022-10-27, To: 2022-10-28, Times: 08:30:00 - 16:30:00; From: 2022-10-31, To: 2022-11-04, Times: 08:30:00 - 16:30:00; From: 2022-11-05, To: 2022-11-05, Times: 08:30:00 - 12:30:00; From: 2022-11-07, To: 2022-11-07, Times: 08:30:00 - 17:00:00",,29033,"8 S Main St, Carrollton, MO 64633, USA",CARROLLTON,CARROLL,MISSOURI,MO,39.3581153,-93.4964763,39.3582689,-93.49637659999999,39.3579885,-93.4966494,False,,False
carter,Carter County Temporary Courthouse,308 Main St VAN BUREN MO 63965,308 Main St,VAN BUREN,MO,63965,Locality wide location,false,true,"From: 2022-10-25, To: 2022-10-28, Times: 08:00:00 - 12:00:00; From: 2022-10-25, To: 2022-10-28, Times: 13:00:00 - 16:00:00; From: 2022-10-31, To: 2022-11-04, Times: 08:00:00 - 12:00:00; From: 2022-10-31, To: 2022-11-04, Times: 13:00:00 - 16:00:00; From: 2022-11-05, To: 2022-11-05, Times: 08:00:00 - 12:00:00; From: 2022-11-07, To: 2022-11-07, Times: 08:00:00 - 12:00:00; From: 2022-11-07, To: 2022-11-07, Times: 13:00:00 - 17:00:00",,29035,"308 Main St, Van Buren, MO 63965, USA",VAN BUREN,CARTER,MISSOURI,MO,36.9966607,-91.0153516,36.9967077,-91.0149433,36.9965424,-91.0154802,False,,False
cass,Cass County Clerk/Election Authority,102 E. Wall St. Harrisonville MO 64701,102 E. Wall St.,Harrisonville,MO,64701,Locality wide location,false,true,"From: 2022-10-25, To: 2022-10-25, Times: 08:00:00 - 16:30:00; From: 2022-10-26, To: 2022-10-26, Times: 08:00:00 - 17:00:00; From: 2022-10-27, To: 2022-10-28, Times: 08:00:00 - 16:30:00; From: 2022-10-31, To: 2022-11-04, Times: 08:00:00 - 16:30:00; From: 2022-11-05, To: 2022-11-05, Times: 08:00:00 - 12:00:00; From: 2022-11-07, To: 2022-11-07, Times: 08:00:00 - 17:00:00",2930610,29037,"102 E Wall St, Harrisonville, MO 64701, USA",HARRISONVILLE,CASS,MISSOURI,MO,38.654509,-94.3484046,38.65467719999999,-94.3482087,38.6544134,-94.3485005,False,,False
cedar,Cedar County Clerk's Office,113 South Street Stockton MO 65785,113 South Street,Stockton,MO,65785,Locality wide location,false,true,"From: 2022-10-25, To: 2022-10-28, Times: 08:00:00 - 16:30:00; From: 2022-10-31, To: 2022-11-04, Times: 08:00:00 - 16:30:00; From: 2022-11-05, To: 2022-11-05, Times: 08:00:00 - 12:00:00; From: 2022-11-07, To: 2022-11-07, Times: 08:00:00 - 17:00:00",2970828,29039,"113 South St, Stockton, MO 65785, USA",STOCKTON,CEDAR,MISSOURI,MO,37.698098,-93.7965,37.69823840000001,-93.7964198,37.6979767,-93.79668509999999,False,,False
chariton,Chariton County Clerk's Office,306 S CHERRY ST KEYTESVILLE MO 652611055,306 S CHERRY ST,KEYTESVILLE,MO,652611055,Locality wide location,false,true,"From: 2022-10-25, To: 2022-10-28, Times: 08:30:00 - 12:00:00; From: 2022-10-25, To: 2022-10-28, Times: 13:00:00 - 16:30:00; From: 2022-10-31, To: 2022-11-04, Times: 08:30:00 - 12:00:00; From: 2022-10-31, To: 2022-11-04, Times: 13:00:00 - 16:30:00; From: 2022-11-05, To: 2022-11-05, Times: 08:00:00 - 12:00:00; From: 2022-11-07, To: 2022-11-07, Times: 08:30:00 - 12:00:00; From: 2022-11-07, To: 2022-11-07, Times: 13:00:00 - 16:30:00",,29041,"306 S Cherry St, Keytesville, MO 65261, USA",KEYTESVILLE,CHARITON,MISSOURI,MO,39.4326047,-92.9412037,39.432923,-92.9410699,39.432409,-92.9413579,False,,False
christian,Christian County Clerk's Office,100 West Church Ozark MO 65721,100 West Church,Ozark,MO,65721,Locality wide location,false,true,"From: 2022-10-25, To: 2022-10-25, Times: 08:00:00 - 16:30:00; From: 2022-10-26, To: 2022-10-26, Times: 08:00:00 - 17:00:00; From: 2022-10-27, To: 2022-10-28, Times: 08:00:00 - 16:30:00; From: 2022-10-31, To: 2022-11-04, Times: 08:00:00 - 16:30:00; From: 2022-11-05, To: 2022-11-05, Times: 08:00:00 - 12:00:00; From: 2022-11-07, To: 2022-11-07, Times: 08:00:00 - 17:00:00",,29043,"100 W Church St, Ozark, MO 65721, USA",OZARK,CHRISTIAN,MISSOURI,MO,37.0204483,-93.20512939999999,,,,,False,,False
clark,Clark County Clerk's Office,111 East Court Street Kahoka MO 63445,111 East Court Street,Kahoka,MO,63445,Locality wide location,false,true,"From: 2022-10-25, To: 2022-10-28, Times: 08:00:00 - 12:00:00; From: 2022-10-25, To: 2022-10-28, Times: 13:00:00 - 16:00:00; From: 2022-10-31, To: 2022-11-04, Times: 08:00:00 - 12:00:00; From: 2022-10-31, To: 2022-11-04, Times: 13:00:00 - 16:00:00; From: 2022-11-05, To: 2022-11-05, Times: 08:00:00 - 12:00:00; From: 2022-11-07, To: 2022-11-07, Times: 08:00:00 - 17:00:00",2937790,29045,"111 E Court St, Kahoka, MO 63445, USA",KAHOKA,CLARK,MISSOURI,MO,40.4244033,-91.71929779999999,,,,,False,,False
clay,Clay County Annex,1901 NE 48th St. Kansas City MO 64118,1901 NE 48th St.,Kansas City,MO,64118,Locality wide location,false,true,"From: 2022-10-25, To: 2022-10-28, Times: 08:00:00 - 17:00:00; From: 2022-10-29, To: 2022-10-29, Times: 09:00:00 - 13:00:00; From: 2022-10-31, To: 2022-11-04, Times: 08:00:00 - 17:00:00; From: 2022-11-05, To: 2022-11-05, Times: 09:00:00 - 13:00:00",,29047,"1901 NE 48th St, Kansas City, MO 64118, USA",KANSAS CITY,CLAY,MISSOURI,MO,39.179826,-94.5565192,39.1801027,-94.5562693,39.1795756,-94.5568296,False,,False
clay,Clay County Election Board,100 W. Mississippi St. Liberty MO 64068,100 W. Mississippi St.,Liberty,MO,64068,Locality wide location,false,true,"From: 2022-10-25, To: 2022-10-28, Times: 08:00:00 - 17:00:00; From: 2022-10-29, To: 2022-10-29, Times: 09:00:00 - 13:00:00; From: 2022-10-31, To: 2022-11-04, Times: 08:00:00 - 17:00:00; From: 2022-11-05, To: 2022-11-05, Times: 09:00:00 - 13:00:00; From: 2022-11-07, To: 2022-11-07, Times: 08:00:00 - 17:00:00",,29047,"100 W Mississippi St, Liberty, MO 64068, USA",LIBERTY,CLAY,MISSOURI,MO,39.2484837,-94.4216445,39.2486143,-94.4214293,39.2483781,-94.4218054,False,,False
clinton,Clinton County Clerk's Office,207 N. MAIN ST. PLATTSBURG MO 64477,207 N. MAIN ST.,PLATTSBURG,MO,64477,Locality wide location,false,true,"From: 2022-10-25, To: 2022-10-28, Times: 08:30:00 - 16:30:00; From: 2022-10-31, To: 2022-11-04, Times: 08:30:00 - 16:30:00; From: 2022-11-05, To: 2022-11-05, Times: 09:00:00 - 12:00:00; From: 2022-11-07, To: 2022-11-07, Times: 08:30:00 - 16:30:00",2958250,29049,"207 N Main St, Plattsburg, MO 64477, USA",PLATTSBURG,CLINTON,MISSOURI,MO,39.5660151,-94.4470157,,,,,False,,False
cole,Cole County Clerk's Office,311 E High Street Jefferson City MO 65101,311 E High Street,Jefferson City,MO,65101,Locality wide location,false,true,"From: 2022-10-25, To: 2022-10-25, Times: 08:00:00 - 16:30:00; From: 2022-10-26, To: 2022-10-26, Times: 08:00:00 - 17:00:00; From: 2022-10-27, To: 2022-10-28, Times: 08:00:00 - 16:30:00; From: 2022-10-31, To: 2022-11-04, Times: 08:00:00 - 16:30:00; From: 2022-11-05, To: 2022-11-05, Times: 08:00:00 - 12:00:00; From: 2022-11-07, To: 2022-11-07, Times: 08:00:00 - 17:00:00",,29051,"311 E High St, Jefferson City, MO 65101, USA",JEFFERSON CITY,COLE,MISSOURI,MO,38.5749127,-92.1691038,,,,,False,,False
cooper,Cooper County Clerk's Office,200 MAIN ST. BOONVILLE MO 65233,200 MAIN ST.,BOONVILLE,MO,65233,Locality wide location,false,true,"From: 2022-10-25, To: 2022-10-28, Times: 09:00:00 - 17:00:00; From: 2022-10-31, To: 2022-11-04, Times: 09:00:00 - 17:00:00; From: 2022-11-05, To: 2022-11-05, Times: 08:00:00 - 12:00:00; From: 2022-11-07, To: 2022-11-07, Times: 09:00:00 - 17:00:00",2907318,29053,"200 Main St, Boonville, MO 65233, USA",BOONVILLE,COOPER,MISSOURI,MO,38.9774324,-92.7437466,,,,,False,,False
crawford,Crawford County Clerk's Office,302 W. Main St. Steelville MO 65565,302 W. Main St.,Steelville,MO,65565,Locality wide location,false,true,"From: 2022-10-25, To: 2022-10-28, Times: 08:00:00 - 16:30:00; From: 2022-10-31, To: 2022-11-04, Times: 08:00:00 - 16:30:00; From: 2022-11-05, To: 2022-11-05, Times: 08:00:00 - 12:00:00; From: 2022-11-07, To: 2022-11-07, Times: 08:00:00 - 17:00:00",2970576,29055,"302 Main St, Steelville, MO 65565, USA",STEELVILLE,CRAWFORD,MISSOURI,MO,37.9673225,-91.3560794,37.9674808,-91.35586860000001,37.9671889,-91.3563332,False,,False
dade,Dade County Clerk's Office,300 W. Water Street Greenfield MO 65661,300 W. Water Street,Greenfield,MO,65661,Locality wide location,false,true,"From: 2022-10-25, To: 2022-10-28, Times: 08:00:00 - 16:00:00; From: 2022-10-31, To: 2022-11-04, Times: 08:00:00 - 16:00:00; From: 2022-11-05, To: 2022-11-05, Times: 08:00:00 - 12:00:00; From: 2022-11-07, To: 2022-11-07, Times: 08:00:00 - 17:00:00",,29057,"300 W Water St, Greenfield, MO 65661, USA",GREENFIELD,DADE,MISSOURI,MO,37.41519479999999,-93.8441718,,,,,False,,False
dallas,Dallas County Clerk's Office,102 S. Cedar BUFFALO MO 65622,102 S. Cedar,BUFFALO,MO,65622,Locality wide location,false,true,"From: 2022-10-25, To: 2022-10-28, Times: 08:00:00 - 12:00:00; From: 2022-10-25, To: 2022-10-28, Times: 13:00:00 - 16:00:00; From: 2022-10-31, To: 2022-11-04, Times: 08:00:00 - 12:00:00; From: 2022-10-31, To: 2022-11-04, Times: 13:00:00 - 16:00:00; From: 2022-11-05, To: 2022-11-05, Times: 08:00:00 - 12:00:00; From: 2022-11-07, To: 2022-11-07, Times: 08:00:00 - 12:00:00; From: 2022-11-07, To: 2022-11-07, Times: 13:00:00 - 17:00:00",,29059,"102 Cedar Dr, Buffalo, MO 65622, USA",BUFFALO,DALLAS,MISSOURI,MO,37.643783,-93.091202,37.6438809,-93.0909709,37.6435214,-93.0913609,False,,False
daviess,Daviess County Clerk's Office,102 North Main Street Gallatin MO 64640,102 North Main Street,Gallatin,MO,64640,Locality wide location,false,true,"From: 2022-10-25, To: 2022-10-28, Times: 08:00:00 - 16:30:00; From: 2022-10-31, To: 2022-11-04, Times: 08:00:00 - 16:30:00; From: 2022-11-05, To: 2022-11-05, Times: 09:00:00 - 12:00:00; From: 2022-11-07, To: 2022-11-07, Times: 08:00:00 - 17:00:00",2926308,29061,"102 N Main St, Gallatin, MO 64640, USA",GALLATIN,DAVIESS,MISSOURI,MO,39.9150117,-93.962025,39.9151551,-93.9617875,39.9148507,-93.9620997,True,Unexpected address size change,False
dekalb,DeKalb County Clerk's Office,109 W Main St. Maysville MO 64469,109 W Main St.,Maysville,MO,64469,Locality wide location,false,true,"From: 2022-10-25, To: 2022-10-28, Times: 08:00:00 - 16:30:00; From: 2022-10-31, To: 2022-11-04, Times: 08:00:00 - 16:30:00; From: 2022-11-05, To: 2022-11-05, Times: 08:00:00 - 12:00:00; From: 2022-11-07, To: 2022-11-07, Times: 08:00:00 - 16:30:00",2946946,29063,"109 W Main St, Maysville, MO 64469, USA",MAYSVILLE,DEKALB,MISSOURI,MO,39.8899203,-94.3600056,39.889963,-94.3596906,39.8898262,-94.3600524,False,,False
dent,Dent County Clerk's Office,400 N. Main St. Salem MO 65560,400 N. Main St.,Salem,MO,65560,Locality wide location,false,true,"From: 2022-10-25, To: 2022-10-25, Times: 08:00:00 - 16:30:00; From: 2022-10-26, To: 2022-10-26, Times: 08:00:00 - 17:00:00; From: 2022-10-27, To: 2022-10-28, Times: 08:00:00 - 16:30:00; From: 2022-10-31, To: 2022-11-04, Times: 08:00:00 - 16:30:00; From: 2022-11-05, To: 2022-11-05, Times: 08:00:00 - 12:00:00; From: 2022-11-07, To: 2022-11-07, Times: 08:00:00 - 17:00:00",,29065,"400 N Main St, Salem, MO 65560, USA",SALEM,DENT,MISSOURI,MO,37.6456445,-91.5357558,,,,,False,,False
douglas,Douglas County Clerk's Office,203 E Lincoln Ave Ava MO 65608,203 E Lincoln Ave,Ava,MO,65608,Locality wide location,false,true,"From: 2022-10-25, To: 2022-10-28, Times: 08:00:00 - 12:00:00; From: 2022-10-25, To: 2022-10-28, Times: 13:00:00 - 16:30:00; From: 2022-10-31, To: 2022-11-04, Times: 08:00:00 - 12:00:00; From: 2022-10-31, To: 2022-11-04, Times: 13:00:00 - 16:30:00; From: 2022-11-05, To: 2022-11-05, Times: 08:00:00 - 12:00:00; From: 2022-11-07, To: 2022-11-07, Times: 08:00:00 - 12:00:00; From: 2022-11-07, To: 2022-11-07, Times: 13:00:00 - 16:30:00",,29067,"203 E Lincoln Ave, Ava, MO 65608, USA",AVA,DOUGLAS,MISSOURI,MO,36.9512288,-92.65942129999999,,,,,False,,False
dunklin,Dunklin County Clerk's Office,100 COURTHOUSE SQ KENNETT MO 63857,100 COURTHOUSE SQ,KENNETT,MO,63857,Locality wide location,false,true,"From: 2022-10-25, To: 2022-10-28, Times: 08:30:00 - 12:00:00; From: 2022-10-25, To: 2022-10-28, Times: 13:00:00 - 16:30:00; From: 2022-10-31, To: 2022-11-04, Times: 08:30:00 - 12:00:00; From: 2022-10-31, To: 2022-11-04, Times: 13:00:00 - 16:30:00; From: 2022-11-05, To: 2022-11-05, Times: 08:00:00 - 12:00:00; From: 2022-11-07, To: 2022-11-07, Times: 08:30:00 - 12:00:00; From: 2022-11-07, To: 2022-11-07, Times: 13:00:00 - 17:00:00",2938306,29069,"100 Courthouse, Kennett, MO 63857, USA",KENNETT,DUNKLIN,MISSOURI,MO,36.2372737,-90.056564,,,,,False,,False
franklin,Franklin County Clerk's Office,400 E Locust Union MO 63084,400 E Locust,Union,MO,63084,Locality wide location,false,true,"From: 2022-10-25, To: 2022-10-28, Times: 08:00:00 - 16:30:00; From: 2022-10-31, To: 2022-11-04, Times: 08:00:00 - 16:30:00; From: 2022-11-05, To: 2022-11-05, Times: 08:00:00 - 12:00:00; From: 2022-11-07, To: 2022-11-07, Times: 08:00:00 - 17:00:00",,29071,"400 E Locust St, Union, MO 63084, USA",UNION,FRANKLIN,MISSOURI,MO,38.4446247,-91.0054103,,,,,False,,False
gasconade,Gasconade County Courthouse,119 E. First St. Hermann MO 65041,119 E. First St.,Hermann,MO,65041,Locality wide location,false,true,"From: 2022-10-25, To: 2022-10-28, Times: 08:00:00 - 16:30:00; From: 2022-10-31, To: 2022-11-04, Times: 08:00:00 - 16:30:00; From: 2022-11-05, To: 2022-11-05, Times: 08:00:00 - 12:00:00; From: 2022-11-07, To: 2022-11-07, Times: 08:00:00 - 16:30:00",2931762,29073,"119 E 1st St, Hermann, MO 65041, USA",HERMANN,GASCONADE,MISSOURI,MO,38.7073699,-91.4363338,38.7074769,-91.4360918,38.7072446,-91.4365303,False,,False
gentry,Gentry County Clerk’s Office,200 W. Clay St. Albany MO 64402,200 W. Clay St.,Albany,MO,64402,Locality wide location,false,true,"From: 2022-10-25, To: 2022-10-28, Times: 08:30:00 - 16:30:00; From: 2022-10-31, To: 2022-11-04, Times: 08:30:00 - 16:30:00; From: 2022-11-05, To: 2022-11-05, Times: 09:00:00 - 12:00:00; From: 2022-11-07, To: 2022-11-07, Times: 08:30:00 - 16:30:00",2900514,29075,"200 W Clay St, Albany, MO 64402, USA",ALBANY,GENTRY,MISSOURI,MO,40.2474659,-94.3331145,40.2475932,-94.3329749,40.2473523,-94.3332199,False,,False
greene,Greene County Clerk's Office,940 North Boonville SPRINGFIELD MO 65802,940 North Boonville,SPRINGFIELD,MO,65802,Locality wide location,false,true,"From: 2022-10-25, To: 2022-10-28, Times: 08:00:00 - 17:00:00; From: 2022-10-31, To: 2022-11-04, Times: 08:00:00 - 17:00:00; From: 2022-11-05, To: 2022-11-05, Times: 09:00:00 - 16:00:00; From: 2022-11-07, To: 2022-11-07, Times: 08:00:00 - 17:00:00",,29077,"940 N Boonville Ave, Springfield, MO 65802, USA",SPRINGFIELD,GREENE,MISSOURI,MO,37.2178979,-93.29173,37.2181575,-93.29127439999999,37.2177157,-93.29212299999999,False,,False
greene,Greene County Elections Center,1126 N Boonville Ave SPRINGFIELD MO 65802,1126 N Boonville Ave,SPRINGFIELD,MO,65802,Locality wide location,false,true,"From: 2022-10-25, To: 2022-10-28, Times: 08:00:00 - 17:00:00; From: 2022-10-31, To: 2022-11-04, Times: 08:00:00 - 17:00:00; From: 2022-11-05, To: 2022-11-05, Times: 09:00:00 - 16:00:00; From: 2022-11-07, To: 2022-11-07, Times: 08:00:00 - 17:00:00",,29077,"1126 N Boonville Ave, Springfield, MO 65802, USA",SPRINGFIELD,GREENE,MISSOURI,MO,37.2205984,-93.2919373,37.2208547,-93.29168100000001,37.2204256,-93.2921369,False,,False
grundy,Grundy County Clerk's Office,700 MAIN STREET TRENTON MO 64683,700 MAIN STREET,TRENTON,MO,64683,Locality wide location,false,true,"From: 2022-10-25, To: 2022-10-28, Times: 08:30:00 - 16:30:00; From: 2022-10-31, To: 2022-11-04, Times: 08:30:00 - 16:30:00; From: 2022-11-05, To: 2022-11-05, Times: 08:00:00 - 12:00:00; From: 2022-11-07, To: 2022-11-07, Times: 08:30:00 - 17:00:00",,29079,"700 Main St, Trenton, MO 64683, USA",TRENTON,GRUNDY,MISSOURI,MO,40.0736908,-93.6187329,40.0738388,-93.6185072,40.0735395,-93.61890179999999,False,,False
harrison,Harrison County Clerk's Office,1505 MAIN STREET BETHANY MO 64424,1505 MAIN STREET,BETHANY,MO,64424,Locality wide location,false,true,"From: 2022-10-25, To: 2022-10-28, Times: 08:00:00 - 12:00:00; From: 2022-10-25, To: 2022-10-28, Times: 13:00:00 - 16:30:00; From: 2022-10-31, To: 2022-11-04, Times: 08:00:00 - 12:00:00; From: 2022-10-31, To: 2022-11-04, Times: 13:00:00 - 16:30:00; From: 2022-11-05, To: 2022-11-05, Times: 08:00:00 - 12:00:00; From: 2022-11-07, To: 2022-11-07, Times: 08:00:00 - 12:00:00; From: 2022-11-07, To: 2022-11-07, Times: 13:00:00 - 16:30:00",,29081,"1505 Main St, Bethany, MO 64424, USA",BETHANY,HARRISON,MISSOURI,MO,40.2690381,-94.03513389999999,,,,,False,,False
henry,Henry County Clerk’s Office,100 West Franklin Clinton MO 64735,100 West Franklin,Clinton,MO,64735,Locality wide location,false,true,"From: 2022-10-25, To: 2022-10-28, Times: 08:30:00 - 16:30:00; From: 2022-10-31, To: 2022-11-04, Times: 08:30:00 - 16:30:00; From: 2022-11-05, To: 2022-11-05, Times: 08:00:00 - 12:00:00; From: 2022-11-07, To: 2022-11-07, Times: 08:30:00 - 17:00:00",,29083,"100 W Franklin St, Clinton, MO 64735, USA",CLINTON,HENRY,MISSOURI,MO,38.37015969999999,-93.77696429999999,38.3702247,-93.7768091,38.3700145,-93.77715479999999,False,,False
hickory,Hickory County Courthouse,23645 Polk St Hermitage MO 65668,23645 Polk St,Hermitage,MO,65668,Locality wide location,false,true,"From: 2022-10-25, To: 2022-10-28, Times: 08:00:00 - 16:30:00; From: 2022-10-31, To: 2022-11-04, Times: 08:00:00 - 16:30:00; From: 2022-11-05, To: 2022-11-05, Times: 08:00:00 - 12:00:00; From: 2022-11-07, To: 2022-11-07, Times: 08:00:00 - 16:30:00",2931780,29085,"23645 Polk St, Hermitage, MO 65668, USA",HERMITAGE,HICKORY,MISSOURI,MO,37.9408937,-93.3159508,,,,,False,,False
holt,Holt County Clerk's Office,102 W. Nodaway St. Oregon MO 64473,102 W. Nodaway St.,Oregon,MO,64473,Locality wide location,false,true,"From: 2022-10-25, To: 2022-10-28, Times: 08:30:00 - 12:00:00; From: 2022-10-25, To: 2022-10-28, Times: 13:00:00 - 17:00:00; From: 2022-10-31, To: 2022-11-04, Times: 08:30:00 - 12:00:00; From: 2022-10-31, To: 2022-11-04, Times: 13:00:00 - 17:00:00; From: 2022-11-05, To: 2022-11-05, Times: 08:00:00 - 12:00:00; From: 2022-11-07, To: 2022-11-07, Times: 08:30:00 - 12:00:00; From: 2022-11-07, To: 2022-11-07, Times: 13:00:00 - 17:00:00",2954848,29087,"102 W Nodaway St, Oregon, MO 64473, USA",OREGON,HOLT,MISSOURI,MO,39.9866366,-95.14404669999999,,,,,False,,False
howard,Howard County Clerk's Office,1 Courthouse Square Fayette MO 65248,1 Courthouse Square,Fayette,MO,65248,Locality wide location,false,true,"From: 2022-10-25, To: 2022-10-28, Times: 08:00:00 - 16:30:00; From: 2022-10-31, To: 2022-11-04, Times: 08:00:00 - 16:30:00; From: 2022-11-05, To: 2022-11-05, Times: 08:00:00 - 12:00:00; From: 2022-11-07, To: 2022-11-07, Times: 08:00:00 - 16:30:00",,29089,"Fayette, MO 65248, USA",FAYETTE,HOWARD,MISSOURI,MO,39.1458654,-92.6837943,39.1631449,-92.66625289999999,39.133185,-92.70188089999999,True,Unexpected address size change,False
howell,Howell County Clerk's Office,35 Court Square West Plains MO 65775,35 Court Square,West Plains,MO,65775,Locality wide location,false,true,"From: 2022-10-25, To: 2022-10-28, Times: 08:30:00 - 16:30:00; From: 2022-10-31, To: 2022-11-04, Times: 08:30:00 - 16:30:00; From: 2022-11-05, To: 2022-11-05, Times: 08:00:00 - 12:00:00; From: 2022-11-07, To: 2022-11-07, Times: 08:30:00 - 17:00:00",,29091,"35 Court Square, West Plains, MO 65775, USA",WEST PLAINS,HOWELL,MISSOURI,MO,36.728437,-91.85324870000001,36.7285869,-91.8530691,36.7282678,-91.85335049999999,False,,False
iron,Iron County Clerk's Office,250 S Main St. Ironton MO 63650,250 S Main St.,Ironton,MO,63650,Locality wide location,false,true,"From: 2022-10-25, To: 2022-10-28, Times: 08:30:00 - 16:00:00; From: 2022-10-31, To: 2022-11-04, Times: 08:30:00 - 16:00:00; From: 2022-11-05, To: 2022-11-05, Times: 08:00:00 - 12:00:00; From: 2022-11-07, To: 2022-11-07, Times: 08:30:00 - 16:00:00",2935468,29093,"250 S Main St, Ironton, MO 63650, USA",IRONTON,IRON,MISSOURI,MO,37.5972789,-90.6277082,,,,,False,,False
jackson,Absentee Office,110 N Liberty Independence MO 64050,110 N Liberty,Independence,MO,64050,Locality wide location,false,true,"From: 2022-10-25, To: 2022-10-28, Times: 08:30:00 - 17:00:00; From: 2022-10-29, To: 2022-10-29, Times: 08:30:00 - 12:30:00; From: 2022-10-31, To: 2022-11-04, Times: 08:30:00 - 17:00:00; From: 2022-11-05, To: 2022-11-05, Times: 08:30:00 - 12:30:00; From: 2022-11-07, To: 2022-11-07, Times: 08:30:00 - 17:00:00",,29095,"110 N Liberty St, Independence, MO 64050, USA",INDEPENDENCE,JACKSON,MISSOURI,MO,39.0925927,-94.417586,39.0926196,-94.4171812,39.0925454,-94.41773930000001,False,,False
jasper,Jasper County Courthouse,302 S. Main St. Carthage MO 64836,302 S. Main St.,Carthage,MO,64836,Locality wide location,false,true,"From: 2022-10-25, To: 2022-10-28, Times: 08:30:00 - 16:30:00; From: 2022-10-31, To: 2022-11-04, Times: 08:30:00 - 16:30:00; From: 2022-11-05, To: 2022-11-05, Times: 08:00:00 - 12:00:00; From: 2022-11-07, To: 2022-11-07, Times: 08:30:00 - 17:00:00",2911656,29097,"302 S Main St, Carthage, MO 64836, USA",CARTHAGE,JASPER,MISSOURI,MO,37.1764845,-94.31038,37.1767074,-94.31007439999999,37.176342,-94.3105868,False,,False
jefferson,Jefferson County Clerk's Office,729 Maple Street Hillsboro MO 63050,729 Maple Street,Hillsboro,MO,63050,Locality wide location,false,true,"From: 2022-10-25, To: 2022-10-28, Times: 07:00:00 - 19:00:00; From: 2022-10-31, To: 2022-11-04, Times: 07:00:00 - 19:00:00; From: 2022-11-05, To: 2022-11-05, Times: 08:00:00 - 12:00:00; From: 2022-11-07, To: 2022-11-07, Times: 07:00:00 - 19:00:00",2932248,29099,"729 Maple St, Hillsboro, MO 63050, USA",HILLSBORO,JEFFERSON,MISSOURI,MO,38.2284541,-90.5657526,38.2285979,-90.5655348,38.2281697,-90.5659518,False,,False
johnson,Johnson County Clerk's Office,300 N. Holden St. Warrensburg MO 64093,300 N. Holden St.,Warrensburg,MO,64093,Locality wide location,false,true,"From: 2022-10-25, To: 2022-10-28, Times: 08:30:00 - 16:30:00; From: 2022-10-31, To: 2022-11-04, Times: 08:30:00 - 16:30:00; From: 2022-11-05, To: 2022-11-05, Times: 08:30:00 - 12:30:00; From: 2022-11-07, To: 2022-11-07, Times: 08:30:00 - 17:00:00",2977092,29101,"300 N Holden St, Warrensburg, MO 64093, USA",WARRENSBURG,JOHNSON,MISSOURI,MO,38.7650776,-93.74085099999999,38.7652485,-93.74071099999999,38.7649503,-93.74103079999999,False,,False
kansas_city,KCEB Training Center (Union Station),30 W Pershing Rd. Kansas City MO 64108,30 W Pershing Rd.,Kansas City,MO,64108,Locality wide location,false,true,"From: 2022-10-25, To: 2022-10-28, Times: 08:00:00 - 18:00:00; From: 2022-10-31, To: 2022-11-04, Times: 08:00:00 - 18:00:00; From: 2022-11-05, To: 2022-11-05, Times: 08:00:00 - 12:00:00; From: 2022-11-07, To: 2022-11-07, Times: 08:00:00 - 17:00:00",,,"30 W Pershing Rd, Kansas City, MO 64108, USA",KANSAS CITY,JACKSON,MISSOURI,MO,39.0860073,-94.58586059999999,39.0861379,-94.5855616,39.0858921,-94.586146,False,,False
kansas_city,The Whole Person,3710 Main St. Kansas City MO 64111,3710 Main St.,Kansas City,MO,64111,Locality wide location,false,true,"From: 2022-10-25, To: 2022-10-28, Times: 10:00:00 - 18:00:00; From: 2022-10-31, To: 2022-11-04, Times: 10:00:00 - 18:00:00; From: 2022-11-05, To: 2022-11-05, Times: 08:00:00 - 12:00:00",,,"3710 Main St, Kansas City, MO 64111, USA",KANSAS CITY,JACKSON,MISSOURI,MO,39.0596851,-94.5862774,39.0598502,-94.5860648,39.0594313,-94.5866166,False,,False
kansas_city,United Believers Community Church,5600 E 112th Ter. Kansas City MO 64134,5600 E 112th Ter.,Kansas City,MO,64134,Locality wide location,false,true,"From: 2022-10-25, To: 2022-10-28, Times: 10:00:00 - 18:00:00; From: 2022-10-31, To: 2022-11-04, Times: 10:00:00 - 18:00:00; From: 2022-11-05, To: 2022-11-05, Times: 08:00:00 - 12:00:00",,,"5600 E 112 Terrace, Kansas City, MO 64137, USA",KANSAS CITY,JACKSON,MISSOURI,MO,38.9216415,-94.5253108,38.9218463,-94.5249807,38.9214111,-94.52570639999999,False,,False
knox,Knox County Courthouse,107 N FOURTH ST EDINA MO 63537,107 N FOURTH ST,EDINA,MO,63537,Locality wide location,false,true,"From: 2022-10-25, To: 2022-10-28, Times: 08:30:00 - 12:00:00; From: 2022-10-25, To: 2022-10-28, Times: 13:00:00 - 16:00:00; From: 2022-10-31, To: 2022-11-04, Times: 08:30:00 - 12:00:00; From: 2022-10-31, To: 2022-11-04, Times: 13:00:00 - 16:00:00; From: 2022-11-05, To: 2022-11-05, Times: 08:00:00 - 12:00:00; From: 2022-11-07, To: 2022-11-07, Times: 08:30:00 - 12:00:00; From: 2022-11-07, To: 2022-11-07, Times: 13:00:00 - 17:00:00",2921322,29103,"107 N 4th, Edina, MO 63537, USA",EDINA,KNOX,MISSOURI,MO,40.1690773,-92.17171429999999,,,,,False,,False
laclede,Laclede County Clerk's Office,200 N. Adams Ave. Lebanon MO 65536,200 N. Adams Ave.,Lebanon,MO,65536,Locality wide location,false,true,"From: 2022-10-25, To: 2022-10-28, Times: 08:00:00 - 16:00:00; From: 2022-10-31, To: 2022-11-04, Times: 08:00:00 - 16:00:00; From: 2022-11-05, To: 2022-11-05, Times: 08:00:00 - 12:00:00; From: 2022-11-07, To: 2022-11-07, Times: 08:00:00 - 17:00:00",2941168,29105,"200 N Adams Ave, Lebanon, MO 65536, USA",LEBANON,LACLEDE,MISSOURI,MO,37.6830725,-92.6641499,37.6835667,-92.6636863,37.6826071,-92.664826,False,,False
lafayette,Lafayette County Clerk's Office,1001 Main Street Lexington MO 64067,1001 Main Street,Lexington,MO,64067,Locality wide location,false,true,"From: 2022-10-25, To: 2022-10-28, Times: 08:30:00 - 16:30:00; From: 2022-10-31, To: 2022-11-04, Times: 08:30:00 - 16:30:00; From: 2022-11-05, To: 2022-11-05, Times: 08:00:00 - 12:00:00; From: 2022-11-07, To: 2022-11-07, Times: 08:30:00 - 17:00:00",2941870,29107,"1001 Main St, Lexington, MO 64067, USA",LEXINGTON,LAFAYETTE,MISSOURI,MO,39.1851131,-93.88267309999999,39.1853142,-93.8824623,39.1850402,-93.8829308,False,,False
lawrence,Lawrence County Clerk's Office,1 Courthouse Square Mt. Vernon MO 65712,1 Courthouse Square,Mt. Vernon,MO,65712,Locality wide location,false,true,"From: 2022-10-25, To: 2022-10-28, Times: 08:00:00 - 16:00:00; From: 2022-10-31, To: 2022-11-04, Times: 08:00:00 - 16:00:00; From: 2022-11-05, To: 2022-11-05, Times: 08:00:00 - 12:00:00; From: 2022-11-07, To: 2022-11-07, Times: 08:00:00 - 16:00:00",,29109,"Mt Vernon, MO 65712, USA",MOUNT VERNON,LAWRENCE,MISSOURI,MO,37.1036665,-93.81854009999999,37.125786,-93.78985,37.086107,-93.8400461,True,Unexpected address size change,False
lewis,Lewis County Clerk's Office,100 E LAFAYETTE MONTICELLO MO 63457,100 E LAFAYETTE,MONTICELLO,MO,63457,Locality wide location,false,true,"From: 2022-10-25, To: 2022-10-28, Times: 08:00:00 - 12:00:00; From: 2022-10-25, To: 2022-10-28, Times: 13:00:00 - 16:00:00; From: 2022-10-31, To: 2022-11-04, Times: 08:00:00 - 12:00:00; From: 2022-10-31, To: 2022-11-04, Times: 13:00:00 - 16:00:00; From: 2022-11-05, To: 2022-11-05, Times: 08:00:00 - 12:00:00; From: 2022-11-07, To: 2022-11-07, Times: 08:00:00 - 12:00:00; From: 2022-11-07, To: 2022-11-07, Times: 13:00:00 - 17:00:00",2949592,29111,"100 E Lafayette St, Monticello, MO 63457, USA",MONTICELLO,LEWIS,MISSOURI,MO,40.1183164,-91.71424359999999,,,,,False,,False
lincoln,Lincoln County Clerk's Office,201 Main Street Troy MO 63379,201 Main Street,Troy,MO,63379,Locality wide location,false,true,"From: 2022-10-25, To: 2022-10-25, Times: 08:00:00 - 16:30:00; From: 2022-10-26, To: 2022-10-26, Times: 08:00:00 - 18:00:00; From: 2022-10-27, To: 2022-10-28, Times: 08:00:00 - 16:30:00; From: 2022-10-29, To: 2022-10-29, Times: 08:00:00 - 12:00:00; From: 2022-10-31, To: 2022-11-01, Times: 08:00:00 - 16:30:00; From: 2022-11-02, To: 2022-11-02, Times: 08:00:00 - 18:00:00; From: 2022-11-03, To: 2022-11-04, Times: 08:00:00 - 16:30:00; From: 2022-11-05, To: 2022-11-05, Times: 08:00:00 - 12:00:00; From: 2022-11-07, To: 2022-11-07, Times: 08:00:00 - 17:00:00",2973942,29113,"201 Main St, Troy, MO 63379, USA",TROY,LINCOLN,MISSOURI,MO,38.98025579999999,-90.9822535,38.980443,-90.9820427,38.9800979,-90.98245680000001,False,,False
linn,Linn County Clerk's Office,108 N HIGH ST LINNEUS MO 64653,108 N HIGH ST,LINNEUS,MO,64653,Locality wide location,false,true,"From: 2022-10-25, To: 2022-10-28, Times: 09:00:00 - 12:00:00; From: 2022-10-25, To: 2022-10-28, Times: 13:00:00 - 16:30:00; From: 2022-10-31, To: 2022-11-04, Times: 09:00:00 - 12:00:00; From: 2022-10-31, To: 2022-11-04, Times: 13:00:00 - 16:30:00; From: 2022-11-05, To: 2022-11-05, Times: 08:00:00 - 12:00:00; From: 2022-11-07, To: 2022-11-07, Times: 09:00:00 - 12:00:00; From: 2022-11-07, To: 2022-11-07, Times: 13:00:00 - 17:00:00",2943292,29115,"108 N High St, Linneus, MO 64653, USA",LINNEUS,LINN,MISSOURI,MO,39.8793866,-93.18921429999999,,,,,False,,False
livingston,Livingston County Clerk's Office,700 Webster St. Chillicothe MO 64601,700 Webster St.,Chillicothe,MO,64601,Locality wide location,false,true,"From: 2022-10-25, To: 2022-10-28, Times: 08:30:00 - 16:30:00; From: 2022-10-31, To: 2022-11-04, Times: 08:30:00 - 16:30:00; From: 2022-11-05, To: 2022-11-05, Times: 08:30:00 - 12:30:00; From: 2022-11-07, To: 2022-11-07, Times: 08:30:00 - 17:00:00",,29117,"700 Webster St, Chillicothe, MO 64601, USA",CHILLICOTHE,LIVINGSTON,MISSOURI,MO,39.7938443,-93.5530812,39.79400680000001,-93.55294119999999,39.7937434,-93.5532154,False,,False
macon,Macon County Clerk's Office,101 E. Washington Street MACON MO 63552,101 E. Washington Street,MACON,MO,63552,Locality wide location,false,true,"From: 2022-10-25, To: 2022-10-28, Times: 08:00:00 - 12:00:00; From: 2022-10-25, To: 2022-10-28, Times: 13:00:00 - 16:00:00; From: 2022-10-31, To: 2022-11-04, Times: 08:00:00 - 12:00:00; From: 2022-10-31, To: 2022-11-04, Times: 13:00:00 - 16:00:00; From: 2022-11-05, To: 2022-11-05, Times: 08:00:00 - 12:00:00; From: 2022-11-07, To: 2022-11-07, Times: 08:00:00 - 17:00:00",2945326,29121,"101 E Washington St, Macon, MO 63552, USA",MACON,MACON,MISSOURI,MO,39.7422699,-92.4728947,39.7423548,-92.4727126,39.742156,-92.4730297,False,,False
madison,Madison County Clerk's Office,1 Courthouse Square FREDERICKTOWN MO 63645,1 Courthouse Square,FREDERICKTOWN,MO,63645,Locality wide location,false,true,"From: 2022-10-25, To: 2022-10-28, Times: 08:00:00 - 17:00:00; From: 2022-10-31, To: 2022-11-04, Times: 08:00:00 - 17:00:00; From: 2022-11-05, To: 2022-11-05, Times: 08:00:00 - 12:00:00; From: 2022-11-07, To: 2022-11-07, Times: 08:00:00 - 17:00:00",2925768,29123,"1 Court Square, Fredericktown, MO 63645, USA",FREDERICKTOWN,MADISON,MISSOURI,MO,37.5597311,-90.2943877,37.5598106,-90.29427609999999,37.5595996,-90.2945587,False,,False
maries,Maries County Clerk's Office,211 FOURTH ST VIENNA MO 65582,211 FOURTH ST,VIENNA,MO,65582,Locality wide location,false,true,"From: 2022-10-25, To: 2022-10-28, Times: 08:00:00 - 12:00:00; From: 2022-10-25, To: 2022-10-28, Times: 13:00:00 - 16:00:00; From: 2022-10-31, To: 2022-11-04, Times: 08:00:00 - 12:00:00; From: 2022-10-31, To: 2022-11-04, Times: 13:00:00 - 16:00:00; From: 2022-11-05, To: 2022-11-05, Times: 08:00:00 - 12:00:00; From: 2022-11-07, To: 2022-11-07, Times: 08:00:00 - 12:00:00; From: 2022-11-07, To: 2022-11-07, Times: 13:00:00 - 17:00:00",2976102,29125,"211 4th St, Vienna, MO 65582, USA",VIENNA,MARIES,MISSOURI,MO,38.1854014,-91.94730210000002,38.1855088,-91.9471208,38.185225,-91.9474745,False,,False
marion,Hannibal Municipal Court,777 Broadway Hannibal MO 63401,777 Broadway,Hannibal,MO,63401,Locality wide location,false,true,"From: 2022-10-25, To: 2022-10-28, Times: 08:00:00 - 17:00:00; From: 2022-10-31, To: 2022-11-04, Times: 08:00:00 - 17:00:00; From: 2022-11-05, To: 2022-11-05, Times: 08:00:00 - 12:00:00; From: 2022-11-07, To: 2022-11-07, Times: 08:00:00 - 17:00:00",2930214,29127,"777 Broadway, Hannibal, MO 63401, USA",HANNIBAL,MARION,MISSOURI,MO,39.7066859,-91.3621083,39.7068823,-91.3618048,39.7065039,-91.3623445,False,,False
marion,Marion County Clerk's Office,100 S Main St. Palmyra MO 63461,100 S Main St.,Palmyra,MO,63461,Locality wide location,false,true,"From: 2022-10-25, To: 2022-10-28, Times: 08:00:00 - 17:00:00; From: 2022-10-31, To: 2022-11-04, Times: 08:00:00 - 17:00:00; From: 2022-11-05, To: 2022-11-05, Times: 08:00:00 - 12:00:00; From: 2022-11-07, To: 2022-11-07, Times: 08:00:00 - 17:00:00",2956036,29127,"100 S Main St, Palmyra, MO 63461, USA",PALMYRA,MARION,MISSOURI,MO,39.7991991,-91.52369929999999,39.7993213,-91.52348459999999,39.79908959999999,-91.52387820000001,False,,False
mcdonald,McDonald County Clerk's Office,502 Main Street Pineville MO 64856,502 Main Street,Pineville,MO,64856,Locality wide location,false,true,"From: 2022-10-25, To: 2022-10-28, Times: 08:00:00 - 16:00:00; From: 2022-10-31, To: 2022-11-04, Times: 08:00:00 - 16:00:00; From: 2022-11-05, To: 2022-11-05, Times: 08:00:00 - 12:00:00; From: 2022-11-07, To: 2022-11-07, Times: 08:00:00 - 17:00:00",2957818,29119,"502 Main St, Pineville, MO 64856, USA",PINEVILLE,MCDONALD,MISSOURI,MO,36.5941631,-94.3835373,36.5941775,-94.38333349999999,36.594064,-94.3836839,False,,False
mercer,Mercer County Clerk's Office,802 E MAIN ST PRINCETON MO 64673,802 E MAIN ST,PRINCETON,MO,64673,Locality wide location,false,true,"From: 2022-10-25, To: 2022-10-28, Times: 08:30:00 - 12:00:00; From: 2022-10-25, To: 2022-10-25, Times: 13:00:00 - 16:30:00; From: 2022-10-26, To: 2022-10-26, Times: 13:00:00 - 17:00:00; From: 2022-10-27, To: 2022-10-27, Times: 13:00:00 - 16:30:00; From: 2022-10-28, To: 2022-10-28, Times: 13:00:00 - 17:00:00; From: 2022-10-31, To: 2022-11-04, Times: 08:30:00 - 12:00:00; From: 2022-10-31, To: 2022-11-04, Times: 13:00:00 - 16:30:00; From: 2022-11-05, To: 2022-11-05, Times: 08:00:00 - 12:00:00; From: 2022-11-07, To: 2022-11-07, Times: 08:30:00 - 12:00:00; From: 2022-11-07, To: 2022-11-07, Times: 13:00:00 - 17:00:00",2959942,29129,"802 E Main St, Princeton, MO 64673, USA",PRINCETON,MERCER,MISSOURI,MO,40.3968085,-93.58565899999999,40.3969211,-93.585466,40.3966815,-93.58587229999999,False,,False
miller,Miller County Clerk's Office,2001 HWY 52 TUSCUMBIA MO 65082,2001 HWY 52,TUSCUMBIA,MO,65082,Locality wide location,false,true,"From: 2022-10-25, To: 2022-10-28, Times: 08:00:00 - 16:30:00; From: 2022-10-31, To: 2022-11-04, Times: 08:00:00 - 16:30:00; From: 2022-11-05, To: 2022-11-05, Times: 08:00:00 - 12:00:00; From: 2022-11-07, To: 2022-11-07, Times: 08:00:00 - 17:00:00",2974194,29131,"2001 MO-52, Tuscumbia, MO 65082, USA",TUSCUMBIA,MILLER,MISSOURI,MO,38.240827,-92.46296439999999,38.2410445,-92.4626795,38.2406079,-92.4632183,False,,False
mississippi,Mississippi County Clerk's Office,200 N MAIN ST CHARLESTON MO 63834,200 N MAIN ST,CHARLESTON,MO,63834,Locality wide location,false,true,"From: 2022-10-25, To: 2022-10-28, Times: 08:00:00 - 16:30:00; From: 2022-10-31, To: 2022-11-04, Times: 08:00:00 - 16:30:00; From: 2022-11-05, To: 2022-11-05, Times: 08:00:00 - 12:00:00; From: 2022-11-07, To: 2022-11-07, Times: 08:00:00 - 17:00:00",2913366,29133,"200 N Main St, Charleston, MO 63834, USA",CHARLESTON,MISSISSIPPI,MISSOURI,MO,36.9243684,-89.34961129999999,36.9245782,-89.3493594,36.9242273,-89.349794,False,,False
moniteau,Moniteau County Courthouse,200 E. Main St California MO 65018,200 E. Main St,California,MO,65018,Locality wide location,false,true,"From: 2022-10-25, To: 2022-10-28, Times: 08:00:00 - 12:00:00; From: 2022-10-25, To: 2022-10-28, Times: 12:30:00 - 16:30:00; From: 2022-10-31, To: 2022-11-04, Times: 08:00:00 - 12:00:00; From: 2022-10-31, To: 2022-11-04, Times: 12:30:00 - 16:30:00; From: 2022-11-05, To: 2022-11-05, Times: 08:00:00 - 12:00:00; From: 2022-11-07, To: 2022-11-07, Times: 08:00:00 - 12:00:00; From: 2022-11-07, To: 2022-11-07, Times: 12:30:00 - 16:30:00",2910468,29135,"200 E Main St, California, MO 65018, USA",CALIFORNIA,MONITEAU,MISSOURI,MO,38.6365632,-92.56488069999999,38.6367009,-92.5647687,38.6364323,-92.56497449999999,False,,False
monroe,Monroe County Clerk's Office,300 North Main St Paris MO 65275,300 North Main St,Paris,MO,65275,Locality wide location,false,true,"From: 2022-10-25, To: 2022-10-28, Times: 08:00:00 - 12:00:00; From: 2022-10-25, To: 2022-10-28, Times: 13:00:00 - 16:30:00; From: 2022-10-31, To: 2022-11-04, Times: 08:00:00 - 12:00:00; From: 2022-10-31, To: 2022-11-04, Times: 13:00:00 - 16:30:00; From: 2022-11-05, To: 2022-11-05, Times: 08:00:00 - 12:00:00; From: 2022-11-07, To: 2022-11-07, Times: 08:00:00 - 12:00:00; From: 2022-11-07, To: 2022-11-07, Times: 13:00:00 - 16:30:00",2956144,29137,"300 N Main St, Paris, MO 65275, USA",PARIS,MONROE,MISSOURI,MO,39.4828155,-91.9995472,39.4830153,-91.9994567,39.4827311,-91.9997444,False,,False
montgomery,Montgomery County Clerk's Office,211 E. Third Street Montgomery City MO 63361,211 E. Third Street,Montgomery City,MO,63361,Locality wide location,false,true,"From: 2022-10-25, To: 2022-10-28, Times: 08:00:00 - 16:30:00; From: 2022-10-31, To: 2022-11-04, Times: 08:00:00 - 16:30:00; From: 2022-11-05, To: 2022-11-05, Times: 08:00:00 - 12:00:00; From: 2022-11-07, To: 2022-11-07, Times: 08:00:00 - 16:30:00",2949574,29139,"211 E 3rd St, Montgomery City, MO 63361, USA",MONTGOMERY CITY,MONTGOMERY,MISSOURI,MO,38.9795184,-91.5047146,38.9798486,-91.5044842,38.9791938,-91.5050461,False,,False
morgan,Morgan County Clerk's Office,100 E. Newton St. Versailles MO 65084,100 E. Newton St.,Versailles,MO,65084,Locality wide location,false,true,"From: 2022-10-25, To: 2022-10-28, Times: 08:00:00 - 16:30:00; From: 2022-10-31, To: 2022-11-04, Times: 08:00:00 - 16:30:00; From: 2022-11-05, To: 2022-11-05, Times: 08:00:00 - 12:00:00; From: 2022-11-07, To: 2022-11-07, Times: 08:00:00 - 17:00:00",2975922,29141,"100 E Newton St, Versailles, MO 65084, USA",VERSAILLES,MORGAN,MISSOURI,MO,38.4312393,-92.8414657,38.4313796,-92.8412903,38.4311668,-92.8416657,False,,False
new_madrid,New Madrid County Clerk's Office,450 Main Street New Madrid MO 63869,450 Main Street,New Madrid,MO,63869,Locality wide location,false,true,"From: 2022-10-25, To: 2022-10-28, Times: 08:00:00 - 12:00:00; From: 2022-10-25, To: 2022-10-28, Times: 13:00:00 - 16:30:00; From: 2022-10-31, To: 2022-11-04, Times: 08:00:00 - 12:00:00; From: 2022-10-31, To: 2022-11-04, Times: 13:00:00 - 16:30:00; From: 2022-11-05, To: 2022-11-05, Times: 08:00:00 - 12:00:00; From: 2022-11-07, To: 2022-11-07, Times: 08:00:00 - 12:00:00; From: 2022-11-07, To: 2022-11-07, Times: 13:00:00 - 17:00:00",,,"450 Main St, New Madrid, MO 63869, USA",NEW MADRID,NEW MADRID,MISSOURI,MO,36.5877493,-89.5277563,36.5879122,-89.5276078,36.5875979,-89.5279286,False,,False
newton,Newton County Clerk's Office,101 South Wood Street Neosho MO 64850,101 South Wood Street,Neosho,MO,64850,Locality wide location,false,true,"From: 2022-10-25, To: 2022-10-28, Times: 08:00:00 - 16:30:00; From: 2022-10-31, To: 2022-11-04, Times: 08:00:00 - 16:30:00; From: 2022-11-05, To: 2022-11-05, Times: 08:00:00 - 12:00:00; From: 2022-11-07, To: 2022-11-07, Times: 08:00:00 - 17:00:00",2951572,29145,"101 S Wood St, Neosho, MO 64850, USA",NEOSHO,NEWTON,MISSOURI,MO,36.8691262,-94.3678875,,,,,True,Unexpected address size change,False
nodaway,Nodaway County Clerk's Office,403 N Market Maryville MO 64468,403 N Market,Maryville,MO,64468,Locality wide location,false,true,"From: 2022-10-25, To: 2022-10-28, Times: 08:00:00 - 16:30:00; From: 2022-10-31, To: 2022-11-04, Times: 08:00:00 - 16:30:00; From: 2022-11-05, To: 2022-11-05, Times: 08:00:00 - 12:00:00; From: 2022-11-07, To: 2022-11-07, Times: 08:00:00 - 17:00:00",2946640,29147,"403 N Market St, Maryville, MO 64468, USA",MARYVILLE,NODAWAY,MISSOURI,MO,40.3490642,-94.8712693,40.3492141,-94.8711185,40.3488534,-94.87157169999999,False,,False
oregon,Oregon County Election Authority,1 COURT SQUARE ALTON MO 65606,1 COURT SQUARE,ALTON,MO,65606,Locality wide location,false,true,"From: 2022-10-25, To: 2022-10-28, Times: 08:00:00 - 12:00:00; From: 2022-10-25, To: 2022-10-28, Times: 13:00:00 - 16:00:00; From: 2022-10-31, To: 2022-11-04, Times: 08:00:00 - 12:00:00; From: 2022-10-31, To: 2022-11-04, Times: 13:00:00 - 16:00:00; From: 2022-11-05, To: 2022-11-05, Times: 08:00:00 - 12:00:00; From: 2022-11-07, To: 2022-11-07, Times: 08:00:00 - 12:00:00; From: 2022-11-07, To: 2022-11-07, Times: 13:00:00 - 17:00:00",,29149,"1 Court Sq, Alton, MO 65606, USA",ALTON,OREGON,MISSOURI,MO,36.6943902,-91.3982515,,,,,False,,False
osage,Osage County Clerk's Office,205 E. MAIN STREET LINN MO 65051,205 E. MAIN STREET,LINN,MO,65051,Locality wide location,false,true,"From: 2022-10-25, To: 2022-10-27, Times: 08:00:00 - 16:30:00; From: 2022-10-28, To: 2022-10-28, Times: 08:00:00 - 17:00:00; From: 2022-10-31, To: 2022-11-04, Times: 08:00:00 - 16:30:00; From: 2022-11-05, To: 2022-11-05, Times: 08:00:00 - 12:00:00; From: 2022-11-07, To: 2022-11-07, Times: 08:00:00 - 16:30:00",,29151,"205 E Main St, Linn, MO 65051, USA",LINN,OSAGE,MISSOURI,MO,38.4860588,-91.85160979999999,38.486173,-91.8514519,38.4858999,-91.85178789999999,False,,False
ozark,Ozark County Clerk's Office,1 Courthouse Square Gainesville MO 65655,1 Courthouse Square,Gainesville,MO,65655,Locality wide location,false,true,"From: 2022-10-25, To: 2022-10-28, Times: 08:00:00 - 12:00:00; From: 2022-10-25, To: 2022-10-28, Times: 12:30:00 - 16:30:00; From: 2022-10-31, To: 2022-11-04, Times: 08:00:00 - 12:00:00; From: 2022-10-31, To: 2022-11-04, Times: 12:30:00 - 16:30:00; From: 2022-11-05, To: 2022-11-05, Times: 08:00:00 - 12:00:00; From: 2022-11-07, To: 2022-11-07, Times: 08:00:00 - 12:00:00; From: 2022-11-07, To: 2022-11-07, Times: 12:30:00 - 17:00:00",2926218,29153,"Gainesville, MO 65655, USA",GAINESVILLE,OZARK,MISSOURI,MO,36.6031184,-92.42821699999999,36.623376,-92.39320389999999,36.5927421,-92.475788,True,Unexpected address size change,False
pemiscot,Pemiscot County Clerk's Office,610 Ward Avenue Caruthersville MO 63830,610 Ward Avenue,Caruthersville,MO,63830,Locality wide location,false,true,"From: 2022-10-25, To: 2022-10-28, Times: 08:30:00 - 12:00:00; From: 2022-10-25, To: 2022-10-28, Times: 13:00:00 - 16:30:00; From: 2022-10-31, To: 2022-11-04, Times: 08:30:00 - 12:00:00; From: 2022-10-31, To: 2022-11-04, Times: 13:00:00 - 16:30:00; From: 2022-11-05, To: 2022-11-05, Times: 08:00:00 - 12:00:00; From: 2022-11-07, To: 2022-11-07, Times: 08:30:00 - 12:00:00; From: 2022-11-07, To: 2022-11-07, Times: 13:00:00 - 16:30:00",2911692,29155,"PEMISCOT COUNTY COURT HOUSE, 610 Ward Ave, Caruthersville, MO 63830, USA",CARUTHERSVILLE,PEMISCOT,MISSOURI,MO,36.1897264,-89.65696799999999,36.1899117,-89.6567906,36.1895897,-89.65715809999999,False,,False
perry,Perry County Clerk's Office,321 N Main St. Perryville MO 63775,321 N Main St.,Perryville,MO,63775,Locality wide location,false,true,"From: 2022-10-25, To: 2022-10-28, Times: 08:00:00 - 17:00:00; From: 2022-10-31, To: 2022-11-04, Times: 08:00:00 - 17:00:00; From: 2022-11-05, To: 2022-11-05, Times: 08:00:00 - 12:00:00; From: 2022-11-07, To: 2022-11-07, Times: 08:00:00 - 17:00:00",2957116,29157,"321 N Main St, Perryville, MO 63775, USA",PERRYVILLE,PERRY,MISSOURI,MO,37.7285463,-89.86209199999999,37.728651,-89.8619804,37.7284688,-89.8621594,False,,False
pettis,Pettis County Clerk's Office,215 E. 5th St. Sedalia MO 65301,215 E. 5th St.,Sedalia,MO,65301,Locality wide location,false,true,"From: 2022-10-25, To: 2022-10-28, Times: 08:00:00 - 17:00:00; From: 2022-10-31, To: 2022-11-04, Times: 08:00:00 - 17:00:00; From: 2022-11-05, To: 2022-11-05, Times: 09:00:00 - 13:00:00; From: 2022-11-07, To: 2022-11-07, Times: 08:00:00 - 17:00:00",2966440,29159,"215 E 5th St, Sedalia, MO 65301, USA",SEDALIA,PETTIS,MISSOURI,MO,38.7070624,-93.2263529,38.7071148,-93.22624069999999,38.7069117,-93.226478,False,,False
phelps,Phelps County Clerk's Office,200 N MAIN ST ROLLA MO 65401,200 N MAIN ST,ROLLA,MO,65401,Locality wide location,false,true,"From: 2022-10-25, To: 2022-10-28, Times: 08:00:00 - 17:00:00; From: 2022-10-31, To: 2022-11-04, Times: 08:00:00 - 17:00:00; From: 2022-11-05, To: 2022-11-05, Times: 08:00:00 - 12:00:00; From: 2022-11-07, To: 2022-11-07, Times: 08:00:00 - 17:00:00",2962912,29161,"200 N Main St, Rolla, MO 65401, USA",ROLLA,PHELPS,MISSOURI,MO,37.9458554,-91.7738892,37.946153,-91.7736077,37.9457354,-91.7741191,False,,False
pike,Pike County Clerk's Office,115 West Main St. Bowling Green MO 63334,115 West Main St.,Bowling Green,MO,63334,Locality wide location,false,true,"From: 2022-10-25, To: 2022-10-28, Times: 08:00:00 - 16:30:00; From: 2022-10-31, To: 2022-11-04, Times: 08:00:00 - 16:30:00; From: 2022-11-05, To: 2022-11-05, Times: 08:00:00 - 12:00:00; From: 2022-11-07, To: 2022-11-07, Times: 08:00:00 - 17:00:00",,29163,"115 W Main St, Bowling Green, MO 63334, USA",BOWLING GREEN,PIKE,MISSOURI,MO,39.3424396,-91.1947505,39.3425257,-91.1945839,39.3422752,-91.1949011,False,,False
platte,Platte County Board of Elections,2600 NW Prairie View Road Platte City MO 64079,2600 NW Prairie View Road,Platte City,MO,64079,Locality wide location,false,true,"From: 2022-10-25, To: 2022-10-25, Times: 08:00:00 - 17:00:00; From: 2022-10-26, To: 2022-10-26, Times: 08:00:00 - 19:00:00; From: 2022-10-27, To: 2022-10-28, Times: 08:00:00 - 17:00:00; From: 2022-10-31, To: 2022-11-02, Times: 08:00:00 - 17:00:00; From: 2022-11-03, To: 2022-11-03, Times: 08:00:00 - 19:00:00; From: 2022-11-04, To: 2022-11-04, Times: 08:00:00 - 17:00:00; From: 2022-11-05, To: 2022-11-05, Times: 08:00:00 - 12:00:00; From: 2022-11-07, To: 2022-11-07, Times: 08:00:00 - 17:00:00",,29165,"2600 NW Prairie View Rd, Platte City, MO 64079, USA",PLATTE CITY,PLATTE,MISSOURI,MO,39.3499953,-94.7601388,39.3502318,-94.759733,39.3497826,-94.7604307,False,,False
polk,Polk County Clerk's Office,102 E Broadway Bolivar MO 65613,102 E Broadway,Bolivar,MO,65613,Locality wide location,false,true,"From: 2022-10-25, To: 2022-10-28, Times: 08:00:00 - 17:00:00; From: 2022-10-31, To: 2022-11-04, Times: 08:00:00 - 17:00:00; From: 2022-11-05, To: 2022-11-05, Times: 08:00:00 - 12:00:00; From: 2022-11-07, To: 2022-11-07, Times: 08:00:00 - 17:00:00",2906976,29167,"102 E Broadway St, Bolivar, MO 65613, USA",BOLIVAR,POLK,MISSOURI,MO,37.6137868,-93.4110587,,,,,False,,False
pulaski,Pulaski County Clerk's Office,301 Historic Rt. 66 E. Waynesville MO 65583,301 Historic Rt. 66 E.,Waynesville,MO,65583,Locality wide location,false,true,"From: 2022-10-25, To: 2022-10-25, Times: 08:00:00 - 16:30:00; From: 2022-10-26, To: 2022-10-26, Times: 08:00:00 - 17:00:00; From: 2022-10-27, To: 2022-10-28, Times: 08:00:00 - 16:30:00; From: 2022-10-31, To: 2022-11-04, Times: 08:00:00 - 16:30:00; From: 2022-11-05, To: 2022-11-05, Times: 08:00:00 - 12:00:00; From: 2022-11-07, To: 2022-11-07, Times: 08:00:00 - 17:00:00",2977992,29169,"301 U.S. Rt. 66, Waynesville, MO 65583, USA",WAYNESVILLE,PULASKI,MISSOURI,MO,37.8291606,-92.20104049999999,37.8293608,-92.20078989999999,37.8289266,-92.2011502,False,,False
putnam,Putnam County Clerk's Office,1601 MAIN ST. UNIONVILLE MO 63565,1601 MAIN ST.,UNIONVILLE,MO,63565,Locality wide location,false,true,"From: 2022-10-25, To: 2022-10-28, Times: 08:30:00 - 12:00:00; From: 2022-10-25, To: 2022-10-28, Times: 13:00:00 - 16:30:00; From: 2022-10-31, To: 2022-11-04, Times: 08:30:00 - 12:00:00; From: 2022-10-31, To: 2022-11-04, Times: 13:00:00 - 16:30:00; From: 2022-11-05, To: 2022-11-05, Times: 08:00:00 - 12:00:00; From: 2022-11-07, To: 2022-11-07, Times: 08:30:00 - 12:00:00; From: 2022-11-07, To: 2022-11-07, Times: 13:00:00 - 17:00:00",2975166,29171,"1601 Main St, Unionville, MO 63565, USA",UNIONVILLE,PUTNAM,MISSOURI,MO,40.4765085,-93.00252239999999,,,,,False,,False
ralls,Ralls County Clerk's Office,311 Main Street New London MO 63459,311 Main Street,New London,MO,63459,Locality wide location,false,true,"From: 2022-10-25, To: 2022-10-28, Times: 08:00:00 - 12:00:00; From: 2022-10-25, To: 2022-10-25, Times: 13:00:00 - 16:30:00; From: 2022-10-26, To: 2022-10-26, Times: 13:00:00 - 17:00:00; From: 2022-10-27, To: 2022-10-27, Times: 13:00:00 - 16:30:00; From: 2022-10-28, To: 2022-10-28, Times: 13:00:00 - 17:00:00; From: 2022-10-31, To: 2022-11-04, Times: 08:00:00 - 12:00:00; From: 2022-10-31, To: 2022-11-04, Times: 13:00:00 - 16:30:00; From: 2022-11-05, To: 2022-11-05, Times: 08:00:00 - 12:00:00; From: 2022-11-07, To: 2022-11-07, Times: 08:00:00 - 12:00:00; From: 2022-11-07, To: 2022-11-07, Times: 13:00:00 - 17:00:00",,29173,"311 Main St, New London, MO 63459, USA",NEW LONDON,RALLS,MISSOURI,MO,39.586017,-91.40021999999999,,,,,False,,False
randolph,Randolph County Clerk's Office,372 Highway JJ Huntsville MO 65259,372 Highway JJ,Huntsville,MO,65259,Locality wide location,false,true,"From: 2022-10-25, To: 2022-10-28, Times: 08:00:00 - 16:00:00; From: 2022-10-31, To: 2022-11-04, Times: 08:00:00 - 16:00:00; From: 2022-11-05, To: 2022-11-05, Times: 08:00:00 - 12:00:00; From: 2022-11-07, To: 2022-11-07, Times: 08:00:00 - 17:00:00",2933886,29175,"372 Hwy Jj, Huntsville, MO 65259, USA",HUNTSVILLE,RANDOLPH,MISSOURI,MO,39.42965909999999,-92.53116639999999,,,,,False,,False
ray,Ray County Clerk’s Office,100 WEST MAIN ST RICHMOND MO 64085,100 WEST MAIN ST,RICHMOND,MO,64085,Locality wide location,false,true,"From: 2022-10-25, To: 2022-10-28, Times: 08:00:00 - 16:00:00; From: 2022-10-31, To: 2022-11-04, Times: 08:00:00 - 16:00:00; From: 2022-11-05, To: 2022-11-05, Times: 08:00:00 - 12:00:00; From: 2022-11-07, To: 2022-11-07, Times: 08:00:00 - 17:00:00",,29177,"100 W Main St, Richmond, MO 64085, USA",RICHMOND,RAY,MISSOURI,MO,39.2787613,-93.9772404,39.2788646,-93.97703489999999,39.2786205,-93.97738199999999,False,,False
reynolds,Reynolds County Courthouse,2319 Green Street Centerville MO 63633,2319 Green Street,Centerville,MO,63633,Locality wide location,false,true,"From: 2022-10-25, To: 2022-10-28, Times: 08:00:00 - 16:00:00; From: 2022-10-29, To: 2022-10-29, Times: 08:00:00 - 12:00:00; From: 2022-10-31, To: 2022-11-04, Times: 08:00:00 - 16:00:00; From: 2022-11-05, To: 2022-11-05, Times: 08:00:00 - 12:00:00; From: 2022-11-07, To: 2022-11-07, Times: 08:00:00 - 16:00:00",2912718,29179,"2319 Green St, Centerville, MO 63633, USA",CENTERVILLE,REYNOLDS,MISSOURI,MO,37.4352868,-90.9594813,37.4354201,-90.9591363,37.4351188,-90.9596117,False,,False
ripley,Ripley County Courthouse,100 Courthouse Sq DONIPHAN MO 63935,100 Courthouse Sq,DONIPHAN,MO,63935,Locality wide location,false,true,"From: 2022-10-25, To: 2022-10-28, Times: 08:00:00 - 16:00:00; From: 2022-10-31, To: 2022-11-04, Times: 08:00:00 - 16:00:00; From: 2022-11-05, To: 2022-11-05, Times: 09:00:00 - 13:00:00; From: 2022-11-07, To: 2022-11-07, Times: 08:00:00 - 17:00:00",2919792,29181,"100 Court House Square, Doniphan, MO 63935, USA",DONIPHAN,RIPLEY,MISSOURI,MO,36.61754010000001,-90.8273541,36.6176817,-90.82721339999999,36.6174029,-90.8275245,False,,False
saline,Saline County Clerk's Office,9 E. North Street Marshall MO 65340,9 E. North Street,Marshall,MO,65340,Locality wide location,false,true,"From: 2022-10-25, To: 2022-10-28, Times: 08:00:00 - 16:30:00; From: 2022-10-31, To: 2022-11-04, Times: 08:00:00 - 16:30:00; From: 2022-11-05, To: 2022-11-05, Times: 08:00:00 - 12:00:00; From: 2022-11-07, To: 2022-11-07, Times: 08:00:00 - 17:00:00",2946316,29195,"9 E North St, Marshall, MO 65340, USA",MARSHALL,SALINE,MISSOURI,MO,39.1214746,-93.1965089,,,,,False,,False
schuyler,Schuyler County Clerk's Office,110 W WASHINGTON LANCASTER MO 63548,110 W WASHINGTON,LANCASTER,MO,63548,Locality wide location,false,true,"From: 2022-10-25, To: 2022-10-28, Times: 08:00:00 - 16:00:00; From: 2022-10-31, To: 2022-11-04, Times: 08:00:00 - 16:00:00; From: 2022-11-05, To: 2022-11-05, Times: 08:00:00 - 12:00:00; From: 2022-11-07, To: 2022-11-07, Times: 08:00:00 - 17:00:00",2940610,29197,"110 W Washington St, Lancaster, MO 63548, USA",LANCASTER,SCHUYLER,MISSOURI,MO,40.5225695,-92.52762229999999,,,,,False,,False
scotland,Scotland County Clerk's Office,117 South Market St Memphis MO 63555,117 South Market St,Memphis,MO,63555,Locality wide location,false,true,"From: 2022-10-25, To: 2022-10-28, Times: 08:30:00 - 12:00:00; From: 2022-10-25, To: 2022-10-28, Times: 13:00:00 - 16:00:00; From: 2022-10-31, To: 2022-11-04, Times: 08:30:00 - 12:00:00; From: 2022-10-31, To: 2022-11-04, Times: 13:00:00 - 16:00:00; From: 2022-11-05, To: 2022-11-05, Times: 08:00:00 - 12:00:00; From: 2022-11-07, To: 2022-11-07, Times: 08:30:00 - 12:00:00; From: 2022-11-07, To: 2022-11-07, Times: 13:00:00 - 17:00:00",2947270,29199,"117 S Market St, Memphis, MO 63555, USA",MEMPHIS,SCOTLAND,MISSOURI,MO,40.4583082,-92.16996929999999,40.4584606,-92.1697655,40.45818999999999,-92.170064,False,,False
scott,Scott County Clerk's Office,131 S. Winchester Street Benton MO 63736,131 S. Winchester Street,Benton,MO,63736,Locality wide location,false,true,"From: 2022-10-25, To: 2022-10-28, Times: 08:00:00 - 16:30:00; From: 2022-10-31, To: 2022-11-04, Times: 08:00:00 - 16:30:00; From: 2022-11-05, To: 2022-11-05, Times: 08:00:00 - 12:00:00; From: 2022-11-07, To: 2022-11-07, Times: 08:00:00 - 16:30:00",,29201,"131 S Winchester St, Benton, MO 63736, USA",BENTON,SCOTT,MISSOURI,MO,37.0966283,-89.56351599999999,,,,,False,,False
shannon,Shannon County Clerk's Office,18529 Main Street Eminence MO 65466,18529 Main Street,Eminence,MO,65466,Locality wide location,false,true,"From: 2022-10-25, To: 2022-10-28, Times: 08:00:00 - 12:00:00; From: 2022-10-25, To: 2022-10-25, Times: 13:00:00 - 16:00:00; From: 2022-10-26, To: 2022-10-26, Times: 13:00:00 - 17:00:00; From: 2022-10-27, To: 2022-10-28, Times: 13:00:00 - 16:00:00; From: 2022-10-31, To: 2022-11-04, Times: 08:00:00 - 12:00:00; From: 2022-10-31, To: 2022-11-04, Times: 13:00:00 - 16:00:00; From: 2022-11-05, To: 2022-11-05, Times: 08:00:00 - 12:00:00; From: 2022-11-07, To: 2022-11-07, Times: 08:00:00 - 12:00:00; From: 2022-11-07, To: 2022-11-07, Times: 13:00:00 - 17:00:00",2922276,29203,"18529 Main St, Eminence, MO 65466, USA",EMINENCE,SHANNON,MISSOURI,MO,37.1483013,-91.3581141,37.1484478,-91.35798609999999,37.1482147,-91.35820129999999,False,,False
shelby,Shelby County Clerk's Office,100 E. Main St. Shelbyville MO 63469,100 E. Main St.,Shelbyville,MO,63469,Locality wide location,false,true,"From: 2022-10-25, To: 2022-10-28, Times: 08:00:00 - 16:00:00; From: 2022-10-31, To: 2022-11-04, Times: 08:00:00 - 16:00:00; From: 2022-11-05, To: 2022-11-05, Times: 08:00:00 - 12:00:00; From: 2022-11-07, To: 2022-11-07, Times: 08:00:00 - 17:00:00",2967196,29205,"100 E Main St, Shelbyville, MO 63469, USA",SHELBYVILLE,SHELBY,MISSOURI,MO,39.8064639,-92.04105829999999,39.8065728,-92.0409415,39.806318,-92.0412478,False,,False
st_charles,St. Charles County Election Authority Office,397 TURNER BLVD ST. PETERS MO 63376,397 TURNER BLVD,ST. PETERS,MO,63376,Locality wide location,false,true,"From: 2022-10-25, To: 2022-10-28, Times: 08:00:00 - 17:00:00; From: 2022-10-31, To: 2022-11-04, Times: 08:00:00 - 17:00:00; From: 2022-11-05, To: 2022-11-05, Times: 08:30:00 - 12:30:00; From: 2022-11-07, To: 2022-11-07, Times: 08:00:00 - 17:00:00",,,"397 Turner Blvd, St Peters, MO 63376, USA",ST. PETERS,ST. CHARLES,MISSOURI,MO,38.8048474,-90.6453373,,,,,False,,False
st_clair,St. Clair County Clerk's Office,655 2nd St. Osceola MO 64776,655 2nd St.,Osceola,MO,64776,Locality wide location,false,true,"From: 2022-10-25, To: 2022-10-28, Times: 08:00:00 - 16:30:00; From: 2022-10-31, To: 2022-11-04, Times: 08:00:00 - 16:30:00; From: 2022-11-05, To: 2022-11-05, Times: 08:00:00 - 12:00:00; From: 2022-11-07, To: 2022-11-07, Times: 08:00:00 - 17:00:00",2955388,,"655 2nd St, Osceola, MO 64776, USA",OSCEOLA,ST. CLAIR,MISSOURI,MO,38.047025,-93.7030984,38.0471881,-93.7028965,38.0468711,-93.7033101,False,,False
st_francois,St. Francois County Clerk's Office,1101 Weber Rd Farmington MO 63640,1101 Weber Rd,Farmington,MO,63640,Locality wide location,false,true,"From: 2022-10-25, To: 2022-10-25, Times: 08:00:00 - 16:00:00; From: 2022-10-26, To: 2022-10-26, Times: 08:00:00 - 17:00:00; From: 2022-10-27, To: 2022-10-27, Times: 08:00:00 - 16:00:00; From: 2022-10-28, To: 2022-10-28, Times: 08:00:00 - 17:00:00; From: 2022-10-31, To: 2022-11-03, Times: 08:00:00 - 16:00:00; From: 2022-11-04, To: 2022-11-04, Times: 08:00:00 - 17:00:00; From: 2022-11-05, To: 2022-11-05, Times: 08:00:00 - 12:00:00; From: 2022-11-07, To: 2022-11-07, Times: 08:00:00 - 17:00:00",2923752,,"1101 Weber Rd, Farmington, MO 63640, USA",FARMINGTON,ST. FRANCOIS,MISSOURI,MO,37.7989453,-90.4411353,37.7992266,-90.4406254,37.7985549,-90.44168400000001,False,,False
st_louis,North County Recreation Complex,2577 Redman Road St. Louis MO 63136,2577 Redman Road,St. Louis,MO,63136,Locality wide location,false,true,"From: 2022-10-27, To: 2022-10-28, Times: 08:00:00 - 16:30:00; From: 2022-10-29, To: 2022-10-29, Times: 09:00:00 - 13:00:00; From: 2022-10-31, To: 2022-11-04, Times: 08:00:00 - 16:30:00; From: 2022-11-05, To: 2022-11-05, Times: 09:00:00 - 13:00:00; From: 2022-11-07, To: 2022-11-07, Times: 08:00:00 - 17:00:00",,,"2577 Redman Rd, St. Louis, MO 63136, USA",ST. LOUIS,ST. LOUIS,MISSOURI,MO,38.7852532,-90.24951639999999,,,,,False,,False
st_louis,STLCC Meramec Business Administration Building,11333 Big Bend Road Kirkwood MO 63122,11333 Big Bend Road,Kirkwood,MO,63122,Locality wide location,false,true,"From: 2022-10-27, To: 2022-10-28, Times: 08:00:00 - 16:30:00; From: 2022-10-29, To: 2022-10-29, Times: 09:00:00 - 13:00:00; From: 2022-10-31, To: 2022-11-04, Times: 08:00:00 - 16:30:00; From: 2022-11-05, To: 2022-11-05, Times: 09:00:00 - 13:00:00; From: 2022-11-07, To: 2022-11-07, Times: 08:00:00 - 17:00:00",2939044,,"11333 Big Bend Rd, Kirkwood, MO 63122, USA",KIRKWOOD,ST. LOUIS,MISSOURI,MO,38.5683892,-90.41997239999999,38.5693581,-90.4187491,38.5676002,-90.42240439999999,False,,False
st_louis,St. Johns UCC Mehlville,11333 St. Johns Church Road Green Park MO 63123,11333 St. Johns Church Road,Green Park,MO,63123,Locality wide location,false,true,"From: 2022-10-27, To: 2022-10-28, Times: 08:00:00 - 16:30:00; From: 2022-10-29, To: 2022-10-29, Times: 09:00:00 - 13:00:00; From: 2022-10-31, To: 2022-11-04, Times: 08:00:00 - 16:30:00; From: 2022-11-05, To: 2022-11-05, Times: 09:00:00 - 13:00:00; From: 2022-11-07, To: 2022-11-07, Times: 08:00:00 - 17:00:00",,,"11333 St John Church Rd, St. Louis, MO 63123, USA",ST. LOUIS,ST. LOUIS,MISSOURI,MO,38.514189,-90.3385485,38.5142906,-90.3384829,38.5141464,-90.3385862,False,,False
st_louis,St. Louis County Board of Elections (BOE),725 Northwest Plaza Drive St. Ann MO 63074,725 Northwest Plaza Drive,St. Ann,MO,63074,Locality wide location,false,true,"From: 2022-10-25, To: 2022-10-28, Times: 08:00:00 - 16:30:00; From: 2022-10-29, To: 2022-10-29, Times: 09:00:00 - 13:00:00; From: 2022-10-31, To: 2022-11-04, Times: 08:00:00 - 16:30:00; From: 2022-11-05, To: 2022-11-05, Times: 09:00:00 - 13:00:00; From: 2022-11-07, To: 2022-11-07, Times: 08:00:00 - 17:00:00",,,"725 NW Plz Dr, St Ann, MO 63074, USA",SAINT ANN,ST. LOUIS,MISSOURI,MO,38.7312242,-90.40052240000001,,,,,True,Unexpected address size change,False
st_louis,"St. Louis County Library, Daniel Boone Branch",300 Clarkson Road Ellisville MO 63011,300 Clarkson Road,Ellisville,MO,63011,Locality wide location,false,true,"From: 2022-10-27, To: 2022-10-28, Times: 08:00:00 - 16:30:00; From: 2022-10-29, To: 2022-10-29, Times: 09:00:00 - 13:00:00; From: 2022-10-31, To: 2022-11-04, Times: 08:00:00 - 16:30:00; From: 2022-11-05, To: 2022-11-05, Times: 09:00:00 - 13:00:00; From: 2022-11-07, To: 2022-11-07, Times: 08:00:00 - 17:00:00",2921898,,"300 Clarkson Rd, Ballwin, MO 63011, USA",BALLWIN,ST. LOUIS,MISSOURI,MO,38.6019381,-90.5866034,38.6020263,-90.58608249999999,38.6016904,-90.5868558,False,,False
st_louis,"St. Louis County Library, Mid County Branch",7821 Maryland Avenue Clayton MO 63105,7821 Maryland Avenue,Clayton,MO,63105,Locality wide location,false,true,"From: 2022-10-27, To: 2022-10-28, Times: 08:00:00 - 16:30:00; From: 2022-10-29, To: 2022-10-29, Times: 09:00:00 - 13:00:00; From: 2022-10-31, To: 2022-11-04, Times: 08:00:00 - 16:30:00; From: 2022-11-05, To: 2022-11-05, Times: 09:00:00 - 13:00:00; From: 2022-11-07, To: 2022-11-07, Times: 08:00:00 - 17:00:00",2914572,,"7821 Maryland Ave, Clayton, MO 63105, USA",CLAYTON,ST. LOUIS,MISSOURI,MO,38.6520894,-90.3375564,38.6522719,-90.33733769999999,38.6518729,-90.3378505,False,,False
st_louis,UMSL Millennium Student Center,17 Arnold Grobman Drive Bellerive Acres MO 63121,17 Arnold Grobman Drive,Bellerive Acres,MO,63121,Locality wide location,false,true,"From: 2022-10-27, To: 2022-10-28, Times: 08:00:00 - 16:30:00; From: 2022-10-29, To: 2022-10-29, Times: 09:00:00 - 13:00:00; From: 2022-10-31, To: 2022-11-04, Times: 08:00:00 - 16:30:00; From: 2022-11-05, To: 2022-11-05, Times: 09:00:00 - 13:00:00; From: 2022-11-07, To: 2022-11-07, Times: 08:00:00 - 17:00:00",2904248,,"17 Arnold B Grobman Dr, St. Louis, MO 63121, USA",ST. LOUIS,ST. LOUIS,MISSOURI,MO,38.7113717,-90.3088308,38.7117404,-90.30832099999999,38.7108173,-90.3095866,False,,False
st_louis_city,Buder Library,4401 Hampton Ave St. Louis MO 63109,4401 Hampton Ave,St. Louis,MO,63109,Locality wide location,false,true,"From: 2022-10-25, To: 2022-10-26, Times: 12:00:00 - 19:00:00; From: 2022-10-27, To: 2022-10-28, Times: 10:00:00 - 16:00:00; From: 2022-10-29, To: 2022-10-29, Times: 13:00:00 - 16:30:00; From: 2022-10-31, To: 2022-10-31, Times: 10:00:00 - 16:00:00; From: 2022-11-01, To: 2022-11-02, Times: 12:00:00 - 19:00:00; From: 2022-11-03, To: 2022-11-04, Times: 10:00:00 - 16:00:00; From: 2022-11-05, To: 2022-11-05, Times: 13:00:00 - 16:30:00; From: 2022-11-07, To: 2022-11-07, Times: 10:00:00 - 16:00:00",,,,,,,,,,,,,,True,"Missing county from Google [{'address_components': [{'long_name': '4401', 'short_name': '4401', 'types': ['street_number']}, {'long_name': 'Hampton Avenue', 'short_name': 'Hampton Ave', 'types': ['route']}, {'long_name': 'St. Louis Hills', 'short_name': 'St. Louis Hills', 'types': ['neighborhood', 'political']}, {'long_name': 'St. Louis', 'short_name': 'St. Louis', 'types': ['locality', 'political']}, {'long_name': 'Missouri', 'short_name': 'MO', 'types': ['administrative_area_level_1', 'political']}, {'long_name': 'United States', 'short_name': 'US', 'types': ['country', 'political']}, {'long_name': '63109', 'short_name': '63109', 'types': ['postal_code']}, {'long_name': '2237', 'short_name': '2237', 'types': ['postal_code_suffix']}], 'formatted_address': '4401 Hampton Ave, St. Louis, MO 63109, USA', 'geometry': {'bounds': {'northeast': {'lat': 38.5906561, 'lng': -90.294658}, 'southwest': {'lat': 38.5902249, 'lng': -90.2949545}}, 'location': {'lat': 38.5904057, 'lng': -90.29480629999999}, 'location_type': 'ROOFTOP', 'viewport': {'northeast': {'lat': 38.5917894802915, 'lng': -90.29350136970848}, 'southwest': {'lat': 38.5890915197085, 'lng': -90.2961993302915}}}, 'place_id': 'ChIJa_G9p4y12IcRMhx8-0OuPEc', 'types': ['premise']}]",False
st_louis_city,Julia Davis Library,4415 Natural Bridge Ave St. Louis MO 63115,4415 Natural Bridge Ave,St. Louis,MO,63115,Locality wide location,false,true,"From: 2022-10-25, To: 2022-10-26, Times: 12:00:00 - 19:00:00; From: 2022-10-27, To: 2022-10-28, Times: 10:00:00 - 16:00:00; From: 2022-10-29, To: 2022-10-29, Times: 13:00:00 - 16:30:00; From: 2022-10-31, To: 2022-10-31, Times: 10:00:00 - 16:00:00; From: 2022-11-01, To: 2022-11-02, Times: 12:00:00 - 19:00:00; From: 2022-11-03, To: 2022-11-04, Times: 10:00:00 - 16:00:00; From: 2022-11-05, To: 2022-11-05, Times: 13:00:00 - 16:30:00; From: 2022-11-07, To: 2022-11-07, Times: 10:00:00 - 16:00:00",,,,,,,,,,,,,,True,"Missing county from Google [{'address_components': [{'long_name': '4415', 'short_name': '4415', 'types': ['street_number']}, {'long_name': 'Natural Bridge Avenue', 'short_name': 'Natural Bridge Ave', 'types': ['route']}, {'long_name': 'Penrose', 'short_name': 'Penrose', 'types': ['neighborhood', 'political']}, {'long_name': 'St. Louis', 'short_name': 'St. Louis', 'types': ['locality', 'political']}, {'long_name': 'Missouri', 'short_name': 'MO', 'types': ['administrative_area_level_1', 'political']}, {'long_name': 'United States', 'short_name': 'US', 'types': ['country', 'political']}, {'long_name': '63115', 'short_name': '63115', 'types': ['postal_code']}, {'long_name': '2626', 'short_name': '2626', 'types': ['postal_code_suffix']}], 'formatted_address': '4415 Natural Bridge Ave, St. Louis, MO 63115, USA', 'geometry': {'bounds': {'northeast': {'lat': 38.6706232, 'lng': -90.2365291}, 'southwest': {'lat': 38.67017, 'lng': -90.2371762}}, 'location': {'lat': 38.6703954, 'lng': -90.2368834}, 'location_type': 'ROOFTOP', 'viewport': {'northeast': {'lat': 38.6717455802915, 'lng': -90.23550366970849}, 'southwest': {'lat': 38.6690476197085, 'lng': -90.2382016302915}}}, 'place_id': 'ChIJX828ukNL34cRBceiJ1VGaWs', 'types': ['premise']}]",False
st_louis_city,Schlafly Library,225 N Euclid Ave St. Louis MO 63108,225 N Euclid Ave,St. Louis,MO,63108,Locality wide location,false,true,"From: 2022-10-25, To: 2022-10-26, Times: 12:00:00 - 19:00:00; From: 2022-10-27, To: 2022-10-28, Times: 10:00:00 - 16:00:00; From: 2022-10-29, To: 2022-10-29, Times: 13:00:00 - 16:30:00; From: 2022-10-31, To: 2022-10-31, Times: 10:00:00 - 16:00:00; From: 2022-11-01, To: 2022-11-02, Times: 12:00:00 - 19:00:00; From: 2022-11-03, To: 2022-11-04, Times: 10:00:00 - 16:00:00; From: 2022-11-05, To: 2022-11-05, Times: 13:00:00 - 16:30:00; From: 2022-11-07, To: 2022-11-07, Times: 10:00:00 - 16:00:00",,,,,,,,,,,,,,True,"Missing county from Google [{'address_components': [{'long_name': '225', 'short_name': '225', 'types': ['street_number']}, {'long_name': 'North Euclid Avenue', 'short_name': 'N Euclid Ave', 'types': ['route']}, {'long_name': 'Central West End', 'short_name': 'Central West End', 'types': ['neighborhood', 'political']}, {'long_name': 'St. Louis', 'short_name': 'St. Louis', 'types': ['locality', 'political']}, {'long_name': 'Missouri', 'short_name': 'MO', 'types': ['administrative_area_level_1', 'political']}, {'long_name': 'United States', 'short_name': 'US', 'types': ['country', 'political']}, {'long_name': '63108', 'short_name': '63108', 'types': ['postal_code']}], 'formatted_address': '225 N Euclid Ave, St. Louis, MO 63108, USA', 'geometry': {'bounds': {'northeast': {'lat': 38.6443622, 'lng': -90.2617106}, 'southwest': {'lat': 38.6434697, 'lng': -90.26249560000001}}, 'location': {'lat': 38.6439255, 'lng': -90.2620776}, 'location_type': 'ROOFTOP', 'viewport': {'northeast': {'lat': 38.6452649302915, 'lng': -90.2607222197085}, 'southwest': {'lat': 38.6425669697085, 'lng': -90.2634201802915}}}, 'place_id': 'ChIJUXFFJyi12IcRGTfaE2gAn0k', 'types': ['premise']}]",False
st_louis_city,St. Louis City Election Board,300 N Tucker Blvd St. Louis MO 63101,300 N Tucker Blvd,St. Louis,MO,63101,Locality wide location,false,true,"From: 2022-10-25, To: 2022-10-28, Times: 08:00:00 - 17:00:00; From: 2022-10-31, To: 2022-11-04, Times: 08:00:00 - 17:00:00; From: 2022-11-05, To: 2022-11-05, Times: 09:00:00 - 13:00:00; From: 2022-11-07, To: 2022-11-07, Times: 08:00:00 - 17:00:00",,,,,,,,,,,,,,True,"Missing county from Google [{'address_components': [{'long_name': '300', 'short_name': '300', 'types': ['street_number']}, {'long_name': 'North Tucker Boulevard', 'short_name': 'N Tucker Blvd', 'types': ['route']}, {'long_name': 'Downtown', 'short_name': 'Downtown', 'types': ['neighborhood', 'political']}, {'long_name': 'St. Louis', 'short_name': 'St. Louis', 'types': ['locality', 'political']}, {'long_name': 'Missouri', 'short_name': 'MO', 'types': ['administrative_area_level_1', 'political']}, {'long_name': 'United States', 'short_name': 'US', 'types': ['country', 'political']}, {'long_name': '63101', 'short_name': '63101', 'types': ['postal_code']}, {'long_name': '1914', 'short_name': '1914', 'types': ['postal_code_suffix']}], 'formatted_address': '300 N Tucker Blvd, St. Louis, MO 63101, USA', 'geometry': {'location': {'lat': 38.62994339999999, 'lng': -90.1969921}, 'location_type': 'ROOFTOP', 'viewport': {'northeast': {'lat': 38.6312584302915, 'lng': -90.19581766970849}, 'southwest': {'lat': 38.6285604697085, 'lng': -90.19851563029151}}}, 'place_id': 'ChIJiZm3kBez2IcRNz4GgbPMCwk', 'plus_code': {'compound_code': 'JRH3+X6 St. Louis, MO', 'global_code': '86CFJRH3+X6'}, 'types': ['street_address']}]",False
ste_genevieve,Ste. Genevieve County Clerk's Office,55 South Third St Ste. Genevieve MO 63670,55 South Third St,Ste. Genevieve,MO,63670,Locality wide location,false,true,"From: 2022-10-25, To: 2022-10-25, Times: 08:00:00 - 16:30:00; From: 2022-10-26, To: 2022-10-26, Times: 08:00:00 - 17:00:00; From: 2022-10-27, To: 2022-10-27, Times: 08:00:00 - 16:30:00; From: 2022-10-28, To: 2022-10-28, Times: 08:00:00 - 17:00:00; From: 2022-10-31, To: 2022-11-04, Times: 08:00:00 - 16:30:00; From: 2022-11-05, To: 2022-11-05, Times: 08:00:00 - 12:00:00; From: 2022-11-07, To: 2022-11-07, Times: 08:00:00 - 17:00:00",2964180,,"55 3rd St, Ste. Genevieve, MO 63670, USA",STE. GENEVIEVE,STE. GENEVIEVE,MISSOURI,MO,37.97907,-90.0464006,37.9792683,-90.04619609999999,37.9788855,-90.0465408,True,Unexpected address size change,False
stoddard,Stoddard County Election Authority,401 S PRAIRIE ST BLOOMFIELD MO 63825,401 S PRAIRIE ST,BLOOMFIELD,MO,63825,Locality wide location,false,true,"From: 2022-10-25, To: 2022-10-25, Times: 08:30:00 - 16:30:00; From: 2022-10-26, To: 2022-10-26, Times: 08:30:00 - 17:00:00; From: 2022-10-27, To: 2022-10-27, Times: 08:30:00 - 16:30:00; From: 2022-10-28, To: 2022-10-28, Times: 08:30:00 - 17:00:00; From: 2022-10-31, To: 2022-11-04, Times: 08:30:00 - 16:30:00; From: 2022-11-05, To: 2022-11-05, Times: 08:00:00 - 12:00:00; From: 2022-11-07, To: 2022-11-07, Times: 08:30:00 - 17:00:00",,29207,"401 S Prairie St, Bloomfield, MO 63825, USA",BLOOMFIELD,STODDARD,MISSOURI,MO,36.884291,-89.928728,,,,,False,,False
stone,Stone County Clerk's Office,108 E 4th ST GALENA MO 65656,108 E 4th ST,GALENA,MO,65656,Locality wide location,false,true,"From: 2022-10-25, To: 2022-10-28, Times: 08:00:00 - 16:00:00; From: 2022-10-31, To: 2022-11-04, Times: 08:00:00 - 16:00:00; From: 2022-11-05, To: 2022-11-05, Times: 08:00:00 - 12:00:00; From: 2022-11-07, To: 2022-11-07, Times: 08:00:00 - 17:00:00",2926254,29209,"108 E 4th St, Galena, MO 65656, USA",GALENA,STONE,MISSOURI,MO,36.8050171,-93.46621739999999,36.8051391,-93.4660931,36.8049122,-93.4663202,False,,False
sullivan,Sullivan County Clerk's Office,109 N Main St. Milan MO 63556,109 N Main St.,Milan,MO,63556,Locality wide location,false,true,"From: 2022-10-25, To: 2022-10-28, Times: 09:00:00 - 16:30:00; From: 2022-10-31, To: 2022-11-04, Times: 09:00:00 - 16:30:00; From: 2022-11-05, To: 2022-11-05, Times: 08:00:00 - 12:00:00; From: 2022-11-07, To: 2022-11-07, Times: 09:00:00 - 16:30:00",2948062,29211,"109 N Main St, Milan, MO 63556, USA",MILAN,SULLIVAN,MISSOURI,MO,40.20245449999999,-93.1250034,40.2025496,-93.12480359999999,40.2023541,-93.1251527,False,,False
taney,Taney County Clerk Office,132 DAVID ST FORSYTH MO 65653,132 DAVID ST,FORSYTH,MO,65653,Locality wide location,false,true,"From: 2022-10-25, To: 2022-10-28, Times: 08:00:00 - 16:30:00; From: 2022-10-31, To: 2022-11-04, Times: 08:00:00 - 16:30:00; From: 2022-11-05, To: 2022-11-05, Times: 09:00:00 - 13:00:00; From: 2022-11-07, To: 2022-11-07, Times: 08:00:00 - 17:00:00",2925192,29213,"132 David St, Forsyth, MO 65653, USA",FORSYTH,TANEY,MISSOURI,MO,36.6851369,-93.1186626,36.6854874,-93.1184822,36.6850116,-93.1190767,False,,False
texas,Texas County Clerk's Office,210 North Grand Avenue Houston MO 65483,210 North Grand Avenue,Houston,MO,65483,Locality wide location,false,true,"From: 2022-10-25, To: 2022-10-28, Times: 08:00:00 - 16:30:00; From: 2022-10-31, To: 2022-11-04, Times: 08:00:00 - 16:30:00; From: 2022-11-05, To: 2022-11-05, Times: 08:00:00 - 12:00:00; From: 2022-11-07, To: 2022-11-07, Times: 08:00:00 - 17:00:00",,29215,"210 N Grand Ave, Houston, MO 65483, USA",HOUSTON,TEXAS,MISSOURI,MO,37.3275101,-91.9557825,37.3276093,-91.95562629999999,37.3274041,-91.9559553,False,,False
vernon,Vernon County Clerk's Office,100 W CHERRY ST. NEVADA MO 647723367,100 W CHERRY ST.,NEVADA,MO,647723367,Locality wide location,false,true,"From: 2022-10-25, To: 2022-10-28, Times: 08:30:00 - 16:30:00; From: 2022-10-31, To: 2022-11-04, Times: 08:30:00 - 16:30:00; From: 2022-11-05, To: 2022-11-05, Times: 08:00:00 - 12:00:00; From: 2022-11-07, To: 2022-11-07, Times: 08:30:00 - 17:00:00",2951644,29217,"100 W Cherry St, Nevada, MO 64772, USA",NEVADA,VERNON,MISSOURI,MO,37.8386843,-94.3572757,37.83881179999999,-94.35710309999999,37.8385761,-94.3574622,False,,False
warren,Warren County Clerk's Office,101 Mockingbird Lane Warrenton MO 63383,101 Mockingbird Lane,Warrenton,MO,63383,Locality wide location,false,true,"From: 2022-10-25, To: 2022-10-25, Times: 08:00:00 - 16:30:00; From: 2022-10-26, To: 2022-10-26, Times: 08:00:00 - 17:00:00; From: 2022-10-27, To: 2022-10-28, Times: 08:00:00 - 16:30:00; From: 2022-10-31, To: 2022-11-04, Times: 08:00:00 - 16:30:00; From: 2022-11-05, To: 2022-11-05, Times: 08:00:00 - 12:00:00; From: 2022-11-07, To: 2022-11-07, Times: 08:00:00 - 17:00:00",2977128,29219,"Warren County Administration Building, 101 Mockingbird Ln, Warrenton, MO 63383, USA",WARRENTON,WARREN,MISSOURI,MO,38.8013094,-91.145123,38.8015134,-91.1448164,38.8011528,-91.1453569,False,,False
washington,Washington County Clerk's Office,102 North Missouri Street Potosi MO 63664,102 North Missouri Street,Potosi,MO,63664,Locality wide location,false,true,"From: 2022-10-25, To: 2022-10-28, Times: 08:00:00 - 16:30:00; From: 2022-10-31, To: 2022-11-04, Times: 08:00:00 - 16:30:00; From: 2022-11-05, To: 2022-11-05, Times: 08:00:00 - 12:00:00; From: 2022-11-07, To: 2022-11-07, Times: 08:00:00 - 17:00:00",2959330,29221,"102 N Missouri St, Potosi, MO 63664, USA",POTOSI,WASHINGTON,MISSOURI,MO,37.9367701,-90.7879897,,,,,True,Unexpected address size change,False
wayne,Wayne County Courthouse,109 WALNUT ST GREENVILLE MO 639440048,109 WALNUT ST,GREENVILLE,MO,639440048,Locality wide location,false,true,"From: 2022-10-25, To: 2022-10-28, Times: 08:30:00 - 16:30:00; From: 2022-10-31, To: 2022-11-04, Times: 08:30:00 - 16:30:00; From: 2022-11-05, To: 2022-11-05, Times: 08:00:00 - 12:00:00; From: 2022-11-07, To: 2022-11-07, Times: 08:30:00 - 16:30:00",2929476,29223,"109 Walnut St, Greenville, MO 63944, USA",GREENVILLE,WAYNE,MISSOURI,MO,37.1263888,-90.4505685,37.1265522,-90.4504535,37.1263194,-90.450734,False,,False
webster,Webster County Clerk's Office,101 S. Crittenden Marshfield MO 65706,101 S. Crittenden,Marshfield,MO,65706,Locality wide location,false,true,"From: 2022-10-25, To: 2022-10-28, Times: 08:00:00 - 17:00:00; From: 2022-10-31, To: 2022-11-04, Times: 08:00:00 - 17:00:00; From: 2022-11-05, To: 2022-11-05, Times: 08:00:00 - 12:00:00; From: 2022-11-07, To: 2022-11-07, Times: 08:00:00 - 17:00:00",2946388,29225,"101 S Crittenden St, Marshfield, MO 65706, USA",MARSHFIELD,WEBSTER,MISSOURI,MO,37.3385876,-92.9068683,37.3387482,-92.9067209,37.3384603,-92.9069926,False,,False
worth,Worth County Clerk's Office,11 W 4th St Grant City MO 64456,11 W 4th St,Grant City,MO,64456,Locality wide location,false,true,"From: 2022-10-25, To: 2022-10-28, Times: 08:30:00 - 16:30:00; From: 2022-10-31, To: 2022-11-04, Times: 08:30:00 - 16:30:00; From: 2022-11-05, To: 2022-11-05, Times: 08:00:00 - 12:00:00; From: 2022-11-07, To: 2022-11-07, Times: 08:30:00 - 16:30:00",,29227,"11 W 4th St, Grant City, MO 64456, USA",GRANT CITY,WORTH,MISSOURI,MO,40.4859316,-94.4151947,40.4860793,-94.4150275,40.4858605,-94.41529279999999,False,,False
wright,Wright County Clerk's Office,125 Court Square Hartville MO 65667,125 Court Square,Hartville,MO,65667,Locality wide location,false,true,"From: 2022-10-25, To: 2022-10-25, Times: 08:00:00 - 16:30:00; From: 2022-10-26, To: 2022-10-26, Times: 08:00:00 - 17:00:00; From: 2022-10-27, To: 2022-10-28, Times: 08:00:00 - 16:30:00; From: 2022-10-31, To: 2022-11-04, Times: 08:00:00 - 16:30:00; From: 2022-11-05, To: 2022-11-05, Times: 08:00:00 - 12:00:00; From: 2022-11-07, To: 2022-11-07, Times: 08:00:00 - 17:00:00",2930754,29229,"125 Court Square, Hartville, MO 65667, USA",HARTVILLE,WRIGHT,MISSOURI,MO,37.2504285,-92.51097260000002,,,,,False,,False
