Locality,Location Name,Address Full,Address Line,Address City,Address State,Address Zip,Precincts (Or Locality-wide),Is Drop Off,Is Early Voting,Schedules,Google Address,City,County,State Long,State,Latitude,Longitude,NE Latitude,NE Longitude,SW Latitude,SW Longitude,Review Required,Problem,Duplicate
State of Hawaii,Asing Community Park,91-1450 Renton Rd Ewa Beach HI 96706,91-1450 Renton Rd,Ewa Beach,HI,96706,Locality wide location,true,false,,"91-1450 Renton Rd, Ewa Beach, HI 96706, USA",EWA BEACH,HONOLULU,HAWAII,HI,21.3503653,-158.0255619,21.3505297,-158.0254098,21.3502409,-158.0258084,False,,False
State of Hawaii,Bill Balfour Jr. Waipahu District Park,94-230 Paiwa Street Waipahu HI 96797,94-230 Paiwa Street,Waipahu,HI,96797,Locality wide location,true,false,,"94-230 Paiwa St, Waipahu, HI 96797, USA",WAIPAHU,HONOLULU,HAWAII,HI,21.3869808,-157.9991716,21.3873389,-157.9989619,21.3866781,-157.9995752,False,,False
State of Hawaii,Connie Chun Aliamanu Neighborhood Park,4259 Lawehana St Honolulu HI 96818,4259 Lawehana St,Honolulu,HI,96818,Locality wide location,true,false,,"4259 Lawehana St, Honolulu, HI 96818, USA",HONOLULU,HONOLULU,HAWAII,HI,21.3567723,-157.9267234,21.3568651,-157.9266569,21.3566437,-157.9268121,False,,False
State of Hawaii,County of Hawaii Aupuni Center,"101 Pauahi St, #1 Hilo HI 96720","101 Pauahi St, #1",Hilo,HI,96720,Locality wide location,false,false,"From: 2022-08-13, To: 2022-08-13, Times: 07:00:00 - 19:00:00","101 Pauahi St #1, Hilo, HI 96720, USA",HILO,HAWAII,HAWAII,HI,19.7182864,-155.0792797,,,,,False,,False
State of Hawaii,County of Hawaii Aupuni Center,"101 Pauahi St, #1 Hilo HI 96720","101 Pauahi St, #1",Hilo,HI,96720,Locality wide location,false,true,,"101 Pauahi St #1, Hilo, HI 96720, USA",HILO,HAWAII,HAWAII,HI,19.7182864,-155.0792797,,,,,False,,False
State of Hawaii,County of Hawaii Aupuni Center,"101 Pauahi St, #1 Hilo HI 96720","101 Pauahi St, #1",Hilo,HI,96720,Locality wide location,true,false,,"101 Pauahi St #1, Hilo, HI 96720, USA",HILO,HAWAII,HAWAII,HI,19.7182864,-155.0792797,,,,,False,,False
State of Hawaii,Elections Division Historic County Annex Building,4386 Rice St Lihue HI 96766,4386 Rice St,Lihue,HI,96766,Locality wide location,true,false,,"4386 Rice St, Lihue, HI 96766, USA",LIHUE,KAUAI,HAWAII,HI,21.9749056,-159.3669314,,,,,False,,False
State of Hawaii,Elections Division Office of the County Clerk,"4386 Rice St, Room 101 Lihue HI 96766","4386 Rice St, Room 101",Lihue,HI,96766,Locality wide location,true,false,,"4386 Rice St #101, Lihue, HI 96766, USA",LIHUE,KAUAI,HAWAII,HI,21.9749056,-159.3669314,,,,,False,,False
State of Hawaii,George Fred Wright Wahiawa District Park,1129 Kilani Ave Wahiawa HI 96786,1129 Kilani Ave,Wahiawa,HI,96786,Locality wide location,false,false,"From: 2022-08-13, To: 2022-08-13, Times: 07:00:00 - 19:00:00","1129 Kilani Ave, Wahiawa, HI 96786, USA",WAHIAWA,HONOLULU,HAWAII,HI,21.5005995,-158.0224598,21.5007585,-158.0221804,21.5004931,-158.0225856,False,,False
State of Hawaii,George Fred Wright Wahiawa District Park,1129 Kilani Ave Wahiawa HI 96786,1129 Kilani Ave,Wahiawa,HI,96786,Locality wide location,false,true,,"1129 Kilani Ave, Wahiawa, HI 96786, USA",WAHIAWA,HONOLULU,HAWAII,HI,21.5005995,-158.0224598,21.5007585,-158.0221804,21.5004931,-158.0225856,False,,False
State of Hawaii,Haiku Community Center,Hana Hwy at Piialoha St Haiku HI 96708,Hana Hwy at Piialoha St,Haiku,HI,96708,Locality wide location,true,false,,"Hana Hwy & Pilialoha St, Haiku-Pauwela, HI 96708, USA",HAIKU-PAUWELA,MAUI,HAWAII,HI,20.9298959,-156.3200456,,,,,True,Invalid final address,False
State of Hawaii,Hana Fire Station,4655 Hana Hwy Hana HI 96713,4655 Hana Hwy,Hana,HI,96713,Locality wide location,true,false,,"4655 Hana Hwy, Hana, HI 96713, USA",HANA,MAUI,HAWAII,HI,20.761916,-155.9931753,20.7620762,-155.9930081,20.7617933,-155.9933378,False,,False
State of Hawaii,Hana High & Elementary School,4111 Hana Hwy Hana HI 96713,4111 Hana Hwy,Hana,HI,96713,Locality wide location,false,false,"From: 2022-08-13, To: 2022-08-13, Times: 07:00:00 - 19:00:00","4111 Hana Hwy, Haiku, HI 96708, USA",HANA,MAUI,HAWAII,HI,20.7784156,-155.9978912,20.7786656,-155.997641,20.7781491,-155.9982446,False,,False
State of Hawaii,Hana High & Elementary School,4111 Hana Hwy Hana HI 96713,4111 Hana Hwy,Hana,HI,96713,Locality wide location,false,true,,"4111 Hana Hwy, Haiku, HI 96708, USA",HANA,MAUI,HAWAII,HI,20.7784156,-155.9978912,20.7786656,-155.997641,20.7781491,-155.9982446,False,,False
State of Hawaii,Hana High & Elementary School,4111 Hana Hwy Hana HI 96713,4111 Hana Hwy,Hana,HI,96713,Locality wide location,true,false,,"4111 Hana Hwy, Haiku, HI 96708, USA",HANA,MAUI,HAWAII,HI,20.7784156,-155.9978912,20.7786656,-155.997641,20.7781491,-155.9982446,False,,False
State of Hawaii,Hanalei Neighborhood Center,5-5358 Kuhio Hwy Hanalei HI 96714,5-5358 Kuhio Hwy,Hanalei,HI,96714,Locality wide location,true,false,,"5 Kuhio Hwy, Hanalei, HI 96714, USA",HANALEI,KAUAI,HAWAII,HI,22.2229479,-159.5522669,,,,,False,,False
State of Hawaii,Hanapepe Neighborhood Center,4451 Puolo Rd Hanapepe HI 96716,4451 Puolo Rd,Hanapepe,HI,96716,Locality wide location,true,false,,"4451 Puolo Rd, Eleele, HI 96705, USA",ELEELE,KAUAI,HAWAII,HI,21.9064216,-159.5931089,21.9065547,-159.5929626,21.9062397,-159.593271,False,,False
State of Hawaii,Hawaii County Building,25 Aupuni St Hilo HI 96720,25 Aupuni St,Hilo,HI,96720,Locality wide location,true,false,,"HAWAII COUNTY BUILDING, 25 Aupuni St, Hilo, HI 96720, USA",HILO,HAWAII,HAWAII,HI,19.7195656,-155.0782567,19.7198807,-155.0777357,19.7191143,-155.0785603,False,,False
State of Hawaii,Hawaii Kai Park and Ride,240 Keahole St Honolulu HI 96825,240 Keahole St,Honolulu,HI,96825,Locality wide location,true,false,,"240 Keahole St, Honolulu, HI 96825, USA",HONOLULU,HONOLULU,HAWAII,HI,21.2838419,-157.7139426,,,,,False,,False
State of Hawaii,Historic County Annex Building,4386 Rice St Lihue HI 96766,4386 Rice St,Lihue,HI,96766,Locality wide location,false,false,"From: 2022-08-13, To: 2022-08-13, Times: 07:00:00 - 19:00:00","4386 Rice St, Lihue, HI 96766, USA",LIHUE,KAUAI,HAWAII,HI,21.9749056,-159.3669314,,,,,False,,False
State of Hawaii,Historic County Annex Building,4386 Rice St Lihue HI 96766,4386 Rice St,Lihue,HI,96766,Locality wide location,false,true,,"4386 Rice St, Lihue, HI 96766, USA",LIHUE,KAUAI,HAWAII,HI,21.9749056,-159.3669314,,,,,False,,False
State of Hawaii,Honolulu Hale,530 S King St Honolulu HI 96813,530 S King St,Honolulu,HI,96813,Locality wide location,false,false,"From: 2022-08-13, To: 2022-08-13, Times: 07:00:00 - 19:00:00","530 S King St, Honolulu, HI 96813, USA",HONOLULU,HONOLULU,HAWAII,HI,21.305224,-157.8570018,21.3056541,-157.856578,21.3046631,-157.857424,False,,False
State of Hawaii,Honolulu Hale,530 S King St Honolulu HI 96813,530 S King St,Honolulu,HI,96813,Locality wide location,false,true,,"530 S King St, Honolulu, HI 96813, USA",HONOLULU,HONOLULU,HAWAII,HI,21.305224,-157.8570018,21.3056541,-157.856578,21.3046631,-157.857424,False,,False
State of Hawaii,Honolulu Hale,530 S King St Honolulu HI 96813,530 S King St,Honolulu,HI,96813,Locality wide location,true,false,,"530 S King St, Honolulu, HI 96813, USA",HONOLULU,HONOLULU,HAWAII,HI,21.305224,-157.8570018,21.3056541,-157.856578,21.3046631,-157.857424,False,,False
State of Hawaii,Kahului Fire Station,200 Dairy Rd Kahului HI 96732,200 Dairy Rd,Kahului,HI,96732,Locality wide location,true,false,,"200 Dairy Rd, Kahului, HI 96732, USA",KAHULUI,MAUI,HAWAII,HI,20.879555,-156.4567713,20.8797882,-156.4565413,20.879339,-156.4570119,False,,False
State of Hawaii,Kailua District Park,21 South Kainalu Dr Kailua HI 96734,21 South Kainalu Dr,Kailua,HI,96734,Locality wide location,true,false,,"21 S Kainalu Dr, Kailua, HI 96734, USA",KAILUA,HONOLULU,HAWAII,HI,21.3945948,-157.7380738,,,,,False,,False
State of Hawaii,Kalaheo Neighborhood Center,4480 Papalina Rd Kalaheo HI 96741,4480 Papalina Rd,Kalaheo,HI,96741,Locality wide location,true,false,,"4480 Papalina Rd, Kalaheo, HI 96741, USA",KALAHEO,KAUAI,HAWAII,HI,21.9249511,-159.5266359,21.9251921,-159.526325,21.9247839,-159.5269937,False,,False
State of Hawaii,Kalana O Maui County Building,200 S. High St Wailuku HI 96793,200 S. High St,Wailuku,HI,96793,Locality wide location,true,false,,"200 S High St, Wailuku, HI 96793, USA",WAILUKU,MAUI,HAWAII,HI,20.8855291,-156.5040199,20.8857326,-156.5037973,20.8853208,-156.5041699,False,,False
State of Hawaii,Kalihi Valley District Park,1911 Kamehameha IV Rd Honolulu HI 96819,1911 Kamehameha IV Rd,Honolulu,HI,96819,Locality wide location,true,false,,"1911 Kamehameha IV Rd, Honolulu, HI 96819, USA",HONOLULU,HONOLULU,HAWAII,HI,21.3439743,-157.8697863,21.3443016,-157.8694334,21.3436595,-157.8701253,False,,False
State of Hawaii,Kaneohe District Park,45-660 Keaahala Rd Kaneohe HI 96744,45-660 Keaahala Rd,Kaneohe,HI,96744,Locality wide location,false,false,"From: 2022-08-13, To: 2022-08-13, Times: 07:00:00 - 19:00:00","45-660 Keaahala Rd, Kaneohe, HI 96744, USA",KANEOHE,HONOLULU,HAWAII,HI,21.4093538,-157.8089153,21.4106768,-157.8073552,21.4080882,-157.8104257,False,,False
State of Hawaii,Kaneohe District Park,45-660 Keaahala Rd Kaneohe HI 96744,45-660 Keaahala Rd,Kaneohe,HI,96744,Locality wide location,false,true,,"45-660 Keaahala Rd, Kaneohe, HI 96744, USA",KANEOHE,HONOLULU,HAWAII,HI,21.4093538,-157.8089153,21.4106768,-157.8073552,21.4080882,-157.8104257,False,,False
State of Hawaii,Kaneohe District Park,45-660 Keaahala Rd Kaneohe HI 96744,45-660 Keaahala Rd,Kaneohe,HI,96744,Locality wide location,true,false,,"45-660 Keaahala Rd, Kaneohe, HI 96744, USA",KANEOHE,HONOLULU,HAWAII,HI,21.4093538,-157.8089153,21.4106768,-157.8073552,21.4080882,-157.8104257,False,,False
State of Hawaii,Kanewai Community Park,2695 Dole Street Honolulu HI 96822,2695 Dole Street,Honolulu,HI,96822,Locality wide location,true,false,,"2695 Dole St, Honolulu, HI 96822, USA",HONOLULU,HONOLULU,HAWAII,HI,21.2935107,-157.8117445,21.293572,-157.8116482,21.2934427,-157.8118187,False,,False
State of Hawaii,Kapolei Hale,1000 Uluohia St Kapolei HI 96707,1000 Uluohia St,Kapolei,HI,96707,Locality wide location,false,false,"From: 2022-08-13, To: 2022-08-13, Times: 07:00:00 - 19:00:00","Kapolei Civic Center, 1000 Uluʻōhiʻa St, Kapolei, HI 96707, USA",KAPOLEI,HONOLULU,HAWAII,HI,21.3298541,-158.0818647,21.3302547,-158.0814695,21.329466,-158.0824742,False,,False
State of Hawaii,Kapolei Hale,1000 Uluohia St Kapolei HI 96707,1000 Uluohia St,Kapolei,HI,96707,Locality wide location,false,true,,"Kapolei Civic Center, 1000 Uluʻōhiʻa St, Kapolei, HI 96707, USA",KAPOLEI,HONOLULU,HAWAII,HI,21.3298541,-158.0818647,21.3302547,-158.0814695,21.329466,-158.0824742,False,,False
State of Hawaii,Kapolei Hale,1000 Uluohia St Kapolei HI 96707,1000 Uluohia St,Kapolei,HI,96707,Locality wide location,true,false,,"Kapolei Civic Center, 1000 Uluʻōhiʻa St, Kapolei, HI 96707, USA",KAPOLEI,HONOLULU,HAWAII,HI,21.3298541,-158.0818647,21.3302547,-158.0814695,21.329466,-158.0824742,False,,False
State of Hawaii,Kihei Fire Station,11 Waimahaihai St Kihei HI 96753,11 Waimahaihai St,Kihei,HI,96753,Locality wide location,true,false,,"11 Waimahaihai St, Kihei, HI 96753, USA",KIHEI,MAUI,HAWAII,HI,20.7347361,-156.4533618,20.7349017,-156.4532854,20.7346596,-156.4535488,False,,False
State of Hawaii,Kilauea Neighborhood Center,2460 Keneke St Kilauea HI 96754,2460 Keneke St,Kilauea,HI,96754,Locality wide location,true,false,,"2460 Keneke St, Kilauea, HI 96754, USA",KILAUEA,KAUAI,HAWAII,HI,22.2121712,-159.4056708,22.2122048,-159.4056381,22.2121392,-159.4057081,False,,False
State of Hawaii,Koloa Neighborhood Center,3461 Weliweli Rd Koloa HI 96756,3461 Weliweli Rd,Koloa,HI,96756,Locality wide location,true,false,,"3461 Weliweli Rd, Koloa, HI 96756, USA",KOLOA,KAUAI,HAWAII,HI,21.9034952,-159.4642086,21.9037128,-159.4636691,21.9030613,-159.4646044,False,,False
State of Hawaii,Kula Fire Station,50 Calasa Rd Kula HI 96790,50 Calasa Rd,Kula,HI,96790,Locality wide location,true,false,,"50 Calasa Rd, Kula, HI 96790, USA",KULA,MAUI,HAWAII,HI,20.7579119,-156.3291823,20.7580314,-156.3291021,20.7578078,-156.3293336,False,,False
State of Hawaii,Lahaina Civic Center,1840 Honoapiilani Hwy Lahaina HI 96761,1840 Honoapiilani Hwy,Lahaina,HI,96761,Locality wide location,true,false,,"1840 HI-30, Lahaina, HI 96761, USA",LAHAINA,MAUI,HAWAII,HI,20.90494,-156.6837931,20.9053167,-156.6834701,20.9047076,-156.6841094,False,,False
State of Hawaii,Lanai County Council District Office,814 Fraser Ave Lanai City HI 96763,814 Fraser Ave,Lanai City,HI,96763,Locality wide location,false,false,"From: 2022-08-13, To: 2022-08-13, Times: 07:00:00 - 19:00:00","814 Fraser Ave, Lanai City, HI 96793, USA",LANAI CITY,MAUI,HAWAII,HI,20.8241251,-156.920595,20.8241946,-156.9205357,20.8240463,-156.9206885,False,,False
State of Hawaii,Lanai County Council District Office,814 Fraser Ave Lanai City HI 96763,814 Fraser Ave,Lanai City,HI,96763,Locality wide location,false,true,,"814 Fraser Ave, Lanai City, HI 96793, USA",LANAI CITY,MAUI,HAWAII,HI,20.8241251,-156.920595,20.8241946,-156.9205357,20.8240463,-156.9206885,False,,False
State of Hawaii,Lanai County Council District Office,814 Fraser Ave Lanai City HI 96763,814 Fraser Ave,Lanai City,HI,96763,Locality wide location,true,false,,"814 Fraser Ave, Lanai City, HI 96793, USA",LANAI CITY,MAUI,HAWAII,HI,20.8241251,-156.920595,20.8241946,-156.9205357,20.8240463,-156.9206885,False,,False
State of Hawaii,Laupahoehoe Police Station,Puualaea Homestead Rd Laupahoehoe HI 96764,Puualaea Homestead Rd,Laupahoehoe,HI,96764,Locality wide location,true,false,,"Homestead Rd, Laupahoehoe, HI 96764, USA",LAUPAHOEHOE,HAWAII,HAWAII,HI,19.9849512,-155.2429903,19.986696,-155.2393294,19.9797604,-155.244338,True,Invalid final address,False
State of Hawaii,Makawao Fire Station,134 Makawao Ave Makawao HI 96768,134 Makawao Ave,Makawao,HI,96768,Locality wide location,true,false,,"134 Makawao Ave, Makawao, HI 96768, USA",MAKAWAO,MAUI,HAWAII,HI,20.8357006,-156.33067,20.8358614,-156.3305177,20.835586,-156.3308125,False,,False
State of Hawaii,Mililani Park and Ride,95-1101 Ukuwai St Mililani HI 96789,95-1101 Ukuwai St,Mililani,HI,96789,Locality wide location,true,false,,"Parking lot, 95-1101 Ukuwai St, Mililani, HI 96789, USA",MILILANI,HONOLULU,HAWAII,HI,21.4687595,-158.0033052,21.4687902,-158.0032768,21.4687239,-158.0033466,False,,False
State of Hawaii,Mitchell Pauole Center,90 Ainoa St Kaunakakai HI 96748,90 Ainoa St,Kaunakakai,HI,96748,Locality wide location,false,false,"From: 2022-08-13, To: 2022-08-13, Times: 07:00:00 - 19:00:00","90 Ainoa St, Kaunakakai, HI 96748, USA",KAUNAKAKAI,MAUI,HAWAII,HI,21.0903693,-157.0174637,21.0906079,-157.0172598,21.0902028,-157.0176865,False,,False
State of Hawaii,Mitchell Pauole Center,90 Ainoa St Kaunakakai HI 96748,90 Ainoa St,Kaunakakai,HI,96748,Locality wide location,false,true,,"90 Ainoa St, Kaunakakai, HI 96748, USA",KAUNAKAKAI,MAUI,HAWAII,HI,21.0903693,-157.0174637,21.0906079,-157.0172598,21.0902028,-157.0176865,False,,False
State of Hawaii,Mitchell Pauole Center,90 Ainoa St Kaunakakai HI 96748,90 Ainoa St,Kaunakakai,HI,96748,Locality wide location,true,false,,"90 Ainoa St, Kaunakakai, HI 96748, USA",KAUNAKAKAI,MAUI,HAWAII,HI,21.0903693,-157.0174637,21.0906079,-157.0172598,21.0902028,-157.0176865,False,,False
State of Hawaii,Naalehu Police Station,95-5355 Mamalahoa Hwy Naalehu HI 96772,95-5355 Mamalahoa Hwy,Naalehu,HI,96772,Locality wide location,true,false,,"95-5355 Mamalahoa Hwy, Naalehu, HI 96772, USA",NAALEHU,HAWAII,HAWAII,HI,19.0726334,-155.5601814,,,,,False,,False
State of Hawaii,Napili Fire Station,4950 Hanawai St Lahaina HI 96761,4950 Hanawai St,Lahaina,HI,96761,Locality wide location,true,false,,"4950 Hanawai St, Lahaina, HI 96761, USA",LAHAINA,MAUI,HAWAII,HI,20.984912,-156.6680231,20.9850019,-156.6678938,20.9848052,-156.6682852,False,,False
State of Hawaii,Neal S. Blaisdell Park,98-319 Kamehameha Hwy Aiea HI 96701,98-319 Kamehameha Hwy,Aiea,HI,96701,Locality wide location,true,false,,"98-319 Kamehameha Hwy, Aiea, HI 96701, USA",AIEA,HONOLULU,HAWAII,HI,21.3854,-157.9545986,21.3876768,-157.9524233,21.3829502,-157.9568107,False,,False
State of Hawaii,North Kohala Police Station,54-3900 Akoni Pule Hwy Kapaau HI 96755,54-3900 Akoni Pule Hwy,Kapaau,HI,96755,Locality wide location,true,false,,"54-3900 Akoni Pule Hwy, Kapaau, HI 96755, USA",KAPAAU,HAWAII,HAWAII,HI,20.2299293,-155.7981794,,,,,False,,False
State of Hawaii,Pahoa Police Station,15-2615 Keaau-Pahoa Rd Pahoa HI 96778,15-2615 Keaau-Pahoa Rd,Pahoa,HI,96778,Locality wide location,true,false,,"15-2615 Keaau-Pahoa Rd, Pāhoa, HI 96778, USA",PĀHOA,HAWAII,HAWAII,HI,19.5088068,-154.9579883,19.5089882,-154.9578031,19.5086087,-154.9581767,False,,False
State of Hawaii,Paia Community Center,252 Hana Hwy Paia HI 96779,252 Hana Hwy,Paia,HI,96779,Locality wide location,true,false,,"252 Hana Hwy, Paia, HI 96779, USA",PAIA,MAUI,HAWAII,HI,20.9184285,-156.3777455,20.918594,-156.3775549,20.9182639,-156.377983,False,,False
State of Hawaii,Princeville Public Library,4343 Emmalani Dr Princeville HI 96722,4343 Emmalani Dr,Princeville,HI,96722,Locality wide location,true,false,,"4343 Emmalani Dr, Princeville, HI 96722, USA",PRINCEVILLE,KAUAI,HAWAII,HI,22.2140375,-159.4719443,22.214307,-159.4716448,22.2137486,-159.4722434,False,,False
State of Hawaii,Rodney Yano Hall,82-6156 Mamalahoa Hwy Captain Cook HI 96704,82-6156 Mamalahoa Hwy,Captain Cook,HI,96704,Locality wide location,true,false,,"82-6156 Mamalahoa Hwy, Captain Cook, HI 96704, USA",CAPTAIN COOK,HAWAII,HAWAII,HI,19.489593,-155.910193,,,,,False,,False
State of Hawaii,Sunset Beach Recreation Center,59-540 Kamehameha Hwy Haleiwa HI 96712,59-540 Kamehameha Hwy,Haleiwa,HI,96712,Locality wide location,true,false,,"59-540 Kamehameha Hwy, Haleiwa, HI 96712, USA",HALEIWA,HONOLULU,HAWAII,HI,21.6570309,-158.057369,21.6572825,-158.0572447,21.6568656,-158.0576211,False,,False
State of Hawaii,Velma McWayne Santos Community Center,395 Waena St Wailuku HI 96793,395 Waena St,Wailuku,HI,96793,Locality wide location,false,false,"From: 2022-08-13, To: 2022-08-13, Times: 07:00:00 - 19:00:00","395 Waena St, Wailuku, HI 96793, USA",WAILUKU,MAUI,HAWAII,HI,20.9001547,-156.4919312,,,,,False,,False
State of Hawaii,Velma McWayne Santos Community Center,395 Waena St Wailuku HI 96793,395 Waena St,Wailuku,HI,96793,Locality wide location,false,true,,"395 Waena St, Wailuku, HI 96793, USA",WAILUKU,MAUI,HAWAII,HI,20.9001547,-156.4919312,,,,,False,,False
State of Hawaii,Velma McWayne Santos Community Center,395 Waena St Wailuku HI 96793,395 Waena St,Wailuku,HI,96793,Locality wide location,true,false,,"395 Waena St, Wailuku, HI 96793, USA",WAILUKU,MAUI,HAWAII,HI,20.9001547,-156.4919312,,,,,False,,False
State of Hawaii,Voter Service Center Historic County Annex Building,4386 Rice St Lihue HI 96766,4386 Rice St,Lihue,HI,96766,Locality wide location,true,false,,"4386 Rice St, Lihue, HI 96766, USA",LIHUE,KAUAI,HAWAII,HI,21.9749056,-159.3669314,,,,,False,,True
State of Hawaii,Waialae Iki Neighborhood Park,4838 Kalanianaole Hwy Honolulu HI 96821,4838 Kalanianaole Hwy,Honolulu,HI,96821,Locality wide location,true,false,,"4838 Kalanianaʻole Hwy, Honolulu, HI 96821, USA",HONOLULU,HONOLULU,HAWAII,HI,21.276989,-157.768836,,,,,False,,False
State of Hawaii,Waianae District Park,85-601 Farrington Hwy Waianae HI 96792,85-601 Farrington Hwy,Waianae,HI,96792,Locality wide location,true,false,,"85-601 Farrington Hwy, Waianae, HI 96792, USA",WAIANAE,HONOLULU,HAWAII,HI,21.4502595,-158.1939403,,,,,False,,False
State of Hawaii,Waikoloa Community Association,68-1792 Melia St Waikoloa HI 96738,68-1792 Melia St,Waikoloa,HI,96738,Locality wide location,true,false,,"68-1792 Melia St, Waikoloa Village, HI 96738, USA",WAIKOLOA VILLAGE,HAWAII,HAWAII,HI,19.9303571,-155.7934113,19.9306173,-155.7930719,19.9301923,-155.7938337,False,,False
State of Hawaii,Wailea Fire Station,300 Kilohana Dr Kihei HI 96753,300 Kilohana Dr,Kihei,HI,96753,Locality wide location,true,false,,"300 Kilohana Dr, Kihei, HI 96753, USA",KIHEI,MAUI,HAWAII,HI,20.7060611,-156.4369615,20.7062811,-156.4366703,20.705907,-156.4371956,False,,False
State of Hawaii,Waimea Neighborhood Center,4556 Makeke Rd Waimea HI 96796,4556 Makeke Rd,Waimea,HI,96796,Locality wide location,true,false,,"4556 Makeke Rd, Waimea, HI 96796, USA",WAIMEA,KAUAI,HAWAII,HI,21.9572878,-159.6699098,21.9575729,-159.6696208,21.9570572,-159.6702184,False,,False
State of Hawaii,Waimea Police Station,67-5185 Kamamalu St Waimea HI 96743,67-5185 Kamamalu St,Waimea,HI,96743,Locality wide location,true,false,,"67-5185 Kamamalu St, Waimea, HI 96743, USA",WAIMEA,HAWAII,HAWAII,HI,20.0237745,-155.661632,20.0240624,-155.6614594,20.0235871,-155.6618684,False,,False
State of Hawaii,Waipouli Shopping Center,4-757 Kuhio Hwy Kapaa HI 96746,4-757 Kuhio Hwy,Kapaa,HI,96746,Locality wide location,true,false,,"4-757 Kuhio Hwy, Kapaʻa, HI 96746, USA",KAPAʻA,KAUAI,HAWAII,HI,22.0603929,-159.3222784,22.0604861,-159.3221929,22.0602721,-159.3224379,False,,False
State of Hawaii,West Hawaii Civic Center,74-5044 Ane Keohokalole Hwy Kailua-Kona HI 96740,74-5044 Ane Keohokalole Hwy,Kailua-Kona,HI,96740,Locality wide location,false,false,"From: 2022-08-13, To: 2022-08-13, Times: 07:00:00 - 19:00:00","74-5044 Ane Keohokalole Hwy, Kailua-Kona, HI 96740, USA",KAILUA-KONA,HAWAII,HAWAII,HI,19.6737485,-156.0039027,,,,,False,,False
State of Hawaii,West Hawaii Civic Center,74-5044 Ane Keohokalole Hwy Kailua-Kona HI 96740,74-5044 Ane Keohokalole Hwy,Kailua-Kona,HI,96740,Locality wide location,false,true,,"74-5044 Ane Keohokalole Hwy, Kailua-Kona, HI 96740, USA",KAILUA-KONA,HAWAII,HAWAII,HI,19.6737485,-156.0039027,,,,,False,,False
State of Hawaii,West Hawaii Civic Center,74-5044 Ane Keohokalole Hwy Kailua-Kona HI 96740,74-5044 Ane Keohokalole Hwy,Kailua-Kona,HI,96740,Locality wide location,true,false,,"74-5044 Ane Keohokalole Hwy, Kailua-Kona, HI 96740, USA",KAILUA-KONA,HAWAII,HAWAII,HI,19.6737485,-156.0039027,,,,,False,,False
