Locality,Location Name,Address Full,Address Line,Address City,Address State,Address Zip,Precincts (Or Locality-wide),Is Drop Off,Is Early Voting,Schedules,Precinct FIPS,Locality FIPS,Google Address,City,County,State Long,State,Latitude,Longitude,NE Latitude,NE Longitude,SW Latitude,SW Longitude,Review Required,Problem,Duplicate
adams,Adams County Government Center,215 N. Cross St. West Union OH 45693,215 N. Cross St.,West Union,OH,45693,Locality wide location,true,false,"From: 2022-10-12, To: 2022-11-05, Times: 00:00:00 - 23:59:59; From: 2022-11-08, To: 2022-11-08, Times: 00:00:00 - 19:30:00; From: 2022-11-06, To: 2022-11-06, Times: 00:00:00 - 23:59:59; From: 2022-11-07, To: 2022-11-07, Times: 00:00:00 - 23:59:59",,39001,"215 N Cross St, West Union, OH 45693, USA",WEST UNION,ADAMS,OHIO,OH,38.7951637,-83.54677819999999,,,,,False,,False
allen,Allen County Board of Elections,204 N. Main Lima OH 45801-4457,204 N. Main,Lima,OH,45801-4457,Locality wide location,true,false,"From: 2022-10-12, To: 2022-11-05, Times: 00:00:00 - 23:59:59; From: 2022-11-08, To: 2022-11-08, Times: 00:00:00 - 19:30:00; From: 2022-11-06, To: 2022-11-06, Times: 00:00:00 - 23:59:59; From: 2022-11-07, To: 2022-11-07, Times: 00:00:00 - 23:59:59",,39003,"204 N Main St, Lima, OH 45801, USA",LIMA,ALLEN,OHIO,OH,40.7416478,-84.1044625,40.741716,-84.1041006,40.7415775,-84.1048278,False,,False
ashland,Ashland County Office Building,110 Cottage St. Ashland OH 44805,110 Cottage St.,Ashland,OH,44805,Locality wide location,true,false,"From: 2022-10-12, To: 2022-11-05, Times: 00:00:00 - 23:59:59; From: 2022-11-08, To: 2022-11-08, Times: 00:00:00 - 19:30:00; From: 2022-11-06, To: 2022-11-06, Times: 00:00:00 - 23:59:59; From: 2022-11-07, To: 2022-11-07, Times: 00:00:00 - 23:59:59",,39005,"110 Cottage St, Ashland, OH 44805, USA",ASHLAND,ASHLAND,OHIO,OH,40.8690523,-82.3183317,,,,,False,,False
ashtabula,Ashtabula County Board of Elections,8 W. Walnut St. Jefferson OH 44047,8 W. Walnut St.,Jefferson,OH,44047,Locality wide location,true,false,"From: 2022-10-12, To: 2022-11-05, Times: 00:00:00 - 23:59:59; From: 2022-11-08, To: 2022-11-08, Times: 00:00:00 - 19:30:00; From: 2022-11-06, To: 2022-11-06, Times: 00:00:00 - 23:59:59; From: 2022-11-07, To: 2022-11-07, Times: 00:00:00 - 23:59:59",,39007,"8 W Walnut St, Jefferson, OH 44047, USA",JEFFERSON,ASHTABULA,OHIO,OH,41.7402287,-80.7697195,,,,,False,,False
athens,Athens County Board of Elections,15 S. Court St Athens OH 45701,15 S. Court St,Athens,OH,45701,Locality wide location,true,false,"From: 2022-10-12, To: 2022-11-05, Times: 00:00:00 - 23:59:59; From: 2022-11-08, To: 2022-11-08, Times: 00:00:00 - 19:30:00; From: 2022-11-06, To: 2022-11-06, Times: 00:00:00 - 23:59:59; From: 2022-11-07, To: 2022-11-07, Times: 00:00:00 - 23:59:59",,39009,"15 S Court St, Athens, OH 45701, USA",ATHENS,ATHENS,OHIO,OH,39.3286843,-82.1015592,39.3287666,-82.1013475,39.3286244,-82.1018069,False,,False
auglaize,Auglaize Co Board of Elections,209 S Blackhoof St. Wapakoneta OH 45895,209 S Blackhoof St.,Wapakoneta,OH,45895,Locality wide location,true,false,"From: 2022-10-12, To: 2022-11-05, Times: 00:00:00 - 23:59:59; From: 2022-11-08, To: 2022-11-08, Times: 00:00:00 - 19:30:00; From: 2022-11-06, To: 2022-11-06, Times: 00:00:00 - 23:59:59; From: 2022-11-07, To: 2022-11-07, Times: 00:00:00 - 23:59:59",3980766,39011,"AUGLAIZE COUNTY ADMINISTRATION BUILDING, 209 S Blackhoof St, Wapakoneta, OH 45895, USA",WAPAKONETA,AUGLAIZE,OHIO,OH,40.5682163,-84.19666819999999,40.5684154,-84.1964687,40.568097,-84.1969187,False,,False
belmont,Belmont County Board of Elections,52180 National Rd. E St. Clairsville OH 43950,52180 National Rd. E,St. Clairsville,OH,43950,Locality wide location,true,false,"From: 2022-10-12, To: 2022-11-05, Times: 00:00:00 - 23:59:59; From: 2022-11-08, To: 2022-11-08, Times: 00:00:00 - 19:30:00; From: 2022-11-06, To: 2022-11-06, Times: 00:00:00 - 23:59:59; From: 2022-11-07, To: 2022-11-07, Times: 00:00:00 - 23:59:59",,39013,"52180 National Rd E, St Clairsville, OH 43950, USA",SAINT CLAIRSVILLE,BELMONT,OHIO,OH,40.0706388,-80.84634170000001,40.0707757,-80.8461935,40.0703652,-80.8465676,False,,False
brown,Brown County Board of Elections,800 Mt. Orab Pike Georgetown OH 45121,800 Mt. Orab Pike,Georgetown,OH,45121,Locality wide location,true,false,"From: 2022-10-12, To: 2022-11-05, Times: 00:00:00 - 23:59:59; From: 2022-11-08, To: 2022-11-08, Times: 00:00:00 - 19:30:00; From: 2022-11-06, To: 2022-11-06, Times: 00:00:00 - 23:59:59; From: 2022-11-07, To: 2022-11-07, Times: 00:00:00 - 23:59:59",3929778,39015,"800 Mt Orab Pike, Georgetown, OH 45121, USA",GEORGETOWN,BROWN,OHIO,OH,38.8753175,-83.9009756,,,,,False,,False
butler,Butler County Board of Elections,1802 Princeton Rd Hamilton OH 45011,1802 Princeton Rd,Hamilton,OH,45011,Locality wide location,true,false,"From: 2022-10-12, To: 2022-11-05, Times: 00:00:00 - 23:59:59; From: 2022-11-08, To: 2022-11-08, Times: 00:00:00 - 19:30:00; From: 2022-11-06, To: 2022-11-06, Times: 00:00:00 - 23:59:59; From: 2022-11-07, To: 2022-11-07, Times: 00:00:00 - 23:59:59",,39017,"1802 Princeton Rd, Hamilton, OH 45011, USA",HAMILTON,BUTLER,OHIO,OH,39.39396199999999,-84.5375309,39.3941813,-84.5369533,39.3934443,-84.5383007,False,,False
carroll,Carroll County Board of Elections,119 S. Lisbon St. Carrollton OH 44615,119 S. Lisbon St.,Carrollton,OH,44615,Locality wide location,true,false,"From: 2022-10-12, To: 2022-11-05, Times: 00:00:00 - 23:59:59; From: 2022-11-08, To: 2022-11-08, Times: 00:00:00 - 19:30:00; From: 2022-11-06, To: 2022-11-06, Times: 00:00:00 - 23:59:59; From: 2022-11-07, To: 2022-11-07, Times: 00:00:00 - 23:59:59",,39019,"119 S Lisbon St, Carrollton, OH 44615, USA",CARROLLTON,CARROLL,OHIO,OH,40.57201209999999,-81.08620169999999,40.5722299,-81.0859542,40.5718602,-81.0864138,False,,False
champaign,County Administration Building,1512 S. U.S. Hwy 68 Urbana OH 43078,1512 S. U.S. Hwy 68,Urbana,OH,43078,Locality wide location,true,false,"From: 2022-10-12, To: 2022-11-05, Times: 00:00:00 - 23:59:59; From: 2022-11-08, To: 2022-11-08, Times: 00:00:00 - 19:30:00; From: 2022-11-06, To: 2022-11-06, Times: 00:00:00 - 23:59:59; From: 2022-11-07, To: 2022-11-07, Times: 00:00:00 - 23:59:59",,39021,"Urbana, OH 43078, USA",URBANA,CHAMPAIGN,OHIO,OH,40.1083912,-83.7524298,40.1414289,-83.7116829,40.0840101,-83.7847938,True,Unexpected address size change,False
clark,Springview Government Center,3130 E. Main St Springfield OH 45505,3130 E. Main St,Springfield,OH,45505,Locality wide location,true,false,"From: 2022-10-12, To: 2022-11-05, Times: 00:00:00 - 23:59:59; From: 2022-11-08, To: 2022-11-08, Times: 00:00:00 - 19:30:00; From: 2022-11-06, To: 2022-11-06, Times: 00:00:00 - 23:59:59; From: 2022-11-07, To: 2022-11-07, Times: 00:00:00 - 23:59:59",,39023,"3130 E Main St, Springfield, OH 45503, USA",SPRINGFIELD,CLARK,OHIO,OH,39.9246589,-83.759203,39.9250761,-83.7583427,39.9245013,-83.75935400000002,False,,False
clermont,Clermont County Board of Elections,76 S. Riverside Dr. Batavia OH 45103,76 S. Riverside Dr.,Batavia,OH,45103,Locality wide location,true,false,"From: 2022-10-12, To: 2022-11-05, Times: 00:00:00 - 23:59:59; From: 2022-11-08, To: 2022-11-08, Times: 00:00:00 - 19:30:00; From: 2022-11-06, To: 2022-11-06, Times: 00:00:00 - 23:59:59; From: 2022-11-07, To: 2022-11-07, Times: 00:00:00 - 23:59:59",,39025,"Clermont County Courthouse, 76 S Riverside Dr, Batavia, OH 45103, USA",BATAVIA,CLERMONT,OHIO,OH,39.0771575,-84.1791748,39.0772747,-84.1789802,39.0769909,-84.1793452,False,,False
clinton,Clinton County Board of Elections,111 S. Nelson Ave. Wilmington OH 45177,111 S. Nelson Ave.,Wilmington,OH,45177,Locality wide location,true,false,"From: 2022-10-12, To: 2022-11-05, Times: 00:00:00 - 23:59:59; From: 2022-11-08, To: 2022-11-08, Times: 00:00:00 - 19:30:00; From: 2022-11-06, To: 2022-11-06, Times: 00:00:00 - 23:59:59; From: 2022-11-07, To: 2022-11-07, Times: 00:00:00 - 23:59:59",,39027,"111 S Nelson Ave, Wilmington, OH 45177, USA",WILMINGTON,CLINTON,OHIO,OH,39.4432164,-83.8523551,39.4434189,-83.852115,39.4429294,-83.8527601,False,,False
columbiana,Columbiana County Government Services Bldg,7989 Dickey Dr Lisbon OH 44432,7989 Dickey Dr,Lisbon,OH,44432,Locality wide location,true,false,"From: 2022-10-12, To: 2022-11-05, Times: 00:00:00 - 23:59:59; From: 2022-11-08, To: 2022-11-08, Times: 00:00:00 - 19:30:00; From: 2022-11-06, To: 2022-11-06, Times: 00:00:00 - 23:59:59; From: 2022-11-07, To: 2022-11-07, Times: 00:00:00 - 23:59:59",3944030,39029,"7989 Dickey Dr, Lisbon, OH 44432, USA",LISBON,COLUMBIANA,OHIO,OH,40.7864654,-80.7740125,40.7868026,-80.7734498,40.7862068,-80.77445519999999,False,,False
coshocton,Coshocton County Services Building,724 S. 7th St Coshocton OH 43812,724 S. 7th St,Coshocton,OH,43812,Locality wide location,true,false,"From: 2022-10-12, To: 2022-11-05, Times: 00:00:00 - 23:59:59; From: 2022-11-08, To: 2022-11-08, Times: 00:00:00 - 19:30:00; From: 2022-11-06, To: 2022-11-06, Times: 00:00:00 - 23:59:59; From: 2022-11-07, To: 2022-11-07, Times: 00:00:00 - 23:59:59",,39031,"724 S 7th St, Coshocton, OH 43812, USA",COSHOCTON,COSHOCTON,OHIO,OH,40.2665391,-81.8587191,40.2667299,-81.8583738,40.2663544,-81.8590376,False,,False
crawford,Crawford County Courthouse,112 E. Mansfield St. Bucyrus OH 44820,112 E. Mansfield St.,Bucyrus,OH,44820,Locality wide location,true,false,"From: 2022-10-12, To: 2022-11-05, Times: 00:00:00 - 23:59:59; From: 2022-11-08, To: 2022-11-08, Times: 00:00:00 - 19:30:00; From: 2022-11-06, To: 2022-11-06, Times: 00:00:00 - 23:59:59; From: 2022-11-07, To: 2022-11-07, Times: 00:00:00 - 23:59:59",,39033,"112 E Mansfield St, Bucyrus, OH 44820, USA",BUCYRUS,CRAWFORD,OHIO,OH,40.80950259999999,-82.97455939999999,40.8095854,-82.9743508,40.80935280000001,-82.974729,False,,False
cuyahoga,Cuyahoga County Board of Elections,2925 Euclid Ave Cleveland OH 44115,2925 Euclid Ave,Cleveland,OH,44115,Locality wide location,true,false,"From: 2022-10-12, To: 2022-11-05, Times: 00:00:00 - 23:59:59; From: 2022-11-08, To: 2022-11-08, Times: 00:00:00 - 19:30:00; From: 2022-11-06, To: 2022-11-06, Times: 00:00:00 - 23:59:59; From: 2022-11-07, To: 2022-11-07, Times: 00:00:00 - 23:59:59",,39035,"2925 Euclid Ave, Cleveland, OH 44115, USA",CLEVELAND,CUYAHOGA,OHIO,OH,41.5027867,-81.66779849999999,41.50294,-81.6675652,41.5026073,-81.6680798,False,,False
darke,Darke County Government Center,300 Garst Ave Greenville OH 45331,300 Garst Ave,Greenville,OH,45331,Locality wide location,true,false,"From: 2022-10-12, To: 2022-11-05, Times: 00:00:00 - 23:59:59; From: 2022-11-08, To: 2022-11-08, Times: 00:00:00 - 19:30:00; From: 2022-11-06, To: 2022-11-06, Times: 00:00:00 - 23:59:59; From: 2022-11-07, To: 2022-11-07, Times: 00:00:00 - 23:59:59",,39037,"300 Garst Ave, Greenville, OH 45331, USA",GREENVILLE,DARKE,OHIO,OH,40.1079942,-84.6338918,40.1081961,-84.6335809,40.1079379,-84.6343794,False,,False
defiance,Defiance County East,1300 E. 2nd St. Defiance OH 43512,1300 E. 2nd St.,Defiance,OH,43512,Locality wide location,true,false,"From: 2022-10-12, To: 2022-11-05, Times: 00:00:00 - 23:59:59; From: 2022-11-08, To: 2022-11-08, Times: 00:00:00 - 19:30:00; From: 2022-11-06, To: 2022-11-06, Times: 00:00:00 - 23:59:59; From: 2022-11-07, To: 2022-11-07, Times: 00:00:00 - 23:59:59",,39039,"1300 E 2nd St, Defiance, OH 43512, USA",DEFIANCE,DEFIANCE,OHIO,OH,41.28344,-84.3414695,41.2837452,-84.3412322,41.2831979,-84.3418591,False,,False
delaware,Delaware County Board of Elections,2079 US Hwy 23 N Delaware OH 43015,2079 US Hwy 23 N,Delaware,OH,43015,Locality wide location,true,false,"From: 2022-10-12, To: 2022-11-05, Times: 00:00:00 - 23:59:59; From: 2022-11-08, To: 2022-11-08, Times: 00:00:00 - 19:30:00; From: 2022-11-06, To: 2022-11-06, Times: 00:00:00 - 23:59:59; From: 2022-11-07, To: 2022-11-07, Times: 00:00:00 - 23:59:59",,39041,"2079 U.S. Hwy 23 N, Delaware, OH 43015, USA",DELAWARE,DELAWARE,OHIO,OH,40.3296049,-83.0747779,,,,,False,,False
erie,Erie County Water Department Building,2900 Columbus Ave. Sandusky OH 44870,2900 Columbus Ave.,Sandusky,OH,44870,Locality wide location,true,false,"From: 2022-10-12, To: 2022-11-05, Times: 00:00:00 - 23:59:59; From: 2022-11-08, To: 2022-11-08, Times: 00:00:00 - 19:30:00; From: 2022-11-06, To: 2022-11-06, Times: 00:00:00 - 23:59:59; From: 2022-11-07, To: 2022-11-07, Times: 00:00:00 - 23:59:59",,39043,"2900 Columbus Ave, Sandusky, OH 44870, USA",SANDUSKY,ERIE,OHIO,OH,41.4272469,-82.6934895,,,,,False,,False
fairfield,Fairfield County Board of Elections,951 Liberty Dr Lancaster OH 43130,951 Liberty Dr,Lancaster,OH,43130,Locality wide location,true,false,"From: 2022-10-12, To: 2022-11-05, Times: 00:00:00 - 23:59:59; From: 2022-11-08, To: 2022-11-08, Times: 00:00:00 - 19:30:00; From: 2022-11-06, To: 2022-11-06, Times: 00:00:00 - 23:59:59; From: 2022-11-07, To: 2022-11-07, Times: 00:00:00 - 23:59:59",,39045,"951 Liberty Dr, Lancaster, OH 43130, USA",LANCASTER,FAIRFIELD,OHIO,OH,39.7300186,-82.66431490000001,,,,,False,,False
fayette,FAYETTE BOARD OF ELECTIONS,135 S. Main St. Washington Court House OH 43160,135 S. Main St.,Washington Court House,OH,43160,Locality wide location,true,false,"From: 2022-10-12, To: 2022-11-05, Times: 00:00:00 - 23:59:59; From: 2022-11-08, To: 2022-11-08, Times: 00:00:00 - 19:30:00; From: 2022-11-06, To: 2022-11-06, Times: 00:00:00 - 23:59:59; From: 2022-11-07, To: 2022-11-07, Times: 00:00:00 - 23:59:59",,39047,"135 S Main St, Washington Court House, OH 43160, USA",WASHINGTON COURT HOUSE,FAYETTE,OHIO,OH,39.5349148,-83.439572,39.5350945,-83.4393159,39.5347146,-83.4398438,False,,False
franklin,Franklin Board of Elections,1700 Morse Rd Columbus OH 43229,1700 Morse Rd,Columbus,OH,43229,Locality wide location,true,false,"From: 2022-10-12, To: 2022-11-05, Times: 00:00:00 - 23:59:59; From: 2022-11-08, To: 2022-11-08, Times: 00:00:00 - 19:30:00; From: 2022-11-06, To: 2022-11-06, Times: 00:00:00 - 23:59:59; From: 2022-11-07, To: 2022-11-07, Times: 00:00:00 - 23:59:59",,39049,"1700 Morse Rd, Columbus, OH 43229, USA",COLUMBUS,FRANKLIN,OHIO,OH,40.0613833,-82.97366149999999,,,,,False,,False
fulton,Fulton County Board of Elections,135 Courthouse Plz Wauseon OH 43567,135 Courthouse Plz,Wauseon,OH,43567,Locality wide location,true,false,"From: 2022-10-12, To: 2022-11-05, Times: 00:00:00 - 23:59:59; From: 2022-11-08, To: 2022-11-08, Times: 00:00:00 - 19:30:00; From: 2022-11-06, To: 2022-11-06, Times: 00:00:00 - 23:59:59; From: 2022-11-07, To: 2022-11-07, Times: 00:00:00 - 23:59:59",3981928,39051,"135 Courthouse Plaza, Wauseon, OH 43567, USA",WAUSEON,FULTON,OHIO,OH,41.5452908,-84.1419059,41.545373,-84.1416654,41.545221,-84.1419796,False,,False
gallia,Gallia County Board of Elections,18 Locust St Gallipolis OH 45631,18 Locust St,Gallipolis,OH,45631,Locality wide location,true,false,"From: 2022-10-12, To: 2022-11-05, Times: 00:00:00 - 23:59:59; From: 2022-11-08, To: 2022-11-08, Times: 00:00:00 - 19:30:00; From: 2022-11-06, To: 2022-11-06, Times: 00:00:00 - 23:59:59; From: 2022-11-07, To: 2022-11-07, Times: 00:00:00 - 23:59:59",,39053,"18 Locust St, Gallipolis, OH 45631, USA",GALLIPOLIS,GALLIA,OHIO,OH,38.80902,-82.20254299999999,,,,,False,,False
geauga,Geauga County Board of Elections,470 Center St. Chardon OH 44024,470 Center St.,Chardon,OH,44024,Locality wide location,true,false,"From: 2022-10-12, To: 2022-11-05, Times: 00:00:00 - 23:59:59; From: 2022-11-08, To: 2022-11-08, Times: 00:00:00 - 19:30:00; From: 2022-11-06, To: 2022-11-06, Times: 00:00:00 - 23:59:59; From: 2022-11-07, To: 2022-11-07, Times: 00:00:00 - 23:59:59",,39055,"470 Center St, Chardon, OH 44024, USA",CHARDON,GEAUGA,OHIO,OH,41.5913448,-81.2247318,41.5914923,-81.2245222,41.5911893,-81.2249434,False,,False
greene,Greene County Board of Elections,551 Ledbetter Rd. Xenia OH 45385,551 Ledbetter Rd.,Xenia,OH,45385,Locality wide location,true,false,"From: 2022-10-12, To: 2022-11-05, Times: 00:00:00 - 23:59:59; From: 2022-11-08, To: 2022-11-08, Times: 00:00:00 - 19:30:00; From: 2022-11-06, To: 2022-11-06, Times: 00:00:00 - 23:59:59; From: 2022-11-07, To: 2022-11-07, Times: 00:00:00 - 23:59:59",,39057,"551 Ledbetter Rd, Xenia, OH 45385, USA",XENIA,GREENE,OHIO,OH,39.6663268,-83.9429129,,,,,False,,False
guernsey,Guernsey County Admin Building,627 Wheeling Ave. Cambridge OH 43725,627 Wheeling Ave.,Cambridge,OH,43725,Locality wide location,true,false,"From: 2022-10-12, To: 2022-11-05, Times: 00:00:00 - 23:59:59; From: 2022-11-08, To: 2022-11-08, Times: 00:00:00 - 19:30:00; From: 2022-11-06, To: 2022-11-06, Times: 00:00:00 - 23:59:59; From: 2022-11-07, To: 2022-11-07, Times: 00:00:00 - 23:59:59",,39059,"627 Wheeling Ave, Cambridge, OH 43725, USA",CAMBRIDGE,GUERNSEY,OHIO,OH,40.0251869,-81.5924142,40.0254945,-81.5922992,40.0249457,-81.59252409999999,False,,False
hamilton,Board of Elections Office,4700 Smith Rd Cincinnati OH 45212,4700 Smith Rd,Cincinnati,OH,45212,Locality wide location,true,false,"From: 2022-10-12, To: 2022-11-05, Times: 00:00:00 - 23:59:59; From: 2022-11-08, To: 2022-11-08, Times: 00:00:00 - 19:30:00; From: 2022-11-06, To: 2022-11-06, Times: 00:00:00 - 23:59:59; From: 2022-11-07, To: 2022-11-07, Times: 00:00:00 - 23:59:59",,39061,"4700 Smith Rd, Cincinnati, OH 45212, USA",CINCINNATI,HAMILTON,OHIO,OH,39.1619903,-84.4536114,39.1627033,-84.45271280000001,39.1615013,-84.4541519,False,,False
hancock,Hancock County Board of Elections,201 E. Lincoln St. Findlay OH 45840,201 E. Lincoln St.,Findlay,OH,45840,Locality wide location,true,false,"From: 2022-10-12, To: 2022-11-05, Times: 00:00:00 - 23:59:59; From: 2022-11-08, To: 2022-11-08, Times: 00:00:00 - 19:30:00; From: 2022-11-06, To: 2022-11-06, Times: 00:00:00 - 23:59:59; From: 2022-11-07, To: 2022-11-07, Times: 00:00:00 - 23:59:59",,39063,"201 E Lincoln St, Findlay, OH 45840, USA",FINDLAY,HANCOCK,OHIO,OH,41.0340686,-83.6482676,41.0342504,-83.6480967,41.0339082,-83.6484524,False,,False
hardin,Hardin County Courthouse,1 Courthouse Sq Kenton OH 43326,1 Courthouse Sq,Kenton,OH,43326,Locality wide location,true,false,"From: 2022-10-12, To: 2022-11-05, Times: 00:00:00 - 23:59:59; From: 2022-11-08, To: 2022-11-08, Times: 00:00:00 - 19:30:00; From: 2022-11-06, To: 2022-11-06, Times: 00:00:00 - 23:59:59; From: 2022-11-07, To: 2022-11-07, Times: 00:00:00 - 23:59:59",3939886,39065,"1 Courthouse Sq, Kenton, OH 43326, USA",KENTON,HARDIN,OHIO,OH,40.6476815,-83.60860939999999,,,,,False,,False
harrison,Harrison County Board of Elections,538 N. Main Cadiz OH 43907,538 N. Main,Cadiz,OH,43907,Locality wide location,true,false,"From: 2022-10-12, To: 2022-11-05, Times: 00:00:00 - 23:59:59; From: 2022-11-08, To: 2022-11-08, Times: 00:00:00 - 19:30:00; From: 2022-11-06, To: 2022-11-06, Times: 00:00:00 - 23:59:59; From: 2022-11-07, To: 2022-11-07, Times: 00:00:00 - 23:59:59",,39067,"538 N Main St, Cadiz, OH 43907, USA",CADIZ,HARRISON,OHIO,OH,40.2897981,-80.9844741,40.2899221,-80.98433639999999,40.2896955,-80.98460840000001,False,,False
henry,Board of Elections Office,1827 Oakwood Ave Napoleon OH 43545,1827 Oakwood Ave,Napoleon,OH,43545,Locality wide location,true,false,"From: 2022-10-12, To: 2022-11-05, Times: 00:00:00 - 23:59:59; From: 2022-11-08, To: 2022-11-08, Times: 00:00:00 - 19:30:00; From: 2022-11-06, To: 2022-11-06, Times: 00:00:00 - 23:59:59; From: 2022-11-07, To: 2022-11-07, Times: 00:00:00 - 23:59:59",,39069,"1827 Oakwood Ave, Napoleon, OH 43545, USA",NAPOLEON,HENRY,OHIO,OH,41.4084778,-84.1215643,,,,,False,,False
highland,Highland County Board of Elections,1575 N. High St Hillsboro OH 45133,1575 N. High St,Hillsboro,OH,45133,Locality wide location,true,false,"From: 2022-10-12, To: 2022-11-05, Times: 00:00:00 - 23:59:59; From: 2022-11-08, To: 2022-11-08, Times: 00:00:00 - 19:30:00; From: 2022-11-06, To: 2022-11-06, Times: 00:00:00 - 23:59:59; From: 2022-11-07, To: 2022-11-07, Times: 00:00:00 - 23:59:59",3935560,39071,"1575 N High St, Hillsboro, OH 45133, USA",HILLSBORO,HIGHLAND,OHIO,OH,39.2379975,-83.60964849999999,39.2383549,-83.609178,39.2377353,-83.61008369999999,False,,False
hocking,Hocking County Board of Elections,93 W Hunter St Logan OH 43138,93 W Hunter St,Logan,OH,43138,Locality wide location,true,false,"From: 2022-10-12, To: 2022-11-05, Times: 00:00:00 - 23:59:59; From: 2022-11-08, To: 2022-11-08, Times: 00:00:00 - 19:30:00; From: 2022-11-06, To: 2022-11-06, Times: 00:00:00 - 23:59:59; From: 2022-11-07, To: 2022-11-07, Times: 00:00:00 - 23:59:59",,39073,"93 W Hunter St, Logan, OH 43138, USA",LOGAN,HOCKING,OHIO,OH,39.5410784,-82.41038979999999,39.54122539999999,-82.4102918,39.5408731,-82.41052130000001,False,,False
holmes,Clinton Street Office Building,75 E. Clinton St. Millersburg OH 44654,75 E. Clinton St.,Millersburg,OH,44654,Locality wide location,true,false,"From: 2022-10-12, To: 2022-11-05, Times: 00:00:00 - 23:59:59; From: 2022-11-08, To: 2022-11-08, Times: 00:00:00 - 19:30:00; From: 2022-11-06, To: 2022-11-06, Times: 00:00:00 - 23:59:59; From: 2022-11-07, To: 2022-11-07, Times: 00:00:00 - 23:59:59",3950372,39075,"75 E Clinton St, Millersburg, OH 44654, USA",MILLERSBURG,HOLMES,OHIO,OH,40.5549484,-81.916393,40.5552307,-81.9162241,40.5546634,-81.9167159,False,,False
huron,Huron County Administration Building,80 Milan Ave. Norwalk OH 44857,80 Milan Ave.,Norwalk,OH,44857,Locality wide location,true,false,"From: 2022-10-12, To: 2022-11-05, Times: 00:00:00 - 23:59:59; From: 2022-11-08, To: 2022-11-08, Times: 00:00:00 - 19:30:00; From: 2022-11-06, To: 2022-11-06, Times: 00:00:00 - 23:59:59; From: 2022-11-07, To: 2022-11-07, Times: 00:00:00 - 23:59:59",,39077,"80 Milan Ave, Norwalk, OH 44857, USA",NORWALK,HURON,OHIO,OH,41.2489335,-82.6115573,41.24897199999999,-82.6114904,41.2489013,-82.6116251,False,,False
jackson,Jackson County Board of Elections,25E South St Jackson OH 45640,25E South St,Jackson,OH,45640,Locality wide location,true,false,"From: 2022-10-12, To: 2022-11-05, Times: 00:00:00 - 23:59:59; From: 2022-11-08, To: 2022-11-08, Times: 00:00:00 - 19:30:00; From: 2022-11-06, To: 2022-11-06, Times: 00:00:00 - 23:59:59; From: 2022-11-07, To: 2022-11-07, Times: 00:00:00 - 23:59:59",,39079,"25 South St, Jackson, OH 45640, USA",JACKSON,JACKSON,OHIO,OH,39.0482099,-82.6419718,39.0485748,-82.64182579999999,39.0479741,-82.642122,False,,False
jefferson,Jefferson County Board of Elections,500 Market St Steubenville OH 43953,500 Market St,Steubenville,OH,43953,Locality wide location,true,false,"From: 2022-10-12, To: 2022-11-05, Times: 00:00:00 - 23:59:59; From: 2022-11-08, To: 2022-11-08, Times: 00:00:00 - 19:30:00; From: 2022-11-06, To: 2022-11-06, Times: 00:00:00 - 23:59:59; From: 2022-11-07, To: 2022-11-07, Times: 00:00:00 - 23:59:59",,39081,"500 Market St, Steubenville, OH 43952, USA",STEUBENVILLE,JEFFERSON,OHIO,OH,40.3601918,-80.6168244,40.3603998,-80.6166125,40.3600634,-80.61718069999999,False,,False
knox,Knox County Board of Elections,104 E Sugar St Mount Vernon OH 43050,104 E Sugar St,Mount Vernon,OH,43050,Locality wide location,true,false,"From: 2022-10-12, To: 2022-11-05, Times: 00:00:00 - 23:59:59; From: 2022-11-08, To: 2022-11-08, Times: 00:00:00 - 19:30:00; From: 2022-11-06, To: 2022-11-06, Times: 00:00:00 - 23:59:59; From: 2022-11-07, To: 2022-11-07, Times: 00:00:00 - 23:59:59",,39083,"104 E Sugar St, Mt Vernon, OH 43050, USA",MOUNT VERNON,KNOX,OHIO,OH,40.3947801,-82.4831921,,,,,False,,False
lake,Lake County Board of Elections,105 Main St Painesville OH 44077,105 Main St,Painesville,OH,44077,Locality wide location,true,false,"From: 2022-10-12, To: 2022-11-05, Times: 00:00:00 - 23:59:59; From: 2022-11-08, To: 2022-11-08, Times: 00:00:00 - 19:30:00; From: 2022-11-06, To: 2022-11-06, Times: 00:00:00 - 23:59:59; From: 2022-11-07, To: 2022-11-07, Times: 00:00:00 - 23:59:59",,39085,"105 Main St, Painesville, OH 44077, USA",PAINESVILLE,LAKE,OHIO,OH,41.7256037,-81.2429947,41.7259226,-81.2425809,41.7252835,-81.2434488,False,,False
lawrence,Lawrence County Courthouse,111 S 4th St Ironton OH 45638,111 S 4th St,Ironton,OH,45638,Locality wide location,true,false,"From: 2022-10-12, To: 2022-11-05, Times: 00:00:00 - 23:59:59; From: 2022-11-08, To: 2022-11-08, Times: 00:00:00 - 19:30:00; From: 2022-11-06, To: 2022-11-06, Times: 00:00:00 - 23:59:59; From: 2022-11-07, To: 2022-11-07, Times: 00:00:00 - 23:59:59",3937464,39087,"111 S 4th St, Ironton, OH 45638, USA",IRONTON,LAWRENCE,OHIO,OH,38.53593430000001,-82.6837053,38.536143,-82.683443,38.5357166,-82.6839514,False,,False
licking,County Administration Building,20 S. 2nd St. Newark OH 43055,20 S. 2nd St.,Newark,OH,43055,Locality wide location,true,false,"From: 2022-10-12, To: 2022-11-05, Times: 00:00:00 - 23:59:59; From: 2022-11-08, To: 2022-11-08, Times: 00:00:00 - 19:30:00; From: 2022-11-06, To: 2022-11-06, Times: 00:00:00 - 23:59:59; From: 2022-11-07, To: 2022-11-07, Times: 00:00:00 - 23:59:59",,39089,"20 S 2nd St, Newark, OH 43055, USA",NEWARK,LICKING,OHIO,OH,40.0577401,-82.4002617,,,,,False,,False
logan,Board of Elections Office,225 S Main St Bellefontaine OH 43311-2075,225 S Main St,Bellefontaine,OH,43311-2075,Locality wide location,true,false,"From: 2022-10-12, To: 2022-11-05, Times: 00:00:00 - 23:59:59; From: 2022-11-08, To: 2022-11-08, Times: 00:00:00 - 19:30:00; From: 2022-11-06, To: 2022-11-06, Times: 00:00:00 - 23:59:59; From: 2022-11-07, To: 2022-11-07, Times: 00:00:00 - 23:59:59",3905130,39091,"225 S Main St, Bellefontaine, OH 43311, USA",BELLEFONTAINE,LOGAN,OHIO,OH,40.3588774,-83.75956649999999,,,,,False,,False
lorain,Lorain County Board of Elections,1985 N Ridge Rd. E Lorain OH 44055,1985 N Ridge Rd. E,Lorain,OH,44055,Locality wide location,true,false,"From: 2022-10-12, To: 2022-11-05, Times: 00:00:00 - 23:59:59; From: 2022-11-08, To: 2022-11-08, Times: 00:00:00 - 19:30:00; From: 2022-11-06, To: 2022-11-06, Times: 00:00:00 - 23:59:59; From: 2022-11-07, To: 2022-11-07, Times: 00:00:00 - 23:59:59",,39093,"1985 N Ridge Rd, Lorain, OH 44055, USA",LORAIN,LORAIN,OHIO,OH,41.4187123,-82.12707739999999,41.4189913,-82.1268985,41.4185041,-82.1272828,False,,False
lucas,Lucas County Board of Elections,3737 W. Sylvania Ave Toledo OH 43623-4422,3737 W. Sylvania Ave,Toledo,OH,43623-4422,Locality wide location,true,false,"From: 2022-10-12, To: 2022-11-05, Times: 00:00:00 - 23:59:59; From: 2022-11-08, To: 2022-11-08, Times: 00:00:00 - 19:30:00; From: 2022-11-06, To: 2022-11-06, Times: 00:00:00 - 23:59:59; From: 2022-11-07, To: 2022-11-07, Times: 00:00:00 - 23:59:59",,39095,"3737 W Sylvania Ave, Toledo, OH 43623, USA",TOLEDO,LUCAS,OHIO,OH,41.69059559999999,-83.6339285,41.6909993,-83.6334033,41.6899349,-83.6344996,False,,False
madison,Madison County Board of Elections,1423 State Rte 38 SE London OH 43064,1423 State Rte 38 SE,London,OH,43064,Locality wide location,true,false,"From: 2022-10-12, To: 2022-11-05, Times: 00:00:00 - 23:59:59; From: 2022-11-08, To: 2022-11-08, Times: 00:00:00 - 19:30:00; From: 2022-11-06, To: 2022-11-06, Times: 00:00:00 - 23:59:59; From: 2022-11-07, To: 2022-11-07, Times: 00:00:00 - 23:59:59",,39097,"1423 OH-38, London, OH 43140, USA",LONDON,MADISON,OHIO,OH,39.9151444,-83.4525797,39.9152234,-83.4523806,39.9150351,-83.4527662,False,,False
mahoning,Mahoning County Board of Elections,345 Oak Hill Ave. Youngstown OH 44502,345 Oak Hill Ave.,Youngstown,OH,44502,Locality wide location,true,false,"From: 2022-10-12, To: 2022-11-05, Times: 00:00:00 - 23:59:59; From: 2022-11-08, To: 2022-11-08, Times: 00:00:00 - 19:30:00; From: 2022-11-06, To: 2022-11-06, Times: 00:00:00 - 23:59:59; From: 2022-11-07, To: 2022-11-07, Times: 00:00:00 - 23:59:59",,39099,"345 Oak Hill Ave, Youngstown, OH 44502, USA",YOUNGSTOWN,MAHONING,OHIO,OH,41.0965781,-80.658442,41.0973049,-80.6580171,41.096146,-80.6593796,False,,False
marion,Marion County Building,222 W Center St Marion OH 43302,222 W Center St,Marion,OH,43302,Locality wide location,true,false,"From: 2022-10-12, To: 2022-11-05, Times: 00:00:00 - 23:59:59; From: 2022-11-08, To: 2022-11-08, Times: 00:00:00 - 19:30:00; From: 2022-11-06, To: 2022-11-06, Times: 00:00:00 - 23:59:59; From: 2022-11-07, To: 2022-11-07, Times: 00:00:00 - 23:59:59",,39101,"222 W Center St, Marion, OH 43302, USA",MARION,MARION,OHIO,OH,40.5889289,-83.1324818,40.5891525,-83.1319702,40.588613,-83.13316739999999,False,,False
medina,Medina County Board of Elections Office,3800 Stonegate Dr Medina OH 44256,3800 Stonegate Dr,Medina,OH,44256,Locality wide location,true,false,"From: 2022-10-12, To: 2022-11-05, Times: 00:00:00 - 23:59:59; From: 2022-11-08, To: 2022-11-08, Times: 00:00:00 - 19:30:00; From: 2022-11-06, To: 2022-11-06, Times: 00:00:00 - 23:59:59; From: 2022-11-07, To: 2022-11-07, Times: 00:00:00 - 23:59:59",,39103,"3800 Stonegate Dr, Medina, OH 44256, USA",MEDINA,MEDINA,OHIO,OH,41.1633461,-81.85913430000001,41.1644195,-81.8581876,41.16273289999999,-81.85955419999999,False,,False
meigs,Meigs County Ballot Drop Box,113 E. MEMORIAL DR. Pomeroy OH 45769,113 E. MEMORIAL DR.,Pomeroy,OH,45769,Locality wide location,true,false,"From: 2022-10-12, To: 2022-11-05, Times: 00:00:00 - 23:59:59; From: 2022-11-08, To: 2022-11-08, Times: 00:00:00 - 19:30:00; From: 2022-11-06, To: 2022-11-06, Times: 00:00:00 - 23:59:59; From: 2022-11-07, To: 2022-11-07, Times: 00:00:00 - 23:59:59",3964024,39105,"113 E Memorial Dr, Pomeroy, OH 45769, USA",POMEROY,MEIGS,OHIO,OH,39.0378228,-82.0454264,,,,,False,,False
mercer,Mercer County Ballot Drop Box,101 N Main St. Celina OH 45822,101 N Main St.,Celina,OH,45822,Locality wide location,true,false,"From: 2022-10-12, To: 2022-11-05, Times: 00:00:00 - 23:59:59; From: 2022-11-08, To: 2022-11-08, Times: 00:00:00 - 19:30:00; From: 2022-11-06, To: 2022-11-06, Times: 00:00:00 - 23:59:59; From: 2022-11-07, To: 2022-11-07, Times: 00:00:00 - 23:59:59",3912868,39107,"101 N Main St, Celina, OH 45822, USA",CELINA,MERCER,OHIO,OH,40.5495289,-84.57159589999999,40.5497627,-84.5714289,40.5492874,-84.5718164,False,,False
miami,Miami County Board of Elections Ballot Drop Box,215 W Main St Troy OH 45373,215 W Main St,Troy,OH,45373,Locality wide location,true,false,"From: 2022-10-12, To: 2022-11-05, Times: 00:00:00 - 23:59:59; From: 2022-11-08, To: 2022-11-08, Times: 00:00:00 - 19:30:00; From: 2022-11-06, To: 2022-11-06, Times: 00:00:00 - 23:59:59; From: 2022-11-07, To: 2022-11-07, Times: 00:00:00 - 23:59:59",,39109,"215 W Main St, Troy, OH 45373, USA",TROY,MIAMI,OHIO,OH,40.041179,-84.205266,40.0413905,-84.2050458,40.0409645,-84.205601,False,,False
monroe,Monroe County Board of Elections,117 N. Main St. Woodsfield OH 43793,117 N. Main St.,Woodsfield,OH,43793,Locality wide location,true,false,"From: 2022-10-12, To: 2022-11-05, Times: 00:00:00 - 23:59:59; From: 2022-11-08, To: 2022-11-08, Times: 00:00:00 - 19:30:00; From: 2022-11-06, To: 2022-11-06, Times: 00:00:00 - 23:59:59; From: 2022-11-07, To: 2022-11-07, Times: 00:00:00 - 23:59:59",3986436,39111,"117 N Main St, Woodsfield, OH 43793, USA",WOODSFIELD,MONROE,OHIO,OH,39.76331709999999,-81.11577199999999,39.7634277,-81.11561619999999,39.7631619,-81.1159983,False,,False
montgomery,Montgomery County Exterior Drop Box,451 W. Third St. Dayton OH 45422,451 W. Third St.,Dayton,OH,45422,Locality wide location,true,false,"From: 2022-10-12, To: 2022-11-05, Times: 00:00:00 - 23:59:59; From: 2022-11-08, To: 2022-11-08, Times: 00:00:00 - 19:30:00; From: 2022-11-06, To: 2022-11-06, Times: 00:00:00 - 23:59:59; From: 2022-11-07, To: 2022-11-07, Times: 00:00:00 - 23:59:59",,39113,"451 W Third St, Dayton, OH 45422, USA",DAYTON,MONTGOMERY,OHIO,OH,39.7586803,-84.2004686,39.7588289,-84.20014789999999,39.7585296,-84.2007054,False,,False
montgomery,Montgomery County Interior Drop Box,451 W. Third St. Dayton OH 45422,451 W. Third St.,Dayton,OH,45422,Locality wide location,true,false,"From: 2022-10-12, To: 2022-10-14, Times: 08:00:00 - 17:00:00; From: 2022-10-17, To: 2022-10-21, Times: 08:00:00 - 17:00:00; From: 2022-10-24, To: 2022-10-28, Times: 08:00:00 - 17:00:00; From: 2022-10-31, To: 2022-11-04, Times: 08:00:00 - 17:00:00; From: 2022-11-07, To: 2022-11-07, Times: 08:00:00 - 17:00:00",,39113,"451 W Third St, Dayton, OH 45422, USA",DAYTON,MONTGOMERY,OHIO,OH,39.7586803,-84.2004686,39.7588289,-84.20014789999999,39.7585296,-84.2007054,False,,True
morgan,Morgan County Board of Elections,155 E. Main St McConnelsville OH 43756,155 E. Main St,McConnelsville,OH,43756,Locality wide location,true,false,"From: 2022-10-12, To: 2022-11-05, Times: 00:00:00 - 23:59:59; From: 2022-11-08, To: 2022-11-08, Times: 00:00:00 - 19:30:00; From: 2022-11-06, To: 2022-11-06, Times: 00:00:00 - 23:59:59; From: 2022-11-07, To: 2022-11-07, Times: 00:00:00 - 23:59:59",3945822,39115,"155 E Main St, McConnelsville, OH 43756, USA",MCCONNELSVILLE,MORGAN,OHIO,OH,39.6488119,-81.85131679999999,,,,,False,,False
morrow,Morrow County Board of Elections,619 W. Marion Rd Mt. Gilead OH 43338,619 W. Marion Rd,Mt. Gilead,OH,43338,Locality wide location,true,false,"From: 2022-10-12, To: 2022-11-05, Times: 00:00:00 - 23:59:59; From: 2022-11-08, To: 2022-11-08, Times: 00:00:00 - 19:30:00; From: 2022-11-06, To: 2022-11-06, Times: 00:00:00 - 23:59:59; From: 2022-11-07, To: 2022-11-07, Times: 00:00:00 - 23:59:59",,39117,"619 W Marion St, Mt Gilead, OH 43338, USA",MOUNT GILEAD,MORROW,OHIO,OH,40.547968,-82.8491276,40.5483579,-82.8488955,40.5476198,-82.8493012,False,,False
muskingum,Muskingum County Board of Elections,627 Market St Zanesville OH 43701,627 Market St,Zanesville,OH,43701,Locality wide location,true,false,"From: 2022-10-12, To: 2022-11-05, Times: 00:00:00 - 23:59:59; From: 2022-11-08, To: 2022-11-08, Times: 00:00:00 - 19:30:00; From: 2022-11-06, To: 2022-11-06, Times: 00:00:00 - 23:59:59; From: 2022-11-07, To: 2022-11-07, Times: 00:00:00 - 23:59:59",,39119,"627 Market St, Zanesville, OH 43701, USA",ZANESVILLE,MUSKINGUM,OHIO,OH,39.9420493,-82.0040566,39.9422427,-82.0039153,39.9417823,-82.00422370000001,False,,False
noble,Noble County Ballot Drop Box,140 Courthouse Caldwell OH 43724,140 Courthouse,Caldwell,OH,43724,Locality wide location,true,false,"From: 2022-10-12, To: 2022-11-05, Times: 00:00:00 - 23:59:59; From: 2022-11-08, To: 2022-11-08, Times: 00:00:00 - 19:30:00; From: 2022-11-06, To: 2022-11-06, Times: 00:00:00 - 23:59:59; From: 2022-11-07, To: 2022-11-07, Times: 00:00:00 - 23:59:59",3910940,39121,"140 Courthouse, Caldwell, OH 43724, USA",CALDWELL,NOBLE,OHIO,OH,39.74723609999999,-81.5161822,39.7474853,-81.5159832,39.7471317,-81.51629779999999,False,,False
ottawa,Ottawa County Board of Elections,8444 W SR163 Oak Harbor OH 43449,8444 W SR163,Oak Harbor,OH,43449,Locality wide location,true,false,"From: 2022-10-12, To: 2022-11-05, Times: 00:00:00 - 23:59:59; From: 2022-11-08, To: 2022-11-08, Times: 00:00:00 - 19:30:00; From: 2022-11-06, To: 2022-11-06, Times: 00:00:00 - 23:59:59; From: 2022-11-07, To: 2022-11-07, Times: 00:00:00 - 23:59:59",,39123,"8444 W State Rte 163, Oak Harbor, OH 43449, USA",OAK HARBOR,OTTAWA,OHIO,OH,41.5079142,-83.09575660000002,,,,,False,,False
paulding,Paulding County Election Board,105 E. Perry St Paulding OH 45879,105 E. Perry St,Paulding,OH,45879,Locality wide location,true,false,"From: 2022-10-12, To: 2022-11-05, Times: 00:00:00 - 23:59:59; From: 2022-11-08, To: 2022-11-08, Times: 00:00:00 - 19:30:00; From: 2022-11-06, To: 2022-11-06, Times: 00:00:00 - 23:59:59; From: 2022-11-07, To: 2022-11-07, Times: 00:00:00 - 23:59:59",,39125,"105 E Perry St, Paulding, OH 45879, USA",PAULDING,PAULDING,OHIO,OH,41.13714299999999,-84.58047499999999,,,,,False,,False
perry,Perry County Board of Elections,200 S. Jackson St New Lexington OH 43764,200 S. Jackson St,New Lexington,OH,43764,Locality wide location,true,false,"From: 2022-10-12, To: 2022-11-05, Times: 00:00:00 - 23:59:59; From: 2022-11-08, To: 2022-11-08, Times: 00:00:00 - 19:30:00; From: 2022-11-06, To: 2022-11-06, Times: 00:00:00 - 23:59:59; From: 2022-11-07, To: 2022-11-07, Times: 00:00:00 - 23:59:59",,39127,"200 S Jackson St, New Lexington, OH 43764, USA",NEW LEXINGTON,PERRY,OHIO,OH,39.7135261,-82.2061542,39.7136726,-82.20593679999999,39.7134085,-82.2063119,False,,False
pickaway,Pickaway County Board of Elections,141 W Main St Circleville OH 43113,141 W Main St,Circleville,OH,43113,Locality wide location,true,false,"From: 2022-10-12, To: 2022-11-05, Times: 00:00:00 - 23:59:59; From: 2022-11-08, To: 2022-11-08, Times: 00:00:00 - 19:30:00; From: 2022-11-06, To: 2022-11-06, Times: 00:00:00 - 23:59:59; From: 2022-11-07, To: 2022-11-07, Times: 00:00:00 - 23:59:59",,39129,"141 W Main St, Circleville, OH 43113, USA",CIRCLEVILLE,PICKAWAY,OHIO,OH,39.6019547,-82.9468788,39.6022896,-82.9466516,39.6017711,-82.947091,False,,False
pike,Pike County Board of Elections,230 Waverly Plz Waverly OH 45690,230 Waverly Plz,Waverly,OH,45690,Locality wide location,true,false,"From: 2022-10-12, To: 2022-11-05, Times: 00:00:00 - 23:59:59; From: 2022-11-08, To: 2022-11-08, Times: 00:00:00 - 19:30:00; From: 2022-11-06, To: 2022-11-06, Times: 00:00:00 - 23:59:59; From: 2022-11-07, To: 2022-11-07, Times: 00:00:00 - 23:59:59",3981935,39131,"230 Waverly Plaza, Waverly, OH 45690, USA",WAVERLY,PIKE,OHIO,OH,39.1333682,-82.9768691,39.1341121,-82.9761647,39.1322783,-82.9773457,False,,False
portage,Administration Building,449 S Meridian St Ravenna OH 44266,449 S Meridian St,Ravenna,OH,44266,Locality wide location,true,false,"From: 2022-10-12, To: 2022-11-05, Times: 00:00:00 - 23:59:59; From: 2022-11-08, To: 2022-11-08, Times: 00:00:00 - 19:30:00; From: 2022-11-06, To: 2022-11-06, Times: 00:00:00 - 23:59:59; From: 2022-11-07, To: 2022-11-07, Times: 00:00:00 - 23:59:59",,39133,"449 S Meridian St, Ravenna, OH 44266, USA",RAVENNA,PORTAGE,OHIO,OH,41.1526921,-81.24397429999999,41.1531891,-81.2437058,41.1524717,-81.2449925,False,,False
preble,Courthouse,101 E. Main St Eaton OH 45320,101 E. Main St,Eaton,OH,45320,Locality wide location,true,false,"From: 2022-10-12, To: 2022-11-05, Times: 00:00:00 - 23:59:59; From: 2022-11-08, To: 2022-11-08, Times: 00:00:00 - 19:30:00; From: 2022-11-06, To: 2022-11-06, Times: 00:00:00 - 23:59:59; From: 2022-11-07, To: 2022-11-07, Times: 00:00:00 - 23:59:59",,39135,"101 E Main St, Eaton, OH 45320, USA",EATON,PREBLE,OHIO,OH,39.7434827,-84.6358949,39.7436332,-84.63561829999999,39.7433962,-84.63612859999999,False,,False
putnam,Putnam County Board of Election,575 Ottawa-Glandorf Rd Ottawa OH 45875,575 Ottawa-Glandorf Rd,Ottawa,OH,45875,Locality wide location,true,false,"From: 2022-10-12, To: 2022-11-05, Times: 00:00:00 - 23:59:59; From: 2022-11-08, To: 2022-11-08, Times: 00:00:00 - 19:30:00; From: 2022-11-06, To: 2022-11-06, Times: 00:00:00 - 23:59:59; From: 2022-11-07, To: 2022-11-07, Times: 00:00:00 - 23:59:59",,39137,"575 Ottawa-Glandorf Rd, Ottawa, OH 45875, USA",OTTAWA,PUTNAM,OHIO,OH,41.0222516,-84.06418889999999,41.0223567,-84.06404069999999,41.0221878,-84.064611,False,,False
richland,Board of Elections Office,1495 West Longview Ave Mansfield OH 44906,1495 West Longview Ave,Mansfield,OH,44906,Locality wide location,true,false,"From: 2022-10-12, To: 2022-11-05, Times: 00:00:00 - 23:59:59; From: 2022-11-08, To: 2022-11-08, Times: 00:00:00 - 19:30:00; From: 2022-11-06, To: 2022-11-06, Times: 00:00:00 - 23:59:59; From: 2022-11-07, To: 2022-11-07, Times: 00:00:00 - 23:59:59",,39139,"1495 W Longview Ave, Mansfield, OH 44906, USA",MANSFIELD,RICHLAND,OHIO,OH,40.7755022,-82.5624442,40.77569039999999,-82.5620356,40.7753332,-82.56293149999999,False,,False
ross,Ross County Board of Election Drop Box,475 Western Ave Chillicothe OH 45601,475 Western Ave,Chillicothe,OH,45601,Locality wide location,true,false,"From: 2022-10-12, To: 2022-10-14, Times: 08:00:00 - 17:00:00; From: 2022-10-17, To: 2022-10-21, Times: 08:00:00 - 17:00:00; From: 2022-10-24, To: 2022-10-28, Times: 08:00:00 - 17:00:00; From: 2022-10-29, To: 2022-10-29, Times: 08:00:00 - 16:00:00; From: 2022-10-31, To: 2022-11-04, Times: 08:00:00 - 19:00:00; From: 2022-11-05, To: 2022-11-05, Times: 08:00:00 - 16:00:00; From: 2022-11-06, To: 2022-11-06, Times: 13:00:00 - 17:00:00; From: 2022-11-07, To: 2022-11-07, Times: 08:00:00 - 14:00:00",3914184,39141,"475 Western Ave, Chillicothe, OH 45601, USA",CHILLICOTHE,ROSS,OHIO,OH,39.3353313,-83.0034038,39.3360852,-83.0030771,39.3348918,-83.0038204,False,,False
ross,Ross County Service Center,475 Western Ave Chillicothe OH 45601,475 Western Ave,Chillicothe,OH,45601,Locality wide location,true,false,"From: 2022-10-12, To: 2022-11-05, Times: 00:00:00 - 23:59:59; From: 2022-11-08, To: 2022-11-08, Times: 00:00:00 - 19:30:00; From: 2022-11-06, To: 2022-11-06, Times: 00:00:00 - 23:59:59; From: 2022-11-07, To: 2022-11-07, Times: 00:00:00 - 23:59:59",3914184,39141,"475 Western Ave, Chillicothe, OH 45601, USA",CHILLICOTHE,ROSS,OHIO,OH,39.3353313,-83.0034038,39.3360852,-83.0030771,39.3348918,-83.0038204,False,,True
sandusky,Sandusky County Board of Elections,2020 Countryside Dr. Fremont OH 43420,2020 Countryside Dr.,Fremont,OH,43420,Locality wide location,true,false,"From: 2022-10-12, To: 2022-11-05, Times: 00:00:00 - 23:59:59; From: 2022-11-08, To: 2022-11-08, Times: 00:00:00 - 19:30:00; From: 2022-11-06, To: 2022-11-06, Times: 00:00:00 - 23:59:59; From: 2022-11-07, To: 2022-11-07, Times: 00:00:00 - 23:59:59",,39143,"2020 Countryside Dr, Fremont, OH 43420, USA",FREMONT,SANDUSKY,OHIO,OH,41.3586525,-83.08650750000001,41.3588137,-83.086286,41.3585017,-83.0866458,False,,False
scioto,County Court House,602 7th St Portsmouth OH 45662,602 7th St,Portsmouth,OH,45662,Locality wide location,true,false,"From: 2022-10-12, To: 2022-11-05, Times: 00:00:00 - 23:59:59; From: 2022-11-08, To: 2022-11-08, Times: 00:00:00 - 19:30:00; From: 2022-11-06, To: 2022-11-06, Times: 00:00:00 - 23:59:59; From: 2022-11-07, To: 2022-11-07, Times: 00:00:00 - 23:59:59",,39145,"Scioto County Courthouse, 602 7th St, Portsmouth, OH 45662, USA",PORTSMOUTH,SCIOTO,OHIO,OH,38.7352774,-83.0001685,38.7355306,-82.9997708,38.735054,-83.0003172,False,,False
seneca,Seneca County Board of Elections,71 S. Washington St. Tiffin OH 44883,71 S. Washington St.,Tiffin,OH,44883,Locality wide location,true,false,"From: 2022-10-12, To: 2022-11-05, Times: 00:00:00 - 23:59:59; From: 2022-11-08, To: 2022-11-08, Times: 00:00:00 - 19:30:00; From: 2022-11-06, To: 2022-11-06, Times: 00:00:00 - 23:59:59; From: 2022-11-07, To: 2022-11-07, Times: 00:00:00 - 23:59:59",,39147,"71 S Washington St, Tiffin, OH 44883, USA",TIFFIN,SENECA,OHIO,OH,41.1154697,-83.1761631,41.1156171,-83.1761257,41.1153493,-83.1765617,False,,False
shelby,Shelby County Board of Elections,230 E. Court St. Sidney OH 45365,230 E. Court St.,Sidney,OH,45365,Locality wide location,true,false,"From: 2022-10-12, To: 2022-11-05, Times: 00:00:00 - 23:59:59; From: 2022-11-08, To: 2022-11-08, Times: 00:00:00 - 19:30:00; From: 2022-11-06, To: 2022-11-06, Times: 00:00:00 - 23:59:59; From: 2022-11-07, To: 2022-11-07, Times: 00:00:00 - 23:59:59",3972424,39149,"230 E Court St, Sidney, OH 45365, USA",SIDNEY,SHELBY,OHIO,OH,40.2846646,-84.15385979999999,40.2849074,-84.1538048,40.2845673,-84.1540271,False,,False
stark,Stark County Board of Elections,3525 Regent Ave NE Canton OH 44705,3525 Regent Ave NE,Canton,OH,44705,Locality wide location,true,false,"From: 2022-10-12, To: 2022-11-05, Times: 00:00:00 - 23:59:59; From: 2022-11-08, To: 2022-11-08, Times: 00:00:00 - 19:30:00; From: 2022-11-06, To: 2022-11-06, Times: 00:00:00 - 23:59:59; From: 2022-11-07, To: 2022-11-07, Times: 00:00:00 - 23:59:59",,39151,"3525 Regent Ave NE, Canton, OH 44705, USA",CANTON,STARK,OHIO,OH,40.834285,-81.33590250000002,40.83453129999999,-81.3356309,40.8339642,-81.3361244,False,,False
summit,Summit County Board of Elections,470 Grant St Akron OH 44311,470 Grant St,Akron,OH,44311,Locality wide location,true,false,"From: 2022-10-12, To: 2022-11-05, Times: 00:00:00 - 23:59:59; From: 2022-11-08, To: 2022-11-08, Times: 00:00:00 - 19:30:00; From: 2022-11-06, To: 2022-11-06, Times: 00:00:00 - 23:59:59; From: 2022-11-07, To: 2022-11-07, Times: 00:00:00 - 23:59:59",,39153,"Parking lot, 470 Grant St, Akron, OH 44311, USA",AKRON,SUMMIT,OHIO,OH,41.0702165,-81.5187483,41.0704207,-81.51840860000001,41.0699869,-81.5192384,False,,False
trumbull,Trumbull County Board of Elections,2947 Youngstown Rd. S.E. Warren OH 44484,2947 Youngstown Rd. S.E.,Warren,OH,44484,Locality wide location,true,false,"From: 2022-10-12, To: 2022-11-05, Times: 00:00:00 - 23:59:59; From: 2022-11-08, To: 2022-11-08, Times: 00:00:00 - 19:30:00; From: 2022-11-06, To: 2022-11-06, Times: 00:00:00 - 23:59:59; From: 2022-11-07, To: 2022-11-07, Times: 00:00:00 - 23:59:59",,39155,"2947 Youngstown Rd SE, Warren, OH 44484, USA",WARREN,TRUMBULL,OHIO,OH,41.2216645,-80.7817953,41.2219629,-80.7813482,41.2213476,-80.7821362,False,,False
union,Union County Board of Elections,835 E 5th St Marysville OH 43040,835 E 5th St,Marysville,OH,43040,Locality wide location,true,false,"From: 2022-10-12, To: 2022-11-05, Times: 00:00:00 - 23:59:59; From: 2022-11-08, To: 2022-11-08, Times: 00:00:00 - 19:30:00; From: 2022-11-06, To: 2022-11-06, Times: 00:00:00 - 23:59:59; From: 2022-11-07, To: 2022-11-07, Times: 00:00:00 - 23:59:59",3948160,39159,"Five Points Shopping Center, 835 E 5th St, Marysville, OH 43040, USA",MARYSVILLE,UNION,OHIO,OH,40.2348635,-83.35493679999999,40.2351018,-83.35471129999999,40.2346802,-83.355122,False,,False
van_wert,Van Wert County Board of Elections,1362 E. Ervin Rd Van Wert OH 45891,1362 E. Ervin Rd,Van Wert,OH,45891,Locality wide location,true,false,"From: 2022-10-12, To: 2022-11-05, Times: 00:00:00 - 23:59:59; From: 2022-11-08, To: 2022-11-08, Times: 00:00:00 - 19:30:00; From: 2022-11-06, To: 2022-11-06, Times: 00:00:00 - 23:59:59; From: 2022-11-07, To: 2022-11-07, Times: 00:00:00 - 23:59:59",,,"1362 E Ervin Rd, Van Wert, OH 45891, USA",VAN WERT,VAN WERT,OHIO,OH,40.8586232,-84.5610976,40.8587634,-84.560902,40.8584756,-84.5612871,False,,False
vinton,Vinton County Board of Elections,31935 St. Rt. 93 McArthur OH 45651,31935 St. Rt. 93,McArthur,OH,45651,Locality wide location,true,false,"From: 2022-10-12, To: 2022-11-05, Times: 00:00:00 - 23:59:59; From: 2022-11-08, To: 2022-11-08, Times: 00:00:00 - 19:30:00; From: 2022-11-06, To: 2022-11-06, Times: 00:00:00 - 23:59:59; From: 2022-11-07, To: 2022-11-07, Times: 00:00:00 - 23:59:59",,39163,"31935 OH-93, Allensville, OH 45651, USA",ALLENSVILLE,VINTON,OHIO,OH,39.2604647,-82.4775602,39.26057650000001,-82.4773484,39.2602695,-82.4777338,False,,False
warren,Warren County Board of Elections,520 Justice Dr Lebanon OH 45036,520 Justice Dr,Lebanon,OH,45036,Locality wide location,true,false,"From: 2022-10-12, To: 2022-11-05, Times: 00:00:00 - 23:59:59; From: 2022-11-08, To: 2022-11-08, Times: 00:00:00 - 19:30:00; From: 2022-11-06, To: 2022-11-06, Times: 00:00:00 - 23:59:59; From: 2022-11-07, To: 2022-11-07, Times: 00:00:00 - 23:59:59",,39165,"520 Justice Dr, Lebanon, OH 45036, USA",LEBANON,WARREN,OHIO,OH,39.423658,-84.1993569,,,,,False,,False
washington,Washington County Board of Elections,204 Davis Ave Marietta OH 45750,204 Davis Ave,Marietta,OH,45750,Locality wide location,true,false,"From: 2022-10-12, To: 2022-11-05, Times: 00:00:00 - 23:59:59; From: 2022-11-08, To: 2022-11-08, Times: 00:00:00 - 19:30:00; From: 2022-11-06, To: 2022-11-06, Times: 00:00:00 - 23:59:59; From: 2022-11-07, To: 2022-11-07, Times: 00:00:00 - 23:59:59",,39167,"204 Davis Ave, Marietta, OH 45750, USA",MARIETTA,WASHINGTON,OHIO,OH,39.4394858,-81.4557502,39.439683,-81.4554256,39.4392425,-81.4561485,False,,False
wayne,Wayne County Board of Elections,200 Vanover St Wooster OH 44691,200 Vanover St,Wooster,OH,44691,Locality wide location,true,false,"From: 2022-10-12, To: 2022-11-05, Times: 00:00:00 - 23:59:59; From: 2022-11-08, To: 2022-11-08, Times: 00:00:00 - 19:30:00; From: 2022-11-06, To: 2022-11-06, Times: 00:00:00 - 23:59:59; From: 2022-11-07, To: 2022-11-07, Times: 00:00:00 - 23:59:59",,39169,"200 Vanover St, Wooster, OH 44691, USA",WOOSTER,WAYNE,OHIO,OH,40.7967778,-81.94813429999999,40.7971347,-81.9478348,40.796632,-81.9483466,False,,False
williams,Williams County Board of Elections,1425 E. High St. Bryan OH 43506,1425 E. High St.,Bryan,OH,43506,Locality wide location,true,false,"From: 2022-10-12, To: 2022-11-05, Times: 00:00:00 - 23:59:59; From: 2022-11-08, To: 2022-11-08, Times: 00:00:00 - 19:30:00; From: 2022-11-06, To: 2022-11-06, Times: 00:00:00 - 23:59:59; From: 2022-11-07, To: 2022-11-07, Times: 00:00:00 - 23:59:59",,39171,"1425 E High St, Bryan, OH 43506, USA",BRYAN,WILLIAMS,OHIO,OH,41.4776561,-84.5291817,41.477918,-84.528849,41.4773273,-84.52967319999999,False,,False
wood,Wood County Board of Elections,1 Courthouse Sq Bowling Green OH 43402,1 Courthouse Sq,Bowling Green,OH,43402,Locality wide location,true,false,"From: 2022-10-12, To: 2022-11-05, Times: 00:00:00 - 23:59:59; From: 2022-11-08, To: 2022-11-08, Times: 00:00:00 - 19:30:00; From: 2022-11-06, To: 2022-11-06, Times: 00:00:00 - 23:59:59; From: 2022-11-07, To: 2022-11-07, Times: 00:00:00 - 23:59:59",,39173,"Court House, 1 Court House Square, Bowling Green, OH 43402, USA",BOWLING GREEN,WOOD,OHIO,OH,41.37653479999999,-83.6480182,41.3767561,-83.64764230000002,41.3763425,-83.648324,False,,False
wyandot,Wyandot County Board of Elections Office,350 N. Warpole St. Upper Sandusky OH 43351,350 N. Warpole St.,Upper Sandusky,OH,43351,Locality wide location,true,false,"From: 2022-10-12, To: 2022-11-05, Times: 00:00:00 - 23:59:59; From: 2022-11-08, To: 2022-11-08, Times: 00:00:00 - 19:30:00; From: 2022-11-06, To: 2022-11-06, Times: 00:00:00 - 23:59:59; From: 2022-11-07, To: 2022-11-07, Times: 00:00:00 - 23:59:59",,39175,"350 N Warpole St, Upper Sandusky, OH 43351, USA",UPPER SANDUSKY,WYANDOT,OHIO,OH,40.83187900000001,-83.29069210000002,40.8319293,-83.290447,40.8318338,-83.2907369,False,,False
